0.175526 0 0.035234 -0.279208 0.0179448 0.960063 0.179027 0.198101 0 0 0
0.175525 0.00195897 0.035184 -0.279587 0.02007 0.959911 0.179027 0.197817 0.0111602 0 1
0.175514 0.00391818 0.0350747 -0.279894 0.0244387 0.95972 0.179027 0.197194 0.0223204 0 2
0.175495 0.00587787 0.0348946 -0.280131 0.0303663 0.959481 0.179027 0.196168 0.0334806 0 3
0.175461 0.0078379 0.0346812 -0.280046 0.0379511 0.959236 0.179027 0.194953 0.0446407 0 4
0.175418 0.00979866 0.0343974 -0.279559 0.0465421 0.959 0.179027 0.193337 0.0558009 0 5
0.175357 0.0117597 0.0340938 -0.278489 0.0552135 0.958851 0.179027 0.19161 0.0669611 0 6
0.175277 0.0137208 0.0337709 -0.276854 0.0629467 0.958848 0.179027 0.189773 0.0781213 0 7
0.175176 0.0156817 0.0334387 -0.274596 0.0695466 0.959041 0.179027 0.187883 0.0892815 0 8
0.175049 0.0176416 0.0331248 -0.27167 0.074606 0.959494 0.179027 0.186099 0.100442 0 9
0.174897 0.0196003 0.0328268 -0.268421 0.0781792 0.960124 0.179027 0.184405 0.111602 0 10
0.174716 0.0215569 0.0325609 -0.264939 0.0795902 0.960975 0.179027 0.182895 0.122762 0 11
0.174506 0.023511 0.0323348 -0.261119 0.0786255 0.962099 0.179027 0.181611 0.133922 0 12
0.174264 0.0254615 0.032165 -0.257233 0.0750673 0.963429 0.179027 0.180647 0.145082 0 13
0.173989 0.027408 0.0320489 -0.253464 0.068848 0.964892 0.179027 0.179987 0.156243 0 14
0.173683 0.0293497 0.0319932 -0.249705 0.0606493 0.966421 0.179027 0.179671 0.167403 0 15
0.173344 0.0312861 0.031995 -0.245932 0.0505649 0.967967 0.179027 0.179682 0.178563 0 16
0.172978 0.0332174 0.0320304 -0.242233 0.0394577 0.969416 0.179027 0.179882 0.189723 0 17
0.172582 0.0351428 0.0321111 -0.238728 0.0279626 0.970684 0.179027 0.180341 0.200883 0 18
0.172163 0.0370631 0.0322035 -0.235401 0.0159761 0.971767 0.179027 0.180865 0.212044 0 19
0.171716 0.0389772 0.0323252 -0.231969 0.00401393 0.972715 0.179027 0.181556 0.223204 0 20
0.171248 0.0408857 0.0324513 -0.228599 -0.00751884 0.973492 0.179027 0.182272 0.234364 0 21
0.170758 0.0427885 0.0325798 -0.225133 -0.0183103 0.974156 0.179027 0.183002 0.245524 0 22
0.170247 0.0446856 0.0327062 -0.2217 -0.0280683 0.974711 0.179027 0.183721 0.256684 0 23
0.169717 0.0465771 0.0328211 -0.218122 -0.0367363 0.97523 0.179027 0.184373 0.267844 0 24
0.169166 0.0484623 0.0329365 -0.214512 -0.0443485 0.975714 0.179027 0.185029 0.279005 0 25
0.168594 0.0503409 0.0330521 -0.2107 -0.0510145 0.976219 0.179027 0.185686 0.290165 0 26
0.168002 0.0522133 0.0331603 -0.206534 -0.0571298 0.97677 0.179027 0.186301 0.301325 0 27
0.167391 0.0540789 0.0332642 -0.202229 -0.0618359 0.977384 0.179027 0.186891 0.312485 0 28
0.16676 0.0559381 0.0333559 -0.198566 -0.0649966 0.97793 0.179027 0.187413 0.323645 0 29
0.166113 0.0577914 0.0334243 -0.195685 -0.0666248 0.978401 0.179027 0.187802 0.334806 0 30
0.16545 0.0596386 0.0334707 -0.19366 -0.0667546 0.978795 0.179027 0.188065 0.345966 0 31
0.164772 0.0614805 0.0334817 -0.192778 -0.0656519 0.979044 0.179027 0.188128 0.357126 0 32
0.16408 0.0633171 0.0334589 -0.19288 -0.0636695 0.979155 0.179027 0.187999 0.368286 0 33
0.163374 0.0651486 0.0333973 -0.193852 -0.0610477 0.979129 0.179027 0.187648 0.379446 0 34
0.162655 0.0669757 0.0332885 -0.196718 -0.0572416 0.978788 0.179027 0.18703 0.390607 0 35
0.161925 0.0687983 0.0331317 -0.200953 -0.0525757 0.978189 0.179027 0.186138 0.401767 0 36
0.161183 0.0706167 0.0329244 -0.206303 -0.0474703 0.977336 0.179027 0.184961 0.412927 0 37
0.160426 0.0724299 0.03268 -0.212812 -0.0420077 0.97619 0.179027 0.183571 0.424087 0 38
0.159654 0.0742372 0.0324041 -0.220699 -0.0366637 0.974653 0.179027 0.182004 0.435247 0 39
0.158866 0.0760382 0.032102 -0.22917 -0.0312489 0.972885 0.179027 0.180289 0.446407 0 40
0.158061 0.0778327 0.0317733 -0.238239 -0.0256096 0.970869 0.179027 0.178423 0.457568 0 41
0.157236 0.0796192 0.0314354 -0.247713 -0.0202955 0.968621 0.179027 0.176505 0.468728 0 42
0.156394 0.0813979 0.031082 -0.257458 -0.0157717 0.966161 0.179027 0.1745 0.479888 0 43
0.15553 0.0831675 0.0307279 -0.267333 -0.0125413 0.963523 0.179027 0.172492 0.491048 0 44
0.154647 0.0849281 0.030367 -0.277219 -0.0110148 0.960743 0.179027 0.170447 0.502208 0 45
0.153742 0.086678 0.0300183 -0.286348 -0.0109816 0.958063 0.179027 0.168471 0.513369 0 46
0.152813 0.0884159 0.029692 -0.294852 -0.0127722 0.955458 0.179027 0.166622 0.524529 0 47
0.151862 0.0901427 0.0293776 -0.302648 -0.0170553 0.95295 0.179027 0.164842 0.535689 0 48
0.150887 0.0918566 0.0290892 -0.309375 -0.023643 0.950646 0.179027 0.163209 0.546849 0 49
0.149888 0.0935571 0.0288328 -0.315534 -0.0320693 0.948372 0.179027 0.161757 0.558009 0 50
0.148863 0.0952421 0.0286266 -0.319936 -0.043059 0.94646 0.179027 0.16059 0.56917 0 51
0.147812 0.0969112 0.028471 -0.323696 -0.0565113 0.944472 0.179027 0.15971 0.58033 0 52
0.146731 0.0985618 0.0283923 -0.325757 -0.0716238 0.942737 0.179027 0.159265 0.59149 0 53
0.145623 0.100194 0.0283861 -0.32621 -0.088337 0.941161 0.179027 0.159229 0.60265 0 54
0.144487 0.101806 0.0284554 -0.325148 -0.106068 0.939696 0.179027 0.159622 0.61381 0 55
0.143321 0.103397 0.0286146 -0.322311 -0.124288 0.938439 0.179027 0.160523 0.62497 0 56
0.142128 0.104968 0.0288446 -0.31754 -0.14288 0.937418 0.179027 0.161824 0.636131 0 57
0.140908 0.106518 0.0291471 -0.311475 -0.160606 0.936584 0.179027 0.163537 0.647291 0 58
0.139664 0.108048 0.029501 -0.30384 -0.177141 0.93611 0.179027 0.16554 0.658451 0 59
0.1384 0.10956 0.0298775 -0.295266 -0.191234 0.936081 0.179027 0.167673 0.669611 0 60
0.137121 0.11106 0.0302346 -0.286194 -0.20186 0.936667 0.179027 0.169696 0.680771 0 61
0.135833 0.112549 0.0305424 -0.27729 -0.20845 0.937901 0.179027 0.171441 0.691932 0 62
0.134538 0.114032 0.0307718 -0.268711 -0.210062 0.940036 0.179027 0.172741 0.703092 0 63
0.133241 0.115513 0.03089 -0.261247 -0.207274 0.942755 0.179027 0.173411 0.714252 0 64
0.131942 0.116992 0.030901 -0.255418 -0.199477 0.946029 0.179027 0.173474 0.725412 0 65
0.130641 0.118469 0.0308011 -0.251052 -0.187354 0.949669 0.179027 0.172907 0.736572 0 66
0.129338 0.119944 0.0305887 -0.248906 -0.171124 0.95329 0.179027 0.171703 0.747733 0 67
0.12803 0.121417 0.0302788 -0.248281 -0.15271 0.956575 0.179027 0.169946 0.758893 0 68
0.126714 0.122884 0.0298938 -0.248944 -0.133042 0.959337 0.179027 0.167765 0.770053 0 69
0.125388 0.124343 0.0294504 -0.250468 -0.112711 0.961542 0.179027 0.165254 0.781213 0 70
0.124051 0.125794 0.0289481 -0.252309 -0.0927665 0.96319 0.179027 0.16241 0.792373 0 71
0.122699 0.127232 0.0284162 -0.254012 -0.0738072 0.964381 0.179027 0.1594 0.803533 0 72
0.121331 0.128657 0.0278732 -0.254991 -0.0557464 0.965335 0.179027 0.156329 0.814694 0 73
0.119944 0.130064 0.0273372 -0.254956 -0.0400514 0.966123 0.179027 0.153299 0.825854 0 74
0.118538 0.131453 0.0268252 -0.253299 -0.0272046 0.967005 0.179027 0.150405 0.837014 0 75
0.117111 0.132821 0.0263492 -0.250009 -0.017387 0.968087 0.179027 0.147717 0.848174 0 76
0.115662 0.134167 0.0259263 -0.244907 -0.0107755 0.969487 0.179027 0.145329 0.859334 0 77
0.114189 0.135487 0.0255872 -0.238176 -0.00729253 0.971195 0.179027 0.143415 0.870495 0 78
0.112695 0.136784 0.0253096 -0.22955 -0.00683207 0.973273 0.179027 0.141848 0.881655 0 79
0.11118 0.138056 0.0251066 -0.219453 -0.00904211 0.975581 0.179027 0.140703 0.892815 0 80
0.109643 0.139302 0.0249812 -0.208067 -0.0135642 0.978021 0.179027 0.139996 0.903975 0 81
0.108086 0.140522 0.024934 -0.195646 -0.0196492 0.980478 0.179027 0.139729 0.915135 0 82
0.10651 0.141719 0.024941 -0.183274 -0.0263549 0.982709 0.179027 0.139769 0.926296 0 83
0.104918 0.142892 0.0249969 -0.170775 -0.0332163 0.98475 0.179027 0.140084 0.937456 0 84
0.10331 0.144045 0.0250777 -0.158842 -0.0399351 0.986496 0.179027 0.14054 0.948616 0 85
0.101688 0.145178 0.0251708 -0.147797 -0.0462422 0.987936 0.179027 0.141065 0.959776 0 86
0.100055 0.146294 0.0252526 -0.13787 -0.0516033 0.989105 0.179027 0.141526 0.970936 0 87
0.0984113 0.147394 0.025315 -0.129301 -0.0560802 0.990018 0.179027 0.141879 0.982096 0 88
0.096758 0.14848 0.0253432 -0.122173 -0.0596389 0.990715 0.179027 0.142038 0.993257 0 89
0.0950955 0.149551 0.0253363 -0.11655 -0.0625047 0.991216 0.179027 0.141999 1.00442 0 90
0.0934249 0.15061 0.0252799 -0.112629 -0.0645102 0.991541 0.179027 0.141681 1.01558 0 91
0.0917446 0.151654 0.0251932 -0.110241 -0.065896 0.991718 0.179027 0.141192 1.02674 0 92
0.0900559 0.152684 0.0250625 -0.10936 -0.066729 0.99176 0.179027 0.140454 1.0379 0 93
0.0883577 0.153699 0.0249009 -0.109929 -0.0666474 0.991702 0.179027 0.139543 1.04906 0 94
0.08665 0.154699 0.024709 -0.112007 -0.0657686 0.991529 0.179027 0.13846 1.06022 0 95
0.0849322 0.155683 0.0244973 -0.115614 -0.0640721 0.991226 0.179027 0.137266 1.07138 0 96
0.0832046 0.156649 0.0242633 -0.120193 -0.061412 0.990849 0.179027 0.135947 1.08254 0 97
0.0814676 0.1576 0.0240014 -0.125292 -0.057738 0.990438 0.179027 0.13447 1.0937 0 98
0.0797205 0.158532 0.0237245 -0.130537 -0.0534215 0.990003 0.179027 0.13291 1.10486 0 99
0.0779627 0.159446 0.0234438 -0.135201 -0.0491346 0.989599 0.179027 0.131329 1.11602 0 100
0.0761957 0.160342 0.0231364 -0.139268 -0.0447527 0.989243 0.179027 0.129597 1.12718 0 101
0.0744183 0.161219 0.0228275 -0.142728 -0.0400944 0.98895 0.179027 0.127857 1.13834 0 102
0.0726311 0.162076 0.0225085 -0.145247 -0.0355409 0.988757 0.179027 0.12606 1.1495 0 103
0.0708339 0.162914 0.0221886 -0.147297 -0.0309083 0.988609 0.179027 0.12426 1.16066 0 104
0.0690269 0.163731 0.021866 -0.149477 -0.0263443 0.988414 0.179027 0.122444 1.17182 0 105
0.0672101 0.164527 0.0215479 -0.151566 -0.0217885 0.988207 0.179027 0.120654 1.18298 0 106
0.0653838 0.165302 0.0212318 -0.153554 -0.0172749 0.987989 0.179027 0.118875 1.19414 0 107
0.0635482 0.166056 0.0209182 -0.155268 -0.0130544 0.987786 0.179027 0.117111 1.2053 0 108
0.0617039 0.16679 0.020602 -0.156743 -0.00923485 0.987596 0.179027 0.115333 1.21646 0 109
0.0598509 0.167502 0.0202876 -0.158119 -0.00621703 0.987401 0.179027 0.113566 1.22762 0 110
0.0579896 0.168194 0.0199675 -0.15935 -0.00398598 0.987214 0.179027 0.111766 1.23878 0 111
0.0561205 0.168865 0.0196385 -0.160432 -0.00251865 0.987044 0.179027 0.109917 1.24994 0 112
0.0542435 0.169515 0.0193093 -0.161036 -0.00246207 0.986945 0.179027 0.108067 1.2611 0 113
0.0523582 0.170142 0.0189953 -0.160761 -0.00320976 0.986988 0.179027 0.106303 1.27226 0 114
0.0504656 0.170748 0.0186821 -0.159585 -0.00515365 0.987171 0.179027 0.104544 1.28342 0 115
0.0485656 0.171331 0.0183775 -0.157803 -0.00771121 0.987441 0.179027 0.102833 1.29458 0 116
0.0466578 0.171889 0.0181033 -0.154448 -0.0112333 0.987937 0.179027 0.101294 1.30574 0 117
0.0447427 0.172423 0.0178662 -0.149849 -0.015074 0.988594 0.179027 0.0999623 1.3169 0 118
0.0428202 0.17293 0.0176771 -0.143709 -0.0188976 0.98944 0.179027 0.0989011 1.32806 0 119
0.0408907 0.17341 0.0175424 -0.136197 -0.022487 0.990427 0.179027 0.0981449 1.33922 0 120
0.0389547 0.173863 0.0174583 -0.127338 -0.025646 0.991528 0.179027 0.0976727 1.35038 0 121
0.0370125 0.17429 0.0174311 -0.117326 -0.0287595 0.992677 0.179027 0.0975201 1.36154 0 122
0.0350647 0.17469 0.0174555 -0.106312 -0.0309567 0.993851 0.179027 0.0976574 1.3727 0 123
0.0331119 0.175064 0.0175163 -0.0948216 -0.0327124 0.994957 0.179027 0.0979987 1.38386 0 124
0.0311546 0.175414 0.0176035 -0.0839711 -0.0346024 0.995867 0.179027 0.098488 1.39502 0 125
0.0291934 0.175741 0.0177036 -0.0737134 -0.0361463 0.996624 0.179027 0.09905 1.40618 0 126
0.027229 0.176047 0.0177921 -0.0646519 -0.0374952 0.997203 0.179027 0.0995465 1.41734 0 127
0.0252616 0.176333 0.0178614 -0.0572563 -0.0389461 0.9976 0.179027 0.0999356 1.4285 0 128
0.0232918 0.176601 0.0178911 -0.0517234 -0.0399957 0.99786 0.179027 0.100102 1.43966 0 129
0.0213197 0.176852 0.0178734 -0.0484008 -0.0404824 0.998007 0.179027 0.100003 1.45082 0 130
0.0193454 0.177086 0.0178069 -0.0468743 -0.0403677 0.998085 0.179027 0.0996297 1.46198 0 131
0.017369 0.177302 0.0176939 -0.0471103 -0.039558 0.998106 0.179027 0.0989955 1.47314 0 132
0.0153906 0.177499 0.0175426 -0.0487384 -0.0381777 0.998082 0.179027 0.0981459 1.4843 0 133
0.01341 0.177677 0.0173713 -0.0511033 -0.0362625 0.998035 0.179027 0.0971847 1.49547 0 134
0.0114275 0.177834 0.0171847 -0.0540025 -0.0341769 0.997956 0.179027 0.0961372 1.50663 0 135
0.00944307 0.177968 0.0169995 -0.0566075 -0.0322382 0.997876 0.179027 0.0950983 1.51779 0 136
0.00745703 0.178078 0.0168338 -0.0576943 -0.0305579 0.997867 0.179027 0.0941687 1.52895 0 137
0.00546965 0.178164 0.016688 -0.0579643 -0.0292181 0.997891 0.179027 0.0933504 1.54011 0 138
0.00348122 0.178224 0.0165733 -0.0570737 -0.0286442 0.997959 0.179027 0.0927072 1.55127 0 139
0.00149208 0.178258 0.0165094 -0.0555043 -0.0289128 0.99804 0.179027 0.0923488 1.56243 0 140
-0.000497378 0.178268 0.0164595 -0.0537503 -0.0303171 0.998094 0.179027 0.0920687 1.57359 0 141
-0.00248686 0.178255 0.0164239 -0.0522985 -0.0331779 0.99808 0.179027 0.0918689 1.58475 0 142
-0.00447609 0.178219 0.0163921 -0.0518554 -0.0376144 0.997946 0.179027 0.0916904 1.59591 0 143
-0.00646493 0.178163 0.0163313 -0.0527457 -0.0436896 0.997652 0.179027 0.0913496 1.60707 0 144
-0.00845325 0.178089 0.0162316 -0.0553364 -0.0510771 0.99716 0.179027 0.0907901 1.61823 0 145
-0.010441 0.177998 0.0160791 -0.0593093 -0.0594491 0.996468 0.179027 0.0899348 1.62939 0 146
-0.0124281 0.177889 0.0158668 -0.0645122 -0.0684983 0.995563 0.179027 0.0887447 1.64055 0 147
-0.0144146 0.177764 0.0155885 -0.0708857 -0.0781693 0.994417 0.179027 0.087184 1.65171 0 148
-0.0164002 0.177621 0.0152419 -0.0773721 -0.0877236 0.993136 0.179027 0.0852408 1.66287 0 149
-0.0183848 0.177459 0.0148615 -0.0829569 -0.0965029 0.99187 0.179027 0.083108 1.67403 0 150
-0.0203677 0.177275 0.0144732 -0.0875681 -0.104025 0.990712 0.179027 0.0809321 1.68519 0 151
-0.0223485 0.177066 0.0141043 -0.0896133 -0.110469 0.989831 0.179027 0.0788649 1.69635 0 152
-0.0243267 0.176831 0.0137763 -0.089812 -0.116074 0.989172 0.179027 0.0770274 1.70751 0 153
-0.0263018 0.17657 0.0134883 -0.0878462 -0.119851 0.988898 0.179027 0.0754136 1.71867 0 154
-0.0282728 0.176278 0.0133127 -0.0833713 -0.122356 0.988978 0.179027 0.0744303 1.72983 0 155
-0.0302394 0.175959 0.0132202 -0.07706 -0.123714 0.989321 0.179027 0.0739122 1.74099 0 156
-0.0322015 0.175612 0.0132009 -0.0694856 -0.123426 0.989918 0.179027 0.0738042 1.75215 0 157
-0.0341587 0.175238 0.0132469 -0.0616625 -0.122044 0.990607 0.179027 0.0740618 1.76331 0 158
-0.0361109 0.174839 0.0133358 -0.054286 -0.119706 0.991324 0.179027 0.0745593 1.77447 0 159
-0.0380584 0.174419 0.0134236 -0.0471791 -0.116507 0.992069 0.179027 0.0750513 1.78563 0 160
-0.0400014 0.173979 0.013492 -0.0414626 -0.112845 0.992747 0.179027 0.0754346 1.79679 0 161
-0.04194 0.173519 0.0135197 -0.0370407 -0.108727 0.993381 0.179027 0.0755894 1.80795 0 162
-0.0438744 0.173043 0.013489 -0.0343511 -0.104567 0.993924 0.179027 0.0754174 1.81911 0 163
-0.0458046 0.172549 0.0133978 -0.0335124 -0.100294 0.994393 0.179027 0.0749067 1.83027 0 164
-0.0477304 0.172038 0.0132489 -0.0343302 -0.0960067 0.994789 0.179027 0.0740728 1.84143 0 165
-0.0496513 0.171508 0.0130547 -0.0363915 -0.0918033 0.995112 0.179027 0.0729852 1.85259 0 166
-0.0515667 0.170958 0.0128416 -0.0392447 -0.0876837 0.995375 0.179027 0.0717919 1.86375 0 167
-0.053476 0.170387 0.0126234 -0.042402 -0.0838707 0.995574 0.179027 0.0705698 1.87491 0 168
-0.0553784 0.169792 0.0124317 -0.0450574 -0.0799668 0.995779 0.179027 0.0694962 1.88607 0 169
-0.0572733 0.169174 0.012274 -0.0468915 -0.0759125 0.996011 0.179027 0.0686136 1.89723 0 170
-0.0591602 0.168531 0.0121625 -0.047593 -0.0720576 0.996264 0.179027 0.0679889 1.90839 0 171
-0.0610391 0.167865 0.0120868 -0.0471072 -0.06863 0.996529 0.179027 0.067565 1.91955 0 172
-0.0629097 0.167177 0.0120429 -0.0454879 -0.0657371 0.9968 0.179027 0.0673194 1.93071 0 173
-0.0647721 0.166466 0.0120172 -0.0432169 -0.0637959 0.997027 0.179027 0.0671754 1.94187 0 174
-0.0666265 0.165734 0.0119912 -0.0407936 -0.0624691 0.997213 0.179027 0.06703 1.95303 0 175
-0.0684732 0.164983 0.0119419 -0.0389136 -0.0620577 0.997314 0.179027 0.0667539 1.96419 0 176
-0.0703123 0.164214 0.0118591 -0.0380485 -0.0627162 0.997306 0.179027 0.0662907 1.97535 0 177
-0.0721441 0.163427 0.0117265 -0.0388709 -0.0642645 0.997176 0.179027 0.0655484 1.98651 0 178
-0.0739684 0.162623 0.0115423 -0.0415327 -0.0665796 0.996916 0.179027 0.0645171 1.99767 0 179
-0.0757848 0.1618 0.0113149 -0.045816 -0.0690599 0.99656 0.179027 0.0632441 2.00883 0 180
-0.0775932 0.16096 0.0110412 -0.0512417 -0.0718261 0.9961 0.179027 0.0617128 2.01999 0 181
-0.079393 0.160101 0.0107319 -0.0575769 -0.0740023 0.995595 0.179027 0.0599815 2.03115 0 182
-0.0811835 0.159222 0.0104082 -0.0641417 -0.0760356 0.99504 0.179027 0.0581706 2.04231 0 183
-0.082964 0.158322 0.0100827 -0.0704323 -0.0772771 0.994519 0.179027 0.0563491 2.05347 0 184
-0.084734 0.157402 0.00976748 -0.0757765 -0.0773566 0.99412 0.179027 0.0545858 2.06463 0 185
-0.0864929 0.15646 0.00947669 -0.0792675 -0.0762439 0.993933 0.179027 0.0529592 2.07579 0 186
-0.0882401 0.155497 0.00922526 -0.0814219 -0.0738573 0.993939 0.179027 0.0515528 2.08695 0 187
-0.0899755 0.154512 0.00900899 -0.0821188 -0.0702748 0.994142 0.179027 0.0503432 2.09812 0 188
-0.0916988 0.153506 0.00882971 -0.0809118 -0.0660115 0.994533 0.179027 0.0493406 2.10928 0 189
-0.0934097 0.152478 0.0086961 -0.0780858 -0.0614277 0.995052 0.179027 0.0485933 2.12044 0 190
-0.0951081 0.151431 0.00859492 -0.0738641 -0.0572037 0.995626 0.179027 0.0480276 2.1316 0 191
-0.0967938 0.150362 0.00852989 -0.0685286 -0.0536443 0.996206 0.179027 0.0476639 2.14276 0 192
-0.0984669 0.149274 0.00848882 -0.0621738 -0.0510852 0.996757 0.179027 0.0474342 2.15392 0 193
-0.100127 0.148167 0.00846732 -0.0552055 -0.0498057 0.997232 0.179027 0.047314 2.16508 0 194
-0.101775 0.147041 0.0084509 -0.047557 -0.04997 0.997618 0.179027 0.0472221 2.17624 0 195
-0.10341 0.145896 0.00844902 -0.0396223 -0.0513244 0.997896 0.179027 0.0472116 2.1874 0 196
-0.105031 0.144733 0.00844714 -0.0312705 -0.0541805 0.998041 0.179027 0.0472011 2.19856 0 197
-0.10664 0.143552 0.00844532 -0.0224124 -0.0580808 0.99806 0.179027 0.047191 2.20972 0 198
-0.108236 0.142353 0.00843519 -0.0137709 -0.0626922 0.997938 0.179027 0.0471343 2.22088 0 199
-0.109818 0.141137 0.00841796 -0.00516371 -0.0677941 0.997686 0.179027 0.047038 2.23204 0 200
-0.111387 0.139904 0.00838649 0.00297435 -0.0731847 0.997314 0.179027 0.046862 2.2432 0 201
-0.112943 0.138654 0.00835178 0.0101779 -0.0789263 0.996828 0.179027 0.0466679 2.25436 0 202
-0.114485 0.137386 0.0082968 0.0161852 -0.0851445 0.996237 0.179027 0.0463604 2.26552 0 203
-0.116013 0.136103 0.00821634 0.0207669 -0.0917978 0.995561 0.179027 0.0459105 2.27668 0 204
-0.117528 0.134803 0.00811717 0.0240781 -0.0989111 0.994805 0.179027 0.045356 2.28784 0 205
-0.119029 0.133488 0.00797631 0.0257061 -0.106208 0.994012 0.179027 0.0445685 2.299 0 206
-0.120517 0.132157 0.00780148 0.0255347 -0.11367 0.99319 0.179027 0.0435909 2.31016 0 207
-0.121991 0.130811 0.00758116 0.0242011 -0.120863 0.992374 0.179027 0.0423591 2.32132 0 208
-0.12345 0.129449 0.00732845 0.0218244 -0.12781 0.991558 0.179027 0.0409463 2.33248 0 209
-0.124895 0.128071 0.00703843 0.0186756 -0.134609 0.990723 0.179027 0.0393251 2.34364 0 210
-0.126325 0.126678 0.00672319 0.0151709 -0.140834 0.989917 0.179027 0.0375629 2.3548 0 211
-0.12774 0.125269 0.00639215 0.0116369 -0.145917 0.989228 0.179027 0.0357126 2.36596 0 212
-0.129138 0.123844 0.00605912 0.00837865 -0.149675 0.9887 0.179027 0.0338512 2.37712 0 213
-0.13052 0.122402 0.00574526 0.0056004 -0.151599 0.988426 0.179027 0.0320971 2.38828 0 214
-0.131884 0.120944 0.00546129 0.00352479 -0.152123 0.988355 0.179027 0.0305101 2.39944 0 215
-0.133231 0.119469 0.00520356 0.00228836 -0.151054 0.988523 0.179027 0.0290699 2.4106 0 216
-0.134561 0.117979 0.00499429 0.00231357 -0.147817 0.989012 0.179027 0.0279005 2.42176 0 217
-0.135872 0.116473 0.0048368 0.00389448 -0.142836 0.989739 0.179027 0.0270205 2.43292 0 218
-0.137166 0.114951 0.00472648 0.00686498 -0.136183 0.99066 0.179027 0.026404 2.44408 0 219
-0.138442 0.113414 0.00467111 0.0113752 -0.127987 0.991711 0.179027 0.0260946 2.45524 0 220
-0.139699 0.111862 0.00466567 0.0166427 -0.118505 0.992814 0.179027 0.0260642 2.4664 0 221
-0.140938 0.110296 0.00470503 0.0225079 -0.108519 0.99384 0.179027 0.0262841 2.47756 0 222
-0.142158 0.108714 0.00479131 0.0283114 -0.0976867 0.994814 0.179027 0.0267663 2.48872 0 223
-0.143359 0.107119 0.00492431 0.0342879 -0.0860855 0.995698 0.179027 0.0275094 2.49988 0 224
-0.144542 0.10551 0.00508855 0.0405143 -0.0740084 0.996434 0.179027 0.0284272 2.51104 0 225
-0.145706 0.103887 0.0052915 0.0468299 -0.0621192 0.996969 0.179027 0.0295613 2.5222 0 226
-0.146851 0.10225 0.00551677 0.0531708 -0.0505386 0.997306 0.179027 0.0308202 2.53336 0 227
-0.147976 0.100601 0.00575702 0.0586506 -0.0391767 0.99751 0.179027 0.0321628 2.54452 0 228
-0.149083 0.0989385 0.00601309 0.0637421 -0.0286008 0.997556 0.179027 0.0335939 2.55568 0 229
-0.15017 0.0972639 0.00626521 0.0681499 -0.0189948 0.997494 0.179027 0.0350031 2.56684 0 230
-0.15124 0.0955775 0.00649727 0.0719842 -0.0106704 0.997349 0.179027 0.0363001 2.578 0 231
-0.15229 0.0938794 0.00672123 0.0743136 -0.00399835 0.997227 0.179027 0.0375519 2.58916 0 232
-0.153322 0.0921702 0.00691482 0.0757945 0.00137864 0.997123 0.179027 0.0386341 2.60032 0 233
-0.154335 0.0904502 0.00707611 0.0764243 0.0058118 0.997058 0.179027 0.0395357 2.61148 0 234
-0.15533 0.0887193 0.00721979 0.0759125 0.0096569 0.997068 0.179027 0.0403389 2.62264 0 235
-0.156306 0.086978 0.00734045 0.0751747 0.0131128 0.997084 0.179027 0.0410134 2.6338 0 236
-0.157263 0.0852259 0.00745665 0.0740765 0.0165318 0.997116 0.179027 0.041663 2.64496 0 237
-0.1582 0.0834633 0.00757014 0.0730579 0.0196866 0.997133 0.179027 0.0422975 2.65612 0 238
-0.159117 0.0816902 0.00769548 0.07164 0.0230045 0.997165 0.179027 0.0429983 2.66728 0 239
-0.160013 0.0799067 0.00783206 0.0701658 0.0263697 0.997187 0.179027 0.0437619 2.67844 0 240
-0.160889 0.0781131 0.00798209 0.06824 0.0295871 0.99723 0.179027 0.0446007 2.68961 0 241
-0.161745 0.0763097 0.00813556 0.0659404 0.0322019 0.997304 0.179027 0.0454589 2.70077 0 242
-0.16258 0.0744971 0.00828141 0.0626395 0.0336206 0.99747 0.179027 0.0462744 2.71193 0 243
-0.163396 0.0726757 0.00841063 0.0587785 0.0337678 0.9977 0.179027 0.046997 2.72309 0 244
-0.164193 0.0708459 0.00850299 0.0540805 0.0320835 0.998021 0.179027 0.0475135 2.73425 0 245
-0.164971 0.0690084 0.00854356 0.0482691 0.0281539 0.998438 0.179027 0.0477403 2.74541 0 246
-0.165732 0.0671634 0.00852205 0.0421907 0.0223001 0.998861 0.179027 0.04762 2.75657 0 247
-0.166475 0.0653111 0.00843838 0.0356552 0.015218 0.999248 0.179027 0.0471521 2.76773 0 248
-0.1672 0.0634516 0.00828946 0.0292146 0.00771102 0.999543 0.179027 0.0463194 2.77889 0 249
-0.167906 0.0615848 0.00809471 0.0236834 0.000250648 0.999719 0.179027 0.0452304 2.79005 0 250
-0.168592 0.0597105 0.00787149 0.0189252 -0.00650681 0.9998 0.179027 0.0439823 2.80121 0 251
-0.169257 0.0578284 0.00764842 0.0146364 -0.0121591 0.999819 0.179027 0.0427352 2.81237 0 252
-0.1699 0.0559385 0.00745437 0.0114478 -0.0160091 0.999806 0.179027 0.0416503 2.82353 0 253
-0.170519 0.0540408 0.00730589 0.00916866 -0.0179173 0.999797 0.179027 0.0408202 2.83469 0 254
-0.171115 0.0521355 0.00721578 0.00779032 -0.0183552 0.999801 0.179027 0.0403165 2.84585 0 255
-0.171688 0.0502229 0.00718823 0.00736178 -0.0175844 0.999818 0.179027 0.0401625 2.85701 0 256
-0.172237 0.0483035 0.00721245 0.00804618 -0.0161218 0.999838 0.179027 0.0402978 2.86817 0 257
-0.172762 0.0463776 0.00727752 0.00989767 -0.0144395 0.999847 0.179027 0.0406616 2.87933 0 258
-0.173266 0.0444459 0.00736119 0.0120279 -0.0132133 0.99984 0.179027 0.0411294 2.89049 0 259
-0.173748 0.0425087 0.0074436 0.0140644 -0.0135491 0.999809 0.179027 0.0415901 2.90165 0 260
-0.174209 0.0405665 0.00749844 0.0162863 -0.0154806 0.999748 0.179027 0.0418967 2.91281 0 261
-0.17465 0.0386197 0.00751273 0.01836 -0.0190256 0.99965 0.179027 0.0419766 2.92397 0 262
-0.175073 0.0366687 0.00745405 0.0198672 -0.0241695 0.99951 0.179027 0.0416485 2.93513 0 263
-0.175476 0.0347136 0.0073283 0.0203213 -0.0310249 0.999312 0.179027 0.0409455 2.94629 0 264
-0.175861 0.0327547 0.00711797 0.0198061 -0.0390014 0.999043 0.179027 0.0397697 2.95745 0 265
-0.176227 0.030792 0.00681686 0.0184855 -0.0480353 0.998675 0.179027 0.0380865 2.96861 0 266
-0.176573 0.0288256 0.00645032 0.016441 -0.0570769 0.998234 0.179027 0.0360377 2.97977 0 267
-0.176898 0.0268554 0.00604931 0.0137011 -0.0659577 0.997728 0.179027 0.0337963 2.99093 0 268
-0.1772 0.0248814 0.00563844 0.0103771 -0.073009 0.997277 0.179027 0.0315001 3.00209 0 269
-0.177478 0.0229037 0.00527171 0.0066267 -0.0780816 0.996925 0.179027 0.0294507 3.01325 0 270
-0.177731 0.0209227 0.00497489 0.002202 -0.0798891 0.996801 0.179027 0.0277921 3.02441 0 271
-0.177959 0.0189385 0.0047716 -0.00289635 -0.0781006 0.996941 0.179027 0.0266561 3.03557 0 272
-0.178161 0.0169515 0.00467654 -0.00864304 -0.0712534 0.997421 0.179027 0.026125 3.04673 0 273
-0.178338 0.0149621 0.00471118 -0.0144032 -0.0600345 0.998092 0.179027 0.0263185 3.05789 0 274
-0.178491 0.0129707 0.00483612 -0.0199192 -0.0458973 0.998748 0.179027 0.0270167 3.06905 0 275
-0.178619 0.0109776 0.00505538 -0.0249767 -0.0287707 0.999274 0.179027 0.0282419 3.08021 0 276
-0.178721 0.0089831 0.00534853 -0.0289247 -0.0104121 0.999527 0.179027 0.02988 3.09137 0 277
-0.178799 0.00698758 0.00570823 -0.0320611 0.00848803 0.99945 0.179027 0.0318901 3.10253 0 278
-0.178853 0.00499138 0.00611021 -0.0341424 0.0265566 0.999064 0.179027 0.0341367 3.11369 0 279
-0.178883 0.00299483 0.00653061 -0.0353897 0.04277 0.998458 0.179027 0.0364865 3.12485 0 280
-0.17889 0.000998234 0.00692916 -0.0355699 0.0563668 0.997776 0.179027 0.0387142 3.13601 0 281
-0.178875 -0.000998149 0.00731044 -0.035083 0.0664689 0.997172 0.179027 0.0408456 3.14717 0 282
-0.178838 -0.00299407 0.00766841 -0.033952 0.0736047 0.996709 0.179027 0.042847 3.15833 0 283
-0.17878 -0.00498935 0.00796381 -0.032533 0.0769922 0.996501 0.179027 0.0444986 3.16949 0 284
-0.178703 -0.00698381 0.00819436 -0.0305474 0.0776054 0.996516 0.179027 0.0457876 3.18065 0 285
-0.178606 -0.00897731 0.00835675 -0.0279429 0.0757419 0.996736 0.179027 0.0466957 3.19181 0 286
-0.178491 -0.0109697 0.00844739 -0.0244655 0.0723786 0.997077 0.179027 0.0472025 3.20297 0 287
-0.178355 -0.0129608 0.00849291 -0.0203711 0.0682017 0.997464 0.179027 0.0474571 3.21413 0 288
-0.1782 -0.0149505 0.00848894 -0.0150541 0.0633374 0.997879 0.179027 0.0474349 3.22529 0 289
-0.178024 -0.0169385 0.00844296 -0.00883045 0.057762 0.998291 0.179027 0.0471778 3.23645 0 290
-0.177827 -0.0189245 0.00836817 -0.0022942 0.0517112 0.998659 0.179027 0.0467595 3.24761 0 291
-0.177608 -0.0209083 0.00829175 0.00383137 0.0459897 0.998935 0.179027 0.0463322 3.25877 0 292
-0.177368 -0.0228896 0.00821288 0.0101643 0.0400454 0.999146 0.179027 0.0458912 3.26993 0 293
-0.177104 -0.024868 0.00814453 0.0164623 0.0345849 0.999266 0.179027 0.045509 3.28109 0 294
-0.176819 -0.0268434 0.00807029 0.0221784 0.0290132 0.999333 0.179027 0.0450939 3.29226 0 295
-0.176511 -0.0288155 0.00800576 0.0271189 0.0234867 0.999356 0.179027 0.0447331 3.30342 0 296
-0.176182 -0.0307841 0.0079395 0.0313558 0.017318 0.999358 0.179027 0.0443626 3.31458 0 297
-0.175831 -0.032749 0.00786118 0.034471 0.0107033 0.999348 0.179027 0.0439247 3.32574 0 298
-0.175459 -0.0347101 0.00775801 0.0352956 0.00226203 0.999374 0.179027 0.0433479 3.3369 0 299
-0.175066 -0.0366671 0.00762965 0.0343381 -0.00725184 0.999384 0.179027 0.0426302 3.34806 0 300
-0.174652 -0.0386201 0.0074663 0.0310451 -0.0178818 0.999358 0.179027 0.041717 3.35922 0 301
-0.174218 -0.0405686 0.00727257 0.0251077 -0.0287842 0.99927 0.179027 0.040634 3.37038 0 302
-0.173763 -0.0425125 0.00704749 0.015836 -0.0396538 0.999088 0.179027 0.0393757 3.38154 0 303
-0.173288 -0.0444516 0.00677611 0.00419506 -0.0511615 0.998682 0.179027 0.0378587 3.3927 0 304
-0.172793 -0.0463858 0.00646252 -0.00944266 -0.0624589 0.998003 0.179027 0.0361059 3.40386 0 305
-0.172275 -0.0483143 0.00613366 -0.0252754 -0.0734784 0.996976 0.179027 0.0342678 3.41502 0 306
-0.171736 -0.050237 0.00580315 -0.0431216 -0.083776 0.995551 0.179027 0.0324206 3.42618 0 307
-0.171174 -0.0521533 0.00549823 -0.0628831 -0.0932228 0.993658 0.179027 0.0307165 3.43734 0 308
-0.170588 -0.0540626 0.00524298 -0.0847309 -0.10139 0.991232 0.179027 0.0292902 3.4485 0 309
-0.16998 -0.0559647 0.00505428 -0.107672 -0.108769 0.988219 0.179027 0.0282357 3.45966 0 310
-0.169347 -0.0578592 0.00494558 -0.131655 -0.114046 0.984713 0.179027 0.0276283 3.47082 0 311
-0.168692 -0.0597457 0.00491716 -0.157422 -0.116488 0.980637 0.179027 0.0274695 3.48198 0 312
-0.168013 -0.0616242 0.00495861 -0.18229 -0.116807 0.976282 0.179027 0.0277011 3.49314 0 313
-0.167312 -0.0634943 0.00507108 -0.207087 -0.115226 0.971513 0.179027 0.0283296 3.5043 0 314
-0.166589 -0.0653559 0.00522656 -0.23094 -0.112302 0.966465 0.179027 0.0291984 3.51546 0 315
-0.165844 -0.0672088 0.00542214 -0.253406 -0.108474 0.961259 0.179027 0.0302913 3.52662 0 316
-0.165077 -0.0690527 0.0056459 -0.274334 -0.104344 0.955957 0.179027 0.0315418 3.53778 0 317
-0.164289 -0.0708874 0.00590502 -0.294249 -0.100009 0.950482 0.179027 0.03299 3.54894 0 318
-0.163479 -0.0727126 0.00618569 -0.312192 -0.0966329 0.945091 0.179027 0.0345586 3.5601 0 319
-0.162648 -0.0745282 0.00647545 -0.328837 -0.0941776 0.939679 0.179027 0.0361781 3.57126 0 320
-0.161795 -0.0763333 0.00681392 -0.344157 -0.0918345 0.93441 0.179027 0.0380701 3.58242 0 321
-0.160919 -0.0781275 0.00720232 -0.357782 -0.0894543 0.929511 0.179027 0.0402412 3.59358 0 322
-0.16002 -0.07991 0.00766208 -0.370341 -0.0863625 0.924873 0.179027 0.0428116 3.60474 0 323
-0.159098 -0.0816804 0.00817553 -0.381116 -0.0809842 0.920974 0.179027 0.0456823 3.6159 0 324
-0.15815 -0.0834368 0.00881177 -0.390487 -0.0722075 0.917772 0.179027 0.0492403 3.62706 0 325
-0.157179 -0.0851804 0.00947362 -0.39491 -0.0602662 0.916741 0.179027 0.052942 3.63822 0 326
-0.156184 -0.0869102 0.0101827 -0.393329 -0.0455976 0.918266 0.179027 0.0569088 3.64938 0 327
-0.155171 -0.0886284 0.0108502 -0.387088 -0.0301165 0.921551 0.179027 0.0606436 3.66054 0 328
-0.154139 -0.0903353 0.0114603 -0.372976 -0.0161065 0.927701 0.179027 0.0640582 3.6717 0 329
-0.153092 -0.0920321 0.0119857 -0.352026 -0.00366245 0.935983 0.179027 0.0669993 3.68286 0 330
-0.152028 -0.0937183 0.0124465 -0.328784 0.00642607 0.944383 0.179027 0.0695791 3.69402 0 331
-0.150952 -0.0953957 0.0128011 -0.298378 0.0122154 0.95437 0.179027 0.0715647 3.70518 0 332
-0.149863 -0.0970647 0.0130473 -0.267931 0.0162811 0.9633 0.179027 0.0729435 3.71634 0 333
-0.148761 -0.0987249 0.0131993 -0.237208 0.0178685 0.971294 0.179027 0.0737951 3.7275 0 334
-0.147645 -0.100375 0.0132838 -0.207341 0.018456 0.978095 0.179027 0.0742682 3.73866 0 335
-0.146517 -0.102018 0.0132594 -0.178422 0.0187181 0.983776 0.179027 0.0741316 3.74982 0 336
-0.145375 -0.103651 0.013156 -0.151523 0.0185756 0.988279 0.179027 0.0735523 3.76098 0 337
-0.144218 -0.105273 0.0130166 -0.126691 0.0181561 0.991776 0.179027 0.0727716 3.77214 0 338
-0.143044 -0.106883 0.0128511 -0.10447 0.0179546 0.994366 0.179027 0.0718451 3.7833 0 339
-0.141852 -0.10848 0.0126799 -0.0847235 0.0180149 0.996242 0.179027 0.0708862 3.79446 0 340
-0.140641 -0.110063 0.0125254 -0.0676614 0.0187373 0.997532 0.179027 0.0700207 3.80562 0 341
-0.13941 -0.111631 0.0124117 -0.0532408 0.019962 0.998382 0.179027 0.0693844 3.81678 0 342
-0.138158 -0.113182 0.0123579 -0.0416171 0.0217582 0.998897 0.179027 0.0690829 3.82794 0 343
-0.136886 -0.114717 0.0123677 -0.0324644 0.0241106 0.999182 0.179027 0.0691382 3.8391 0 344
-0.135594 -0.116234 0.0124284 -0.0249403 0.0262495 0.999344 0.179027 0.0694776 3.85026 0 345
-0.134284 -0.117736 0.0125245 -0.0187848 0.0281049 0.999428 0.179027 0.0700158 3.86142 0 346
-0.132956 -0.119222 0.0126336 -0.0130706 0.0294623 0.99948 0.179027 0.0706266 3.87258 0 347
-0.131611 -0.120693 0.0127361 -0.00775686 0.029902 0.999523 0.179027 0.0712007 3.88375 0 348
-0.130253 -0.122151 0.012806 -0.00238004 0.0298908 0.99955 0.179027 0.0715922 3.89491 0 349
-0.128881 -0.123597 0.0128198 0.00274521 0.0289196 0.999578 0.179027 0.0716696 3.90607 0 350
-0.127496 -0.12503 0.0127715 0.00799357 0.0275659 0.999588 0.179027 0.0713991 3.91723 0 351
-0.126098 -0.126451 0.0126514 0.0127761 0.0260622 0.999579 0.179027 0.0707268 3.92839 0 352
-0.124688 -0.127859 0.0124761 0.0169701 0.0238764 0.999571 0.179027 0.0697448 3.93955 0 353
-0.123263 -0.129252 0.0122771 0.0201242 0.0217923 0.99956 0.179027 0.0686304 3.95071 0 354
-0.121821 -0.130629 0.0120953 0.0220855 0.0199816 0.999556 0.179027 0.067613 3.96187 0 355
-0.120362 -0.131987 0.0119628 0.0217431 0.0185769 0.999591 0.179027 0.0668712 3.97303 0 356
-0.118884 -0.133325 0.0119062 0.0191234 0.0183417 0.999649 0.179027 0.0665542 3.98419 0 357
-0.117386 -0.13464 0.0119643 0.0139713 0.0189852 0.999722 0.179027 0.0668795 3.99535 0 358
-0.11587 -0.135934 0.012113 0.00614153 0.0215899 0.999748 0.179027 0.0677117 4.00651 0 359
-0.114334 -0.137206 0.0123693 -0.00350095 0.0254683 0.999669 0.179027 0.0691469 4.01767 0 360
-0.112781 -0.138455 0.0127088 -0.0152661 0.0308998 0.999406 0.179027 0.0710479 4.02883 0 361
-0.11121 -0.139681 0.0131221 -0.0287117 0.037789 0.998873 0.179027 0.0733625 4.03999 0 362
-0.109623 -0.140886 0.0135874 -0.0425687 0.0459007 0.998039 0.179027 0.0759689 4.05115 0 363
-0.10802 -0.14207 0.0140913 -0.0562899 0.0553545 0.996879 0.179027 0.0787919 4.06231 0 364
-0.106404 -0.143234 0.0145893 -0.069347 0.0650198 0.995471 0.179027 0.0815828 4.07347 0 365
-0.104775 -0.14438 0.0150818 -0.0809076 0.0747116 0.993918 0.179027 0.0843429 4.08463 0 366
-0.103133 -0.145506 0.0155671 -0.0905657 0.0841551 0.992328 0.179027 0.0870637 4.09579 0 367
-0.10148 -0.146616 0.0160091 -0.0978415 0.0931013 0.990838 0.179027 0.0895423 4.10695 0 368
-0.0998162 -0.147707 0.0164343 -0.102173 0.101387 0.989586 0.179027 0.0919274 4.11811 0 369
-0.098141 -0.14878 0.016834 -0.10382 0.10902 0.988603 0.179027 0.0941694 4.12927 0 370
-0.0964564 -0.149838 0.0171842 -0.103405 0.115831 0.987872 0.179027 0.0961344 4.14043 0 371
-0.0947615 -0.150879 0.0175077 -0.100662 0.121183 0.987513 0.179027 0.0979504 4.15159 0 372
-0.0930565 -0.151902 0.0178027 -0.0960528 0.1251 0.987484 0.179027 0.0996058 4.16275 0 373
-0.0913419 -0.152908 0.018066 -0.0904294 0.127151 0.987753 0.179027 0.101084 4.17391 0 374
-0.0896178 -0.153898 0.0182983 -0.0839405 0.127659 0.98826 0.179027 0.102389 4.18507 0 375
-0.0878853 -0.154871 0.0184841 -0.077447 0.126311 0.988963 0.179027 0.103432 4.19623 0 376
-0.0861445 -0.15583 0.0186226 -0.0709903 0.12328 0.989829 0.179027 0.10421 4.20739 0 377
-0.0843957 -0.156774 0.0187103 -0.0647025 0.117716 0.990937 0.179027 0.104702 4.21855 0 378
-0.0826383 -0.157701 0.018762 -0.0590663 0.111272 0.992033 0.179027 0.104993 4.22971 0 379
-0.0808726 -0.158612 0.0187748 -0.054621 0.102751 0.993206 0.179027 0.105065 4.24087 0 380
-0.0790972 -0.159504 0.0187803 -0.0513406 0.0932116 0.994322 0.179027 0.105096 4.25203 0 381
-0.0773118 -0.160376 0.0187908 -0.0492535 0.0837642 0.995268 0.179027 0.105154 4.26319 0 382
-0.0755156 -0.161225 0.018826 -0.0482636 0.0750507 0.996011 0.179027 0.105352 4.27435 0 383
-0.0737083 -0.162051 0.0189006 -0.0484205 0.0676219 0.996535 0.179027 0.105771 4.28551 0 384
-0.0718902 -0.162852 0.0190192 -0.0500143 0.0624167 0.996796 0.179027 0.106438 4.29667 0 385
-0.0700615 -0.163628 0.0191798 -0.0522859 0.0587603 0.996902 0.179027 0.107339 4.30783 0 386
-0.0682225 -0.164379 0.0193852 -0.0556186 0.0577865 0.996778 0.179027 0.108494 4.31899 0 387
-0.0663741 -0.165106 0.0196234 -0.0595012 0.0586865 0.996502 0.179027 0.109832 4.33015 0 388
-0.0645169 -0.16581 0.0198835 -0.0640581 0.0618328 0.996029 0.179027 0.111294 4.34131 0 389
-0.0626516 -0.166491 0.0201573 -0.0686834 0.0667322 0.995404 0.179027 0.112833 4.35247 0 390
-0.0607787 -0.167149 0.020438 -0.073453 0.0726356 0.99465 0.179027 0.114411 4.36363 0 391
-0.0588983 -0.167785 0.0207305 -0.0778317 0.0798812 0.993761 0.179027 0.116056 4.37479 0 392
-0.0570111 -0.168399 0.0210249 -0.082106 0.087069 0.992813 0.179027 0.117712 4.38595 0 393
-0.0551171 -0.168991 0.0213269 -0.0859304 0.0944388 0.991815 0.179027 0.11941 4.39711 0 394
-0.0532168 -0.169561 0.0216285 -0.0888983 0.101339 0.990872 0.179027 0.121107 4.40827 0 395
-0.0513104 -0.170108 0.0219319 -0.0911337 0.1076 0.990009 0.179027 0.122815 4.41943 0 396
-0.0493983 -0.170634 0.0222363 -0.0924234 0.112556 0.989338 0.179027 0.124528 4.43059 0 397
-0.0474809 -0.171139 0.0225352 -0.0926689 0.116449 0.988864 0.179027 0.126211 4.44175 0 398
-0.0455585 -0.171622 0.0228256 -0.0920733 0.118906 0.988627 0.179027 0.127846 4.45291 0 399
-0.0436318 -0.172086 0.0230975 -0.0904448 0.119703 0.988681 0.179027 0.129377 4.46407 0 400
-0.0417012 -0.172531 0.0233378 -0.0882075 0.11912 0.988954 0.179027 0.130731 4.47524 0 401
-0.0397673 -0.17296 0.0235349 -0.0846291 0.117589 0.98945 0.179027 0.131842 4.4864 0 402
-0.0378303 -0.173374 0.0236882 -0.0803611 0.115071 0.990101 0.179027 0.132706 4.49756 0 403
-0.0358903 -0.173771 0.0237917 -0.0755426 0.111735 0.990863 0.179027 0.133289 4.50872 0 404
-0.0339472 -0.174153 0.0238533 -0.0702635 0.107816 0.991685 0.179027 0.133636 4.51988 0 405
-0.0320009 -0.174517 0.02388 -0.06492 0.103535 0.992505 0.179027 0.133786 4.53104 0 406
-0.0300514 -0.174864 0.0238765 -0.0598213 0.0987457 0.993313 0.179027 0.133767 4.5422 0 407
-0.0280982 -0.17519 0.023866 -0.0549949 0.0936578 0.994084 0.179027 0.133707 4.55336 0 408
-0.0261414 -0.175493 0.0238639 -0.0506042 0.0882939 0.994808 0.179027 0.133696 4.56452 0 409
-0.0241811 -0.175773 0.0238718 -0.0463609 0.0828492 0.995483 0.179027 0.13374 4.57568 0 410
-0.0222176 -0.176028 0.0238979 -0.0428073 0.0763359 0.996163 0.179027 0.133888 4.58684 0 411
-0.020251 -0.176259 0.0239421 -0.0396313 0.0695055 0.996794 0.179027 0.134136 4.598 0 412
-0.018282 -0.176467 0.0239943 -0.0364971 0.062329 0.997388 0.179027 0.13443 4.60916 0 413
-0.016311 -0.176655 0.0240333 -0.0334247 0.0544158 0.997959 0.179027 0.134651 4.62032 0 414
-0.0143382 -0.176821 0.024068 -0.029804 0.0456743 0.998512 0.179027 0.134846 4.63148 0 415
-0.0123639 -0.176969 0.0240755 -0.0258959 0.0362573 0.999007 0.179027 0.134888 4.64264 0 416
-0.0103883 -0.177099 0.0240556 -0.02129 0.0258406 0.999439 0.179027 0.134776 4.6538 0 417
-0.00841161 -0.177212 0.0239965 -0.016021 0.0149558 0.99976 0.179027 0.134443 4.66496 0 418
-0.00643388 -0.177308 0.0239006 -0.0103034 0.00354825 0.999941 0.179027 0.133903 4.67612 0 419
-0.00445513 -0.177384 0.0237822 -0.00525921 -0.00827248 0.999952 0.179027 0.133235 4.68728 0 420
-0.00247549 -0.17744 0.0236553 -0.00105997 -0.0199019 0.999801 0.179027 0.13252 4.69844 0 421
-0.000495154 -0.177471 0.023545 0.00154413 -0.0310281 0.999517 0.179027 0.131899 4.7096 0 422
0.00148553 -0.177476 0.02347 0.00209562 -0.0409532 0.999159 0.179027 0.131476 4.72076 0 423
0.0034661 -0.17745 0.0234543 0.000151345 -0.05003 0.998748 0.179027 0.131388 4.73192 0 424
0.00544596 -0.177392 0.0235182 -0.00542834 -0.0584401 0.998276 0.179027 0.131747 4.74308 0 425
0.00742447 -0.1773 0.0236693 -0.014766 -0.0651875 0.997764 0.179027 0.132599 4.75424 0 426
0.00940086 -0.177172 0.023923 -0.0272554 -0.0706741 0.997127 0.179027 0.134029 4.7654 0 427
0.0113745 -0.177009 0.0242678 -0.0429334 -0.0745985 0.996289 0.179027 0.135972 4.77656 0 428
0.0133447 -0.176812 0.0246993 -0.0600092 -0.077485 0.995186 0.179027 0.138405 4.78772 0 429
0.0153109 -0.17658 0.025212 -0.0783629 -0.0784126 0.993836 0.179027 0.141298 4.79888 0 430
0.0172728 -0.176319 0.0257652 -0.095276 -0.0774179 0.992436 0.179027 0.14442 4.81004 0 431
0.0192303 -0.176031 0.0263399 -0.109998 -0.0749213 0.991104 0.179027 0.147664 4.8212 0 432
0.0211834 -0.175722 0.0269029 -0.122278 -0.0705545 0.989985 0.179027 0.150844 4.83236 0 433
0.0231328 -0.175396 0.0274195 -0.131126 -0.0646213 0.989257 0.179027 0.153763 4.84352 0 434
0.0250789 -0.175058 0.0278652 -0.134914 -0.0570171 0.989216 0.179027 0.156283 4.85468 0 435
0.0270216 -0.174707 0.0282495 -0.131519 -0.0473626 0.990182 0.179027 0.158457 4.86584 0 436
0.0289641 -0.174361 0.0284613 -0.121804 -0.0355522 0.991917 0.179027 0.159655 4.877 0 437
0.030907 -0.17402 0.0285023 -0.10655 -0.0220149 0.994064 0.179027 0.159887 4.88816 0 438
0.032851 -0.173685 0.0283733 -0.0882589 -0.00740215 0.99607 0.179027 0.159157 4.89932 0 439
0.034796 -0.173351 0.0280959 -0.0685248 0.00802611 0.997617 0.179027 0.157588 4.91048 0 440
0.0367417 -0.173014 0.0276896 -0.0487012 0.0236997 0.998532 0.179027 0.155291 4.92164 0 441
0.0386871 -0.172669 0.0271936 -0.0300211 0.038753 0.998798 0.179027 0.152487 4.9328 0 442
0.0406305 -0.172306 0.0266541 -0.0136721 0.0532494 0.998488 0.179027 0.149439 4.94396 0 443
0.0425695 -0.171917 0.0261333 -0.000414579 0.0667343 0.997771 0.179027 0.146497 4.95512 0 444
0.0445021 -0.171496 0.0256802 0.00907822 0.0793061 0.996809 0.179027 0.14394 4.96628 0 445
0.0464264 -0.171037 0.025332 0.0140068 0.0901514 0.99583 0.179027 0.141974 4.97744 0 446
0.0483402 -0.170536 0.0251257 0.0141319 0.0988052 0.995006 0.179027 0.140811 4.9886 0 447
0.0502428 -0.169994 0.0250668 0.00860054 0.10576 0.994354 0.179027 0.140479 4.99976 0 448
0.0521332 -0.169411 0.0251536 -0.00153071 0.11073 0.993849 0.179027 0.140968 5.01092 0 449
0.054011 -0.168789 0.0253729 -0.0155894 0.11272 0.993504 0.179027 0.142206 5.02208 0 450
0.0558761 -0.16813 0.0257086 -0.0333183 0.111806 0.993171 0.179027 0.1441 5.03324 0 451
0.0577284 -0.167436 0.0261386 -0.0537247 0.108921 0.992598 0.179027 0.146527 5.0444 0 452
0.0595684 -0.166712 0.0266362 -0.0753129 0.104844 0.991633 0.179027 0.149338 5.05556 0 453
0.061396 -0.165957 0.0271903 -0.0959371 0.0988205 0.99047 0.179027 0.152468 5.06672 0 454
0.0632125 -0.165179 0.0277624 -0.115199 0.0916278 0.989107 0.179027 0.155702 5.07789 0 455
0.0650191 -0.16438 0.0283258 -0.131653 0.0842114 0.987712 0.179027 0.158888 5.08905 0 456
0.0668161 -0.163563 0.0288711 -0.143938 0.0767567 0.986605 0.179027 0.161974 5.10021 0 457
0.0686063 -0.162733 0.0293561 -0.153061 0.0695925 0.985763 0.179027 0.164719 5.11137 0 458
0.0703891 -0.161891 0.0297906 -0.159151 0.0631814 0.985231 0.179027 0.16718 5.12253 0 459
0.0721656 -0.161037 0.0301617 -0.162482 0.0571032 0.985058 0.179027 0.169283 5.13369 0 460
0.0739367 -0.160175 0.030461 -0.162924 0.0521221 0.985261 0.179027 0.170979 5.14485 0 461
0.0757024 -0.159304 0.0306935 -0.160924 0.0481759 0.98579 0.179027 0.172297 5.15601 0 462
0.077462 -0.158421 0.0308697 -0.157069 0.0452358 0.986551 0.179027 0.173297 5.16717 0 463
0.0792142 -0.157525 0.0310079 -0.152248 0.0426161 0.987423 0.179027 0.17408 5.17833 0 464
0.0809588 -0.156615 0.0311125 -0.146714 0.0404874 0.98835 0.179027 0.174673 5.18949 0 465
0.0826932 -0.155686 0.0312139 -0.141248 0.0386937 0.989218 0.179027 0.175249 5.20065 0 466
0.0844163 -0.154737 0.0313216 -0.136314 0.0370245 0.989974 0.179027 0.17586 5.21181 0 467
0.0861268 -0.153765 0.031449 -0.132279 0.0354485 0.990578 0.179027 0.176582 5.22297 0 468
0.0878236 -0.152771 0.0316043 -0.129171 0.0334683 0.991057 0.179027 0.177464 5.23413 0 469
0.0895069 -0.151753 0.0317817 -0.126837 0.0317607 0.991415 0.179027 0.178471 5.24529 0 470
0.0911756 -0.150713 0.0319873 -0.125595 0.0297746 0.991635 0.179027 0.179638 5.25645 0 471
0.0928304 -0.149652 0.0322111 -0.125409 0.0277406 0.991717 0.179027 0.180908 5.26761 0 472
0.0944718 -0.14857 0.0324438 -0.125762 0.0253808 0.991736 0.179027 0.18223 5.27877 0 473
0.0961005 -0.147471 0.0326763 -0.126557 0.0231029 0.99169 0.179027 0.183551 5.28993 0 474
0.0977167 -0.146354 0.032904 -0.127582 0.0208602 0.991609 0.179027 0.184844 5.30109 0 475
0.0993212 -0.145221 0.0331185 -0.128719 0.0188045 0.991503 0.179027 0.186063 5.31225 0 476
0.100914 -0.144073 0.0333178 -0.129437 0.017262 0.991437 0.179027 0.187196 5.32341 0 477
0.102495 -0.142908 0.0335066 -0.129957 0.016181 0.991388 0.179027 0.18827 5.33457 0 478
0.104063 -0.141728 0.0336874 -0.129601 0.0161328 0.991435 0.179027 0.189298 5.34573 0 479
0.105619 -0.140532 0.033853 -0.128773 0.0172051 0.991525 0.179027 0.19024 5.35689 0 480
0.107163 -0.139322 0.0340043 -0.127108 0.019374 0.9917 0.179027 0.191101 5.36805 0 481
0.108695 -0.138097 0.0341359 -0.124951 0.0228868 0.991899 0.179027 0.191849 5.37921 0 482
0.110217 -0.136859 0.0342418 -0.122528 0.0272349 0.992091 0.179027 0.192452 5.39037 0 483
0.111728 -0.135609 0.0343176 -0.119896 0.0321971 0.992264 0.179027 0.192884 5.40153 0 484
0.113229 -0.134348 0.0343594 -0.117166 0.0373969 0.992408 0.179027 0.193121 5.41269 0 485
0.11472 -0.133074 0.034371 -0.114897 0.0433261 0.992432 0.179027 0.193187 5.42385 0 486
0.1162 -0.131788 0.0343563 -0.113189 0.0492865 0.99235 0.179027 0.193104 5.43501 0 487
0.117668 -0.130488 0.0343214 -0.111964 0.0548393 0.992198 0.179027 0.192905 5.44617 0 488
0.119121 -0.129171 0.0342889 -0.111668 0.0596148 0.991956 0.179027 0.19272 5.45733 0 489
0.120558 -0.127837 0.0342648 -0.112548 0.0636273 0.991607 0.179027 0.192583 5.46849 0 490
0.121975 -0.126482 0.0342783 -0.114551 0.0664477 0.991193 0.179027 0.19266 5.47965 0 491
0.123372 -0.125106 0.0343293 -0.118201 0.0680652 0.990654 0.179027 0.19295 5.49081 0 492
0.124748 -0.123708 0.034424 -0.123509 0.0685796 0.989971 0.179027 0.193489 5.50197 0 493
0.126098 -0.122286 0.0345827 -0.129677 0.0680075 0.989221 0.179027 0.194392 5.51313 0 494
0.127426 -0.120844 0.0347834 -0.136468 0.0666295 0.988401 0.179027 0.195535 5.52429 0 495
0.128731 -0.119381 0.035033 -0.144086 0.0652304 0.987413 0.179027 0.196956 5.53545 0 496
0.130015 -0.117901 0.0353025 -0.151691 0.0637074 0.986373 0.179027 0.198492 5.54661 0 497
0.13128 -0.116405 0.0355807 -0.158738 0.0628019 0.985321 0.179027 0.200077 5.55777 0 498
0.132532 -0.114898 0.0358374 -0.164869 0.0626364 0.984325 0.179027 0.20154 5.56893 0 499
0.133771 -0.113382 0.0360637 -0.169637 0.0638378 0.983437 0.179027 0.202831 5.58009 0 500
0.135001 -0.11186 0.0362295 -0.17302 0.0667254 0.982656 0.179027 0.203776 5.59125 0 501
0.136224 -0.110333 0.0363382 -0.17469 0.0704001 0.982103 0.179027 0.204397 5.60241 0 502
0.137438 -0.108799 0.0363918 -0.174288 0.0760429 0.981754 0.179027 0.204702 5.61357 0 503
0.138647 -0.107261 0.0363719 -0.172783 0.0824631 0.981502 0.179027 0.204588 5.62473 0 504
0.139846 -0.105715 0.0363084 -0.17084 0.0894983 0.981226 0.179027 0.204226 5.63589 0 505
0.141034 -0.104161 0.0362013 -0.167729 0.0969226 0.981057 0.179027 0.203615 5.64705 0 506
0.142211 -0.102597 0.0360623 -0.164632 0.103869 0.980871 0.179027 0.202823 5.65821 0 507
0.143372 -0.101021 0.0359141 -0.161491 0.110077 0.980716 0.179027 0.201978 5.66938 0 508
0.144517 -0.0994325 0.0357596 -0.158484 0.115274 0.980609 0.179027 0.201097 5.68054 0 509
0.145641 -0.0978291 0.035622 -0.156135 0.11881 0.980564 0.179027 0.200313 5.6917 0 510
0.146744 -0.096211 0.0355024 -0.154105 0.120515 0.980677 0.179027 0.199631 5.70286 0 511
0.147823 -0.0945766 0.0354176 -0.15278 0.120815 0.980848 0.179027 0.199148 5.71402 0 512
0.148877 -0.092926 0.0353706 -0.151925 0.119315 0.981164 0.179027 0.19888 5.72518 0 513
0.149906 -0.0912596 0.0353628 -0.151593 0.116161 0.981594 0.179027 0.198836 5.73634 0 514
0.15091 -0.0895777 0.0353942 -0.15218 0.111551 0.982037 0.179027 0.199014 5.7475 0 515
0.151888 -0.0878808 0.0354657 -0.153448 0.105799 0.982477 0.179027 0.199422 5.75866 0 516
0.15284 -0.0861695 0.0355736 -0.15553 0.0996048 0.982797 0.179027 0.200036 5.76982 0 517
0.153769 -0.0844458 0.0357031 -0.158202 0.0931287 0.983005 0.179027 0.200775 5.78098 0 518
0.154676 -0.0827107 0.0358465 -0.160849 0.0871854 0.983121 0.179027 0.201592 5.79214 0 519
0.155562 -0.0809653 0.035995 -0.163667 0.0820199 0.9831 0.179027 0.202439 5.8033 0 520
0.156431 -0.0792115 0.0361315 -0.166405 0.0779456 0.982972 0.179027 0.203217 5.81446 0 521
0.157285 -0.0774505 0.0362443 -0.169202 0.0747335 0.982744 0.179027 0.203861 5.82562 0 522
0.158124 -0.0756833 0.0363245 -0.171652 0.0727136 0.98247 0.179027 0.204318 5.83678 0 523
0.158949 -0.0739092 0.0363775 -0.174104 0.0716813 0.982115 0.179027 0.204621 5.84794 0 524
0.159761 -0.0721294 0.0363942 -0.175864 0.0716375 0.981804 0.179027 0.204716 5.8591 0 525
0.160558 -0.0703428 0.0363844 -0.177201 0.0724857 0.981502 0.179027 0.20466 5.87026 0 526
0.161339 -0.0685494 0.0363493 -0.178201 0.0736691 0.981233 0.179027 0.20446 5.88142 0 527
0.162103 -0.0667483 0.0363024 -0.178636 0.0746227 0.981081 0.179027 0.204192 5.89258 0 528
0.162848 -0.0649391 0.0362504 -0.178731 0.0754268 0.981003 0.179027 0.203896 5.90374 0 529
0.163571 -0.0631208 0.0362085 -0.178302 0.0758301 0.98105 0.179027 0.203656 5.9149 0 530
0.16427 -0.0612933 0.0361825 -0.177438 0.0756169 0.981223 0.179027 0.203508 5.92606 0 531
0.164945 -0.0594567 0.0361749 -0.175956 0.0748501 0.981548 0.179027 0.203465 5.93722 0 532
0.165596 -0.0576113 0.0361894 -0.174169 0.0732352 0.981989 0.179027 0.203547 5.94838 0 533
0.166222 -0.0557575 0.0362218 -0.172107 0.0710156 0.982515 0.179027 0.203732 5.95954 0 534
0.166826 -0.0538964 0.0362632 -0.169924 0.0681592 0.983097 0.179027 0.203969 5.9707 0 535
0.167407 -0.0520283 0.0363117 -0.167629 0.0648876 0.983712 0.179027 0.204245 5.98186 0 536
0.167968 -0.0501539 0.0363611 -0.165665 0.0616264 0.984255 0.179027 0.204527 5.99302 0 537
0.168509 -0.048274 0.0363993 -0.16371 0.0587902 0.984755 0.179027 0.204745 6.00418 0 538
0.169034 -0.0463896 0.0364156 -0.162126 0.0569886 0.985123 0.179027 0.204838 6.01534 0 539
0.169544 -0.0445009 0.0364035 -0.160256 0.0566501 0.985449 0.179027 0.204769 6.0265 0 540
0.170038 -0.042608 0.0363648 -0.159016 0.0577772 0.985584 0.179027 0.204548 6.03766 0 541
0.170518 -0.0407114 0.0362891 -0.157785 0.0601999 0.985637 0.179027 0.204116 6.04882 0 542
0.170982 -0.0388105 0.0361869 -0.156634 0.0638983 0.985588 0.179027 0.203533 6.05998 0 543
0.171433 -0.036906 0.0360487 -0.156016 0.0686322 0.985367 0.179027 0.202745 6.07114 0 544
0.171867 -0.0349973 0.0358819 -0.155591 0.0738493 0.985057 0.179027 0.201794 6.0823 0 545
0.172284 -0.0330843 0.0356954 -0.155757 0.078999 0.984631 0.179027 0.200731 6.09346 0 546
0.172683 -0.0311668 0.0354926 -0.15629 0.0839316 0.984139 0.179027 0.199575 6.10462 0 547
0.173062 -0.0292447 0.0352852 -0.157634 0.0878206 0.983585 0.179027 0.198393 6.11578 0 548
0.173419 -0.027318 0.0350771 -0.159798 0.0905202 0.982991 0.179027 0.197208 6.12694 0 549
0.17375 -0.0253864 0.0348878 -0.162717 0.0915297 0.982418 0.179027 0.196129 6.1381 0 550
0.174055 -0.0234503 0.0347194 -0.166063 0.0909293 0.981914 0.179027 0.195171 6.14926 0 551
0.174331 -0.0215094 0.0345946 -0.170064 0.0885716 0.981444 0.179027 0.19446 6.16042 0 552
0.174577 -0.0195644 0.0345093 -0.174636 0.084494 0.981001 0.179027 0.193975 6.17158 0 553
0.17479 -0.0176154 0.0344815 -0.179707 0.0789107 0.98055 0.179027 0.193816 6.18274 0 554
0.174972 -0.0156634 0.0344967 -0.185052 0.0719873 0.980088 0.179027 0.193903 6.1939 0 555
0.175123 -0.0137088 0.0345626 -0.190373 0.0643814 0.979599 0.179027 0.194278 6.20506 0 556
0.175245 -0.0117522 0.0346645 -0.196019 0.0559747 0.979001 0.179027 0.194858 6.21622 0 557
0.17534 -0.00979428 0.0347958 -0.20172 0.0476266 0.978285 0.179027 0.195606 6.22738 0 558
0.17541 -0.00783565 0.0349361 -0.207649 0.0399895 0.977386 0.179027 0.196405 6.23854 0 559
0.175462 -0.00587675 0.0350617 -0.213508 0.0332764 0.976374 0.179027 0.19712 6.2497 0 560
0.175496 -0.0039178 0.0351615 -0.219052 0.02847 0.975298 0.179027 0.197689 6.26086 0 561
0.175518 -0.00195889 0.0352196 -0.224831 0.0254583 0.974065 0.179027 0.198019 6.27203 0 562
0.173372 0 0.0346699 -0.228535 0.0250234 0.973214 0.176805 0.197371 0 0 563
0.171213 0 0.0341326 -0.229808 0.0247353 0.972922 0.174583 0.196777 0 0 564
0.169049 0 0.0336217 -0.229117 0.0245679 0.973089 0.17236 0.196325 0 0 565
0.166879 0 0.0331428 -0.226741 0.0243299 0.973651 0.170138 0.196053 0 0 566
0.164704 0 0.032685 -0.223054 0.0241479 0.974507 0.167916 0.195902 0 0 567
0.162525 0 0.0322483 -0.218677 0.023632 0.975511 0.165694 0.195876 0 0 568
0.160343 0 0.0318284 -0.213884 0.0229372 0.97659 0.163471 0.195955 0 0 569
0.158158 0 0.0314199 -0.209534 0.0223116 0.977547 0.161249 0.196108 0 0 570
0.155973 0 0.0310149 -0.206201 0.0214567 0.978274 0.159027 0.196287 0 1 571
0.155966 -0.00196003 0.0309901 -0.203244 0.0196391 0.978931 0.159027 0.196128 6.27062 1 572
0.15594 -0.00392004 0.0309323 -0.200522 0.0174271 0.979534 0.159027 0.195758 6.25805 1 573
0.155894 -0.00587987 0.0308538 -0.198064 0.0154715 0.980067 0.159027 0.195254 6.24549 1 574
0.155823 -0.00783913 0.0307778 -0.195587 0.0140115 0.980586 0.159027 0.194767 6.23292 1 575
0.155724 -0.00979735 0.0307168 -0.193047 0.0134872 0.981097 0.159027 0.194376 6.22035 1 576
0.155595 -0.0117539 0.030687 -0.190415 0.0147925 0.981592 0.159027 0.194185 6.20779 1 577
0.155432 -0.0137079 0.0307018 -0.188031 0.0186747 0.981986 0.159027 0.19428 6.19522 1 578
0.155234 -0.0156586 0.0307722 -0.18572 0.0246031 0.982295 0.159027 0.194732 6.18265 1 579
0.155 -0.0176052 0.0308973 -0.182847 0.0326376 0.9826 0.159027 0.195533 6.17009 1 580
0.154728 -0.0195467 0.0310935 -0.179713 0.0421957 0.982814 0.159027 0.196791 6.15752 1 581
0.15442 -0.0214824 0.0313477 -0.177145 0.0528242 0.982766 0.159027 0.198422 6.14496 1 582
0.154079 -0.0234123 0.0316409 -0.174855 0.0636923 0.982532 0.159027 0.200302 6.13239 1 583
0.153707 -0.0253358 0.0319657 -0.172889 0.0742407 0.982139 0.159027 0.202387 6.11982 1 584
0.153306 -0.0272527 0.0323146 -0.171041 0.084033 0.981674 0.159027 0.204627 6.10726 1 585
0.15288 -0.0291633 0.0326636 -0.170201 0.0923707 0.98107 0.159027 0.206869 6.09469 1 586
0.152433 -0.0310682 0.0329933 -0.169552 0.0988544 0.980551 0.159027 0.208988 6.08212 1 587
0.15197 -0.0329682 0.0332825 -0.169446 0.102966 0.980146 0.159027 0.210847 6.06956 1 588
0.151497 -0.0348644 0.0335073 -0.170289 0.104158 0.979874 0.159027 0.212293 6.05699 1 589
0.151016 -0.0367579 0.0336532 -0.171595 0.102628 0.979807 0.159027 0.213231 6.04442 1 590
0.150528 -0.038649 0.0337216 -0.173222 0.0987856 0.979916 0.159027 0.213672 6.03186 1 591
0.150036 -0.0405389 0.0336975 -0.175847 0.092621 0.980051 0.159027 0.213517 6.01929 1 592
0.149537 -0.0424275 0.0335876 -0.17917 0.0847944 0.980157 0.159027 0.21281 6.00673 1 593
0.149031 -0.0443149 0.0333987 -0.183364 0.0759563 0.980106 0.159027 0.211594 5.99416 1 594
0.148513 -0.0461997 0.0331536 -0.188401 0.0660469 0.979869 0.159027 0.210018 5.98159 1 595
0.147978 -0.048081 0.0328673 -0.193891 0.0556327 0.979444 0.159027 0.208178 5.96903 1 596
0.147422 -0.0499569 0.0325679 -0.200735 0.0456169 0.978583 0.159027 0.206254 5.95646 1 597
0.146844 -0.0518271 0.032256 -0.208241 0.036798 0.977385 0.159027 0.204251 5.94389 1 598
0.146238 -0.0536892 0.0319617 -0.216281 0.0300529 0.975868 0.159027 0.202361 5.93133 1 599
0.145606 -0.0555432 0.0316788 -0.224996 0.0253796 0.974029 0.159027 0.200545 5.91876 1 600
0.144945 -0.0573877 0.0314209 -0.23393 0.0233807 0.971972 0.159027 0.198891 5.90619 1 601
0.144256 -0.0592224 0.031186 -0.242839 0.0236376 0.969778 0.159027 0.197384 5.89363 1 602
0.143537 -0.0610463 0.0309828 -0.251773 0.0268114 0.967415 0.159027 0.196081 5.88106 1 603
0.14279 -0.062859 0.03081 -0.26067 0.0320509 0.964896 0.159027 0.194974 5.8685 1 604
0.142012 -0.0646589 0.0306809 -0.268955 0.0385294 0.962382 0.159027 0.194146 5.85593 1 605
0.141207 -0.0664467 0.0305801 -0.277368 0.0472372 0.959602 0.159027 0.1935 5.84336 1 606
0.140371 -0.068221 0.0305203 -0.284361 0.0570936 0.957016 0.159027 0.193117 5.8308 1 607
0.139506 -0.0699811 0.030502 -0.291067 0.0680538 0.954279 0.159027 0.193 5.81823 1 608
0.138611 -0.0717262 0.0305291 -0.296429 0.0802945 0.951674 0.159027 0.193174 5.80566 1 609
0.137686 -0.0734556 0.0306016 -0.300267 0.0929347 0.949317 0.159027 0.193638 5.7931 1 610
0.136732 -0.0751691 0.0307165 -0.302257 0.105971 0.947318 0.159027 0.194375 5.78053 1 611
0.135748 -0.0768652 0.0308824 -0.302273 0.119478 0.945704 0.159027 0.195438 5.76796 1 612
0.134736 -0.0785445 0.0310878 -0.300446 0.132761 0.944514 0.159027 0.196754 5.7554 1 613
0.1337 -0.0802078 0.0313167 -0.296867 0.14532 0.943797 0.159027 0.198222 5.74283 1 614
0.132639 -0.0818554 0.0315634 -0.292229 0.156759 0.943413 0.159027 0.199805 5.73027 1 615
0.131559 -0.0834898 0.0318007 -0.287378 0.166341 0.943263 0.159027 0.201328 5.7177 1 616
0.130462 -0.0851119 0.0320195 -0.282719 0.174674 0.943164 0.159027 0.202732 5.70513 1 617
0.129354 -0.086726 0.0321817 -0.278725 0.180696 0.943218 0.159027 0.203774 5.69257 1 618
0.128234 -0.0883308 0.0322991 -0.275132 0.183372 0.943757 0.159027 0.204527 5.68 1 619
0.127102 -0.0899267 0.0323699 -0.272033 0.182904 0.944746 0.159027 0.204982 5.66743 1 620
0.12596 -0.0915151 0.032384 -0.271362 0.180276 0.945443 0.159027 0.205072 5.65487 1 621
0.12481 -0.0930982 0.0323236 -0.272047 0.175184 0.946204 0.159027 0.204685 5.6423 1 622
0.123649 -0.0946737 0.0322083 -0.274219 0.167962 0.946886 0.159027 0.203944 5.62973 1 623
0.122483 -0.0962464 0.032001 -0.27858 0.160744 0.946865 0.159027 0.202613 5.61717 1 624
0.121308 -0.097813 0.0317282 -0.28419 0.153822 0.946348 0.159027 0.200862 5.6046 1 625
0.120121 -0.0993725 0.0313956 -0.290031 0.147492 0.945583 0.159027 0.198729 5.59203 1 626
0.118924 -0.100926 0.0309916 -0.296809 0.1419 0.944335 0.159027 0.196138 5.57947 1 627
0.117712 -0.102469 0.0305546 -0.303217 0.138178 0.94285 0.159027 0.193337 5.5669 1 628
0.116475 -0.103995 0.030136 -0.308196 0.136338 0.941503 0.159027 0.190655 5.55434 1 629
0.115211 -0.105498 0.0297692 -0.310902 0.137119 0.940499 0.159027 0.188307 5.54177 1 630
0.113919 -0.106977 0.0294629 -0.310858 0.140882 0.939957 0.159027 0.186346 5.5292 1 631
0.112589 -0.108422 0.0292915 -0.306984 0.14844 0.940067 0.159027 0.185249 5.51664 1 632
0.111222 -0.109833 0.0292569 -0.299331 0.158584 0.940878 0.159027 0.185028 5.50407 1 633
0.109818 -0.111207 0.0293717 -0.287831 0.171336 0.94223 0.159027 0.185763 5.4915 1 634
0.108375 -0.11254 0.0296526 -0.272181 0.184839 0.944326 0.159027 0.187561 5.47894 1 635
0.106893 -0.113829 0.0301052 -0.253257 0.197953 0.94693 0.159027 0.190458 5.46637 1 636
0.10538 -0.115083 0.0306707 -0.232236 0.208977 0.949945 0.159027 0.194081 5.4538 1 637
0.10384 -0.116302 0.0313147 -0.211201 0.217273 0.952988 0.159027 0.19821 5.44124 1 638
0.102285 -0.1175 0.0319567 -0.189289 0.221832 0.956536 0.159027 0.202329 5.42867 1 639
0.100722 -0.118683 0.0325415 -0.167551 0.222065 0.960528 0.159027 0.206084 5.41611 1 640
0.0991607 -0.119865 0.0330031 -0.146913 0.217175 0.965014 0.159027 0.209051 5.40354 1 641
0.0976033 -0.121047 0.0333271 -0.129432 0.204826 0.970203 0.159027 0.211134 5.39097 1 642
0.0960554 -0.12224 0.0334705 -0.116251 0.187703 0.975322 0.159027 0.212056 5.37841 1 643
0.094512 -0.123438 0.0334686 -0.108353 0.164961 0.98033 0.159027 0.212044 5.36584 1 644
0.0929682 -0.124636 0.0333537 -0.103373 0.142092 0.984441 0.159027 0.211305 5.35327 1 645
0.0914233 -0.125833 0.0331258 -0.10159 0.120149 0.987544 0.159027 0.20984 5.34071 1 646
0.0898721 -0.127025 0.0328219 -0.10146 0.0997765 0.989824 0.159027 0.207886 5.32814 1 647
0.0883124 -0.128208 0.0324551 -0.102796 0.0814801 0.99136 0.159027 0.20553 5.31557 1 648
0.0867411 -0.129377 0.0320503 -0.105346 0.065063 0.992305 0.159027 0.20293 5.30301 1 649
0.0851549 -0.130528 0.0316341 -0.108115 0.0507318 0.992843 0.159027 0.200259 5.29044 1 650
0.0835506 -0.131655 0.0312402 -0.11122 0.0383324 0.993056 0.159027 0.197732 5.27788 1 651
0.0819273 -0.132755 0.0308792 -0.114189 0.0284884 0.99305 0.159027 0.195417 5.26531 1 652
0.0802839 -0.133826 0.0305708 -0.117079 0.0212351 0.992896 0.159027 0.193441 5.25274 1 653
0.0786216 -0.134869 0.0303094 -0.119801 0.0163313 0.992664 0.159027 0.191766 5.24018 1 654
0.0769406 -0.135881 0.0300998 -0.122187 0.0139471 0.992409 0.159027 0.190423 5.22761 1 655
0.0752436 -0.136868 0.0299201 -0.124308 0.0133646 0.992154 0.159027 0.189273 5.21504 1 656
0.073532 -0.137829 0.0297621 -0.126404 0.0142047 0.991877 0.159027 0.188261 5.20248 1 657
0.0718086 -0.13877 0.0295982 -0.12865 0.0158284 0.991564 0.159027 0.187212 5.18991 1 658
0.0700746 -0.139692 0.0294154 -0.131302 0.0178828 0.991181 0.159027 0.186043 5.17734 1 659
0.0683311 -0.140597 0.0292027 -0.134289 0.0199035 0.990742 0.159027 0.184682 5.16478 1 660
0.0665793 -0.141488 0.0289462 -0.137732 0.021545 0.990235 0.159027 0.183041 5.15221 1 661
0.064819 -0.142364 0.0286453 -0.141414 0.0228881 0.989686 0.159027 0.181117 5.13965 1 662
0.0630506 -0.143226 0.0282958 -0.145377 0.0236818 0.989093 0.159027 0.178883 5.12708 1 663
0.0612716 -0.144067 0.0279296 -0.149257 0.0229536 0.988532 0.159027 0.176544 5.11451 1 664
0.0594822 -0.144888 0.0275464 -0.152673 0.021201 0.988049 0.159027 0.174097 5.10195 1 665
0.0576823 -0.145689 0.0271494 -0.155449 0.0180434 0.987679 0.159027 0.171562 5.08938 1 666
0.0558699 -0.146462 0.0267768 -0.156621 0.0142842 0.987556 0.159027 0.169185 5.07681 1 667
0.0540459 -0.14721 0.026419 -0.155758 0.00888038 0.987755 0.159027 0.166903 5.06425 1 668
0.052209 -0.147926 0.0261111 -0.152311 0.00241637 0.98833 0.159027 0.16494 5.05168 1 669
0.05036 -0.148611 0.0258483 -0.145862 -0.00372012 0.989298 0.159027 0.163265 5.03911 1 670
0.0484983 -0.149262 0.0256567 -0.136706 -0.00912305 0.99057 0.159027 0.162044 5.02655 1 671
0.0466243 -0.149878 0.0255432 -0.124929 -0.0139012 0.992068 0.159027 0.161321 5.01398 1 672
0.0447391 -0.150458 0.0255029 -0.111243 -0.0172266 0.993644 0.159027 0.161064 5.00142 1 673
0.0428431 -0.151002 0.025543 -0.0959506 -0.01831 0.995218 0.159027 0.161319 4.98885 1 674
0.040937 -0.151509 0.0256675 -0.0803633 -0.0177306 0.996608 0.159027 0.162113 4.97628 1 675
0.0390217 -0.151979 0.0258679 -0.0652873 -0.0149762 0.997754 0.159027 0.163389 4.96372 1 676
0.0370999 -0.152421 0.0260947 -0.0522 -0.00965373 0.99859 0.159027 0.164835 4.95115 1 677
0.035173 -0.152838 0.0263265 -0.0411766 -0.0017896 0.99915 0.159027 0.166313 4.93858 1 678
0.0332419 -0.153232 0.0265443 -0.0320259 0.00695147 0.999463 0.159027 0.167702 4.92602 1 679
0.0313079 -0.153609 0.0267169 -0.0257588 0.0168682 0.999526 0.159027 0.168803 4.91345 1 680
0.0293713 -0.15397 0.0268378 -0.0220178 0.0271751 0.999388 0.159027 0.169574 4.90088 1 681
0.0274325 -0.154317 0.0268926 -0.0205644 0.0376849 0.999078 0.159027 0.169923 4.88832 1 682
0.0254913 -0.154651 0.0268878 -0.0219133 0.0479713 0.998608 0.159027 0.169893 4.87575 1 683
0.0235475 -0.154969 0.0268302 -0.025691 0.057862 0.997994 0.159027 0.169526 4.86319 1 684
0.0216009 -0.155271 0.0267172 -0.0311955 0.0672894 0.997246 0.159027 0.168805 4.85062 1 685
0.0196512 -0.155556 0.0265683 -0.037094 0.0752096 0.996478 0.159027 0.167855 4.83805 1 686
0.0176984 -0.15582 0.0263901 -0.042449 0.0824398 0.995692 0.159027 0.166718 4.82549 1 687
0.0157424 -0.156064 0.0261861 -0.0467459 0.0881974 0.995006 0.159027 0.165418 4.81292 1 688
0.0137831 -0.156285 0.0259748 -0.0495843 0.0936729 0.994368 0.159027 0.164071 4.80035 1 689
0.0118206 -0.156479 0.0257717 -0.0510111 0.0984717 0.993832 0.159027 0.162777 4.78779 1 690
0.00985521 -0.156644 0.0255948 -0.0512055 0.102061 0.993459 0.159027 0.161649 4.77522 1 691
0.00788706 -0.156776 0.0254699 -0.0495576 0.104506 0.993289 0.159027 0.160854 4.76265 1 692
0.00591683 -0.156874 0.0253962 -0.0465883 0.107523 0.99311 0.159027 0.160384 4.75009 1 693
0.00394513 -0.156939 0.0253829 -0.0432355 0.110697 0.992913 0.159027 0.160299 4.73752 1 694
0.00197263 -0.156969 0.0254265 -0.0407899 0.11342 0.992709 0.159027 0.160577 4.72496 1 695
-2.88344e-17 -0.156967 0.0255133 -0.0403277 0.117393 0.992266 0.159027 0.16113 4.71239 1 696
-0.00197227 -0.15694 0.0256055 -0.0415923 0.121108 0.991768 0.159027 0.161718 4.69982 1 697
-0.00394401 -0.156894 0.0256573 -0.0447361 0.12471 0.991184 0.159027 0.162047 4.68726 1 698
-0.00591534 -0.156835 0.0256391 -0.0483326 0.128768 0.990496 0.159027 0.161932 4.67469 1 699
-0.00788657 -0.156766 0.0255301 -0.0526814 0.132712 0.989754 0.159027 0.161237 4.66212 1 700
-0.00985819 -0.156691 0.025302 -0.0571552 0.136083 0.989047 0.159027 0.159784 4.64956 1 701
-0.0118303 -0.156606 0.0249824 -0.0622604 0.138985 0.988335 0.159027 0.157749 4.63699 1 702
-0.0138028 -0.156508 0.024585 -0.0677869 0.140851 0.987707 0.159027 0.155219 4.62442 1 703
-0.0157751 -0.156389 0.0241494 -0.0735661 0.142212 0.987099 0.159027 0.152447 4.61186 1 704
-0.0177465 -0.156244 0.023718 -0.0791381 0.143172 0.986529 0.159027 0.149703 4.59929 1 705
-0.0197157 -0.156066 0.0233304 -0.0843891 0.144536 0.985894 0.159027 0.147239 4.58673 1 706
-0.0216821 -0.155855 0.0229956 -0.0887587 0.145846 0.985318 0.159027 0.145111 4.57416 1 707
-0.0236448 -0.155609 0.0227233 -0.0922604 0.147267 0.984784 0.159027 0.143381 4.56159 1 708
-0.0256036 -0.155332 0.0224956 -0.0950406 0.148599 0.98432 0.159027 0.141934 4.54903 1 709
-0.0275583 -0.155025 0.0223043 -0.0975727 0.150251 0.983821 0.159027 0.140719 4.53646 1 710
-0.0295092 -0.154693 0.0221124 -0.0991348 0.152517 0.983316 0.159027 0.1395 4.52389 1 711
-0.0314564 -0.154337 0.0219109 -0.100054 0.154673 0.982886 0.159027 0.138221 4.51133 1 712
-0.0333998 -0.15396 0.0216886 -0.100148 0.156963 0.982514 0.159027 0.13681 4.49876 1 713
-0.0353403 -0.153564 0.0214149 -0.100287 0.159765 0.982048 0.159027 0.135072 4.48619 1 714
-0.0372772 -0.15315 0.0210987 -0.100859 0.163384 0.981394 0.159027 0.133066 4.47363 1 715
-0.0392105 -0.152715 0.0207435 -0.102144 0.167339 0.980594 0.159027 0.130813 4.46106 1 716
-0.0411393 -0.152258 0.0203646 -0.104365 0.172003 0.979552 0.159027 0.12841 4.4485 1 717
-0.0430625 -0.151775 0.0199877 -0.10736 0.177202 0.978301 0.159027 0.126021 4.43593 1 718
-0.0449798 -0.151267 0.01961 -0.11109 0.1834 0.976741 0.159027 0.123627 4.42336 1 719
-0.0468912 -0.150736 0.0192246 -0.114684 0.190464 0.974972 0.159027 0.121185 4.4108 1 720
-0.0487961 -0.150179 0.0188375 -0.117847 0.198561 0.972978 0.159027 0.118733 4.39823 1 721
-0.050694 -0.149597 0.0184516 -0.121179 0.208124 0.970567 0.159027 0.11629 4.38566 1 722
-0.0525864 -0.148995 0.0180211 -0.123978 0.21906 0.967803 0.159027 0.113565 4.3731 1 723
-0.0544724 -0.148371 0.0175603 -0.126219 0.231259 0.96467 0.159027 0.110649 4.36053 1 724
-0.0563531 -0.147729 0.0170326 -0.128771 0.245976 0.960684 0.159027 0.107311 4.34796 1 725
-0.0582283 -0.147068 0.0164344 -0.129938 0.26133 0.956464 0.159027 0.103528 4.3354 1 726
-0.0600983 -0.146389 0.0157469 -0.130887 0.277442 0.951785 0.159027 0.0991831 4.32283 1 727
-0.0619608 -0.145688 0.0150176 -0.12993 0.293857 0.946977 0.159027 0.0945754 4.31027 1 728
-0.0638145 -0.144961 0.0142704 -0.126099 0.309768 0.942413 0.159027 0.0898568 4.2977 1 729
-0.0656564 -0.144203 0.0135752 -0.119254 0.324225 0.938433 0.159027 0.0854682 4.28513 1 730
-0.0674842 -0.143411 0.0129883 -0.108842 0.337208 0.935117 0.159027 0.0817645 4.27257 1 731
-0.069298 -0.142587 0.0125028 -0.0944726 0.347316 0.932977 0.159027 0.0787018 4.26 1 732
-0.071095 -0.141726 0.012198 -0.0779248 0.355465 0.931436 0.159027 0.0767795 4.24743 1 733
-0.0728762 -0.140833 0.0120289 -0.0599848 0.35995 0.931041 0.159027 0.0757132 4.23487 1 734
-0.0746411 -0.139908 0.012003 -0.0404935 0.360711 0.931798 0.159027 0.0755495 4.2223 1 735
-0.0763891 -0.138951 0.012117 -0.0203638 0.357794 0.933579 0.159027 0.0762686 4.20973 1 736
-0.0781219 -0.137968 0.0123082 0.00210431 0.350046 0.93673 0.159027 0.0774742 4.19717 1 737
-0.0798393 -0.136958 0.0125642 0.024397 0.339661 0.940231 0.159027 0.0790892 4.1846 1 738
-0.0815427 -0.135925 0.0128385 0.045293 0.325102 0.944594 0.159027 0.0808198 4.17204 1 739
-0.0832316 -0.134869 0.0131351 0.0632955 0.308635 0.949072 0.159027 0.0826906 4.15947 1 740
-0.0849067 -0.133792 0.0134258 0.0776019 0.291292 0.953482 0.159027 0.0845255 4.1469 1 741
-0.0865684 -0.132694 0.0136994 0.0866637 0.272736 0.958178 0.159027 0.0862518 4.13434 1 742
-0.0882173 -0.131579 0.0139412 0.0907369 0.25405 0.962925 0.159027 0.0877783 4.12177 1 743
-0.0898551 -0.130447 0.0141141 0.0894723 0.235025 0.967863 0.159027 0.0888701 4.1092 1 744
-0.0914823 -0.129301 0.0142089 0.0842988 0.217212 0.972478 0.159027 0.089468 4.09664 1 745
-0.0930987 -0.128139 0.014231 0.0765342 0.199818 0.97684 0.159027 0.0896077 4.08407 1 746
-0.094705 -0.126964 0.0141671 0.0651711 0.182849 0.980979 0.159027 0.0892045 4.0715 1 747
-0.0963011 -0.125775 0.0140162 0.0527822 0.166079 0.984699 0.159027 0.0882517 4.05894 1 748
-0.0978851 -0.124569 0.0138113 0.0401482 0.149065 0.988012 0.159027 0.0869582 4.04637 1 749
-0.099456 -0.123345 0.0135665 0.0272246 0.131794 0.990903 0.159027 0.0854132 4.0338 1 750
-0.10101 -0.122101 0.0133387 0.0145511 0.114639 0.993301 0.159027 0.0839759 4.02124 1 751
-0.102547 -0.120834 0.013146 0.00301188 0.0971959 0.995261 0.159027 0.0827597 4.00867 1 752
-0.104065 -0.119544 0.0130158 -0.00709705 0.0797925 0.996786 0.159027 0.081938 3.99611 1 753
-0.105559 -0.118228 0.0130006 -0.0152835 0.0629434 0.9979 0.159027 0.0818422 3.98354 1 754
-0.107032 -0.116887 0.0130802 -0.0219503 0.04647 0.998678 0.159027 0.0823444 3.97097 1 755
-0.108483 -0.115523 0.0132446 -0.0274329 0.0311917 0.999137 0.159027 0.0833816 3.95841 1 756
-0.109914 -0.114137 0.0134608 -0.0320314 0.0176883 0.99933 0.159027 0.0847463 3.94584 1 757
-0.111326 -0.112734 0.013674 -0.0361829 0.00644316 0.999324 0.159027 0.0860916 3.93327 1 758
-0.112723 -0.111316 0.0138494 -0.0402319 -0.00230008 0.999188 0.159027 0.0871989 3.92071 1 759
-0.114108 -0.109886 0.0139269 -0.044985 -0.00790541 0.998956 0.159027 0.0876883 3.90814 1 760
-0.115483 -0.108446 0.013885 -0.0508355 -0.0101738 0.998655 0.159027 0.0874238 3.89557 1 761
-0.116845 -0.106994 0.0137511 -0.0573075 -0.00942148 0.998312 0.159027 0.0865785 3.88301 1 762
-0.118196 -0.105531 0.013515 -0.0637046 -0.0052938 0.997955 0.159027 0.085088 3.87044 1 763
-0.119532 -0.104054 0.0132096 -0.0694583 0.0012241 0.997584 0.159027 0.0831612 3.85788 1 764
-0.120853 -0.102563 0.012844 -0.0746438 0.00973681 0.997163 0.159027 0.080854 3.84531 1 765
-0.122155 -0.101056 0.0124686 -0.0785848 0.0187274 0.996732 0.159027 0.078486 3.83274 1 766
-0.123439 -0.0995313 0.0120844 -0.080324 0.0286092 0.996358 0.159027 0.076063 3.82018 1 767
-0.124701 -0.0979892 0.0117185 -0.0792923 0.0377012 0.996138 0.159027 0.0737553 3.80761 1 768
-0.125941 -0.0964288 0.0113964 -0.0755108 0.0461288 0.996077 0.159027 0.0717247 3.79504 1 769
-0.12716 -0.0948509 0.0111057 -0.0689172 0.0538311 0.996169 0.159027 0.0698921 3.78248 1 770
-0.128354 -0.0932545 0.0108853 -0.0599829 0.0606018 0.996358 0.159027 0.0685027 3.76991 1 771
-0.129525 -0.091641 0.0107138 -0.048984 0.0668887 0.996557 0.159027 0.0674218 3.75734 1 772
-0.130673 -0.0900105 0.0105993 -0.0361463 0.0721786 0.996737 0.159027 0.0667001 3.74478 1 773
-0.131797 -0.0883639 0.0105311 -0.0221813 0.0770205 0.996783 0.159027 0.0662707 3.73221 1 774
-0.132899 -0.086702 0.0104966 -0.0069584 0.0804695 0.996733 0.159027 0.0660533 3.71965 1 775
-0.133978 -0.0850253 0.0104915 0.00840483 0.0839153 0.996437 0.159027 0.066021 3.70708 1 776
-0.135036 -0.0833348 0.0104964 0.0234381 0.0868136 0.995949 0.159027 0.0660518 3.69451 1 777
-0.136072 -0.0816309 0.0105096 0.0377642 0.0889968 0.995316 0.159027 0.0661348 3.68195 1 778
-0.137086 -0.0799144 0.0105165 0.0516318 0.0905439 0.994553 0.159027 0.0661788 3.66938 1 779
-0.13808 -0.0781854 0.010517 0.064537 0.0913454 0.993726 0.159027 0.0661817 3.65681 1 780
-0.139051 -0.0764442 0.0105143 0.0765865 0.0911645 0.992886 0.159027 0.066165 3.64425 1 781
-0.140001 -0.0746909 0.0105134 0.087412 0.0902626 0.992074 0.159027 0.0661587 3.63168 1 782
-0.140929 -0.0729258 0.0105107 0.0965067 0.0893064 0.991318 0.159027 0.066142 3.61911 1 783
-0.141834 -0.071149 0.0105149 0.103866 0.0889755 0.990603 0.159027 0.0661686 3.60655 1 784
-0.142716 -0.069361 0.0105187 0.107983 0.0889371 0.990167 0.159027 0.0661923 3.59398 1 785
-0.143577 -0.0675622 0.0105165 0.109937 0.0894239 0.989908 0.159027 0.0661788 3.58142 1 786
-0.144416 -0.0657531 0.0105014 0.108795 0.0899846 0.989983 0.159027 0.0660835 3.56885 1 787
-0.145233 -0.0639342 0.0104611 0.105841 0.0904586 0.99026 0.159027 0.0658291 3.55628 1 788
-0.14603 -0.0621063 0.0103786 0.100418 0.0902634 0.990842 0.159027 0.0653097 3.54372 1 789
-0.146806 -0.0602694 0.0102562 0.0927546 0.0896728 0.991643 0.159027 0.0645381 3.53115 1 790
-0.147561 -0.0584235 0.0101026 0.0831097 0.0884391 0.992608 0.159027 0.0635706 3.51858 1 791
-0.148294 -0.0565687 0.00992195 0.0726293 0.0866258 0.99359 0.159027 0.0624321 3.50602 1 792
-0.149005 -0.054705 0.00972402 0.0617593 0.0843493 0.99452 0.159027 0.0611852 3.49345 1 793
-0.149692 -0.0528322 0.00952628 0.0503197 0.0814846 0.995404 0.159027 0.0599394 3.48088 1 794
-0.150354 -0.0509504 0.00935122 0.0389699 0.0786228 0.996142 0.159027 0.0588367 3.46832 1 795
-0.15099 -0.0490595 0.00921237 0.0281868 0.0758343 0.996722 0.159027 0.0579621 3.45575 1 796
-0.1516 -0.0471602 0.00910266 0.0182458 0.0728045 0.997179 0.159027 0.057271 3.44319 1 797
-0.152185 -0.0452528 0.00902019 0.00938724 0.0701999 0.997489 0.159027 0.0567516 3.43062 1 798
-0.152746 -0.0433379 0.00895325 0.00152223 0.0679762 0.997686 0.159027 0.05633 3.41805 1 799
-0.153282 -0.041416 0.0088884 -0.00510524 0.0662058 0.997793 0.159027 0.0559216 3.40549 1 800
-0.153795 -0.0394877 0.00880598 -0.0104276 0.0653882 0.997805 0.159027 0.0554025 3.39292 1 801
-0.154285 -0.0375536 0.00868819 -0.0144806 0.0656346 0.997739 0.159027 0.0546606 3.38035 1 802
-0.154753 -0.0356138 0.0085236 -0.0173411 0.0671009 0.997595 0.159027 0.0536242 3.36779 1 803
-0.155199 -0.0336687 0.00831868 -0.0191257 0.0698122 0.997377 0.159027 0.0523338 3.35522 1 804
-0.155622 -0.0317182 0.00808944 -0.0193506 0.0729818 0.997146 0.159027 0.0508903 3.34265 1 805
-0.15602 -0.0297624 0.0078404 -0.0183294 0.0760817 0.996933 0.159027 0.0493223 3.33009 1 806
-0.156394 -0.0278017 0.00759242 -0.0156772 0.0782985 0.996807 0.159027 0.0477611 3.31752 1 807
-0.156742 -0.025836 0.00735402 -0.0112144 0.0790813 0.996805 0.159027 0.0462603 3.30496 1 808
-0.157063 -0.0238657 0.00715234 -0.00563388 0.0785319 0.996896 0.159027 0.0449908 3.29239 1 809
-0.157358 -0.0218912 0.00698693 0.00144966 0.076951 0.997034 0.159027 0.0439496 3.27982 1 810
-0.157625 -0.0199127 0.00687552 0.00945119 0.0744363 0.997181 0.159027 0.0432484 3.26726 1 811
-0.157866 -0.0179307 0.0068141 0.0183672 0.0710781 0.997302 0.159027 0.0428618 3.25469 1 812
-0.158079 -0.0159456 0.00680675 0.0276911 0.0671637 0.997358 0.159027 0.0428155 3.24212 1 813
-0.158266 -0.0139578 0.00683698 0.0368353 0.0629943 0.997334 0.159027 0.0430058 3.22956 1 814
-0.158427 -0.0119678 0.00688119 0.0453884 0.0589054 0.997231 0.159027 0.0432841 3.21699 1 815
-0.158563 -0.00997592 0.00692279 0.0526447 0.0553371 0.997079 0.159027 0.0435459 3.20442 1 816
-0.158675 -0.00798259 0.00694248 0.0588102 0.0522347 0.996902 0.159027 0.0436699 3.19186 1 817
-0.158763 -0.00598807 0.00692331 0.0632629 0.0503236 0.996727 0.159027 0.0435492 3.17929 1 818
-0.158829 -0.00399265 0.00685544 0.0662177 0.0498386 0.99656 0.159027 0.043122 3.16673 1 819
-0.158871 -0.00199654 0.00675578 0.0675574 0.0506473 0.996429 0.159027 0.0424948 3.15416 1 820
-0.158889 1.94584e-17 0.00661168 0.0677463 0.05282 0.996303 0.159027 0.0415878 3.14159 1 821
-0.158884 0.0019967 0.00643549 0.0668817 0.0562608 0.996173 0.159027 0.040479 3.12903 1 822
-0.158854 0.00399329 0.00623728 0.065114 0.0607273 0.996028 0.159027 0.0392316 3.11646 1 823
-0.1588 0.00598946 0.00601792 0.0626962 0.0654998 0.995881 0.159027 0.0378512 3.10389 1 824
-0.158721 0.0079849 0.00579375 0.0598174 0.0697397 0.99577 0.159027 0.0364406 3.09133 1 825
-0.158615 0.00997924 0.0055812 0.0567576 0.0728627 0.995726 0.159027 0.0351032 3.07876 1 826
-0.158485 0.0119722 0.0053658 0.0539357 0.074073 0.995793 0.159027 0.0337479 3.06619 1 827
-0.158329 0.0139633 0.00516544 0.0517494 0.073665 0.995939 0.159027 0.0324872 3.05363 1 828
-0.158146 0.0159523 0.00499489 0.0503771 0.07135 0.996178 0.159027 0.0314142 3.04106 1 829
-0.157937 0.0179388 0.00485871 0.0501349 0.0673143 0.996471 0.159027 0.0305575 3.0285 1 830
-0.157702 0.0199224 0.00476564 0.0507248 0.0616101 0.996811 0.159027 0.029972 3.01593 1 831
-0.15744 0.0219027 0.00473011 0.0524712 0.0542267 0.997149 0.159027 0.0297485 3.00336 1 832
-0.157152 0.0238793 0.00474631 0.0551549 0.046044 0.997416 0.159027 0.0298503 2.9908 1 833
-0.156838 0.0258519 0.00481311 0.0582252 0.0376254 0.997594 0.159027 0.0302706 2.97823 1 834
-0.156497 0.02782 0.00492977 0.0620846 0.0290563 0.997648 0.159027 0.0310046 2.96566 1 835
-0.156131 0.0297835 0.00507293 0.0658049 0.0207453 0.997617 0.159027 0.0319052 2.9531 1 836
-0.15574 0.0317422 0.00521571 0.0695798 0.0128182 0.997494 0.159027 0.0328035 2.94053 1 837
-0.155324 0.0336957 0.00535854 0.0731682 0.00535927 0.997305 0.159027 0.0337022 2.92796 1 838
-0.154884 0.0356439 0.00547762 0.0763045 -0.00167936 0.997083 0.159027 0.0344514 2.9154 1 839
-0.154421 0.0375867 0.00556771 0.0784994 -0.00843318 0.996878 0.159027 0.0350183 2.90283 1 840
-0.153934 0.0395236 0.00562855 0.0801211 -0.0149473 0.996673 0.159027 0.0354011 2.89027 1 841
-0.153424 0.0414544 0.00567557 0.0811613 -0.0210573 0.996479 0.159027 0.0356969 2.8777 1 842
-0.152889 0.0433787 0.00571651 0.0816265 -0.0270841 0.996295 0.159027 0.0359545 2.86513 1 843
-0.15233 0.0452959 0.0057723 0.0814238 -0.0329411 0.996135 0.159027 0.0363056 2.85257 1 844
-0.151746 0.0472056 0.00585235 0.0808401 -0.0388649 0.995969 0.159027 0.0368093 2.84 1 845
-0.151137 0.0491074 0.00596969 0.079699 -0.0449931 0.995803 0.159027 0.0375477 2.82743 1 846
-0.150503 0.0510009 0.00611796 0.078161 -0.0513109 0.995619 0.159027 0.0384807 2.81487 1 847
-0.149843 0.0528857 0.00630531 0.0762611 -0.0572632 0.995442 0.159027 0.0396597 2.8023 1 848
-0.149158 0.0547614 0.00652364 0.0742664 -0.0626208 0.99527 0.159027 0.0410337 2.78973 1 849
-0.148449 0.0566278 0.00676574 0.0721093 -0.0670162 0.995143 0.159027 0.0425575 2.77717 1 850
-0.147716 0.058485 0.00700198 0.0698924 -0.0705718 0.995055 0.159027 0.0440444 2.7646 1 851
-0.146961 0.0603329 0.00721698 0.067623 -0.0729876 0.995038 0.159027 0.0453977 2.75204 1 852
-0.146183 0.0621716 0.00739874 0.0654198 -0.0738814 0.995119 0.159027 0.0465419 2.73947 1 853
-0.145385 0.0640012 0.00752693 0.0632166 -0.0732641 0.995307 0.159027 0.0473488 2.7269 1 854
-0.144566 0.0658215 0.00760657 0.060786 -0.0710765 0.995617 0.159027 0.0478502 2.71434 1 855
-0.143726 0.0676324 0.00763251 0.0581473 -0.0675323 0.996021 0.159027 0.0480135 2.70177 1 856
-0.142866 0.0694337 0.00760235 0.0551721 -0.0629224 0.996492 0.159027 0.0478236 2.6892 1 857
-0.141985 0.0712249 0.00753799 0.0519825 -0.0574311 0.996995 0.159027 0.0474184 2.67664 1 858
-0.141083 0.0730053 0.00745105 0.0483818 -0.0514635 0.997502 0.159027 0.0468711 2.66407 1 859
-0.140158 0.0747744 0.00736249 0.0445589 -0.0453129 0.997979 0.159027 0.0463137 2.6515 1 860
-0.13921 0.0765314 0.00728514 0.0402659 -0.038993 0.998428 0.159027 0.0458267 2.63894 1 861
-0.13824 0.0782761 0.00722022 0.0358337 -0.0325897 0.998826 0.159027 0.0454181 2.62637 1 862
-0.137247 0.0800079 0.00718363 0.0312878 -0.0260343 0.999171 0.159027 0.0451878 2.61381 1 863
-0.136231 0.0817267 0.00716651 0.026454 -0.0196347 0.999457 0.159027 0.04508 2.60124 1 864
-0.135194 0.0834321 0.00716518 0.0217296 -0.0130283 0.999679 0.159027 0.0450716 2.58867 1 865
-0.134135 0.0851244 0.00716333 0.0170143 -0.00600191 0.999837 0.159027 0.04506 2.57611 1 866
-0.133055 0.0868037 0.00714364 0.0123351 0.00165598 0.999923 0.159027 0.044936 2.56354 1 867
-0.131956 0.0884702 0.00709034 0.00783003 0.00994635 0.99992 0.159027 0.0446005 2.55097 1 868
-0.130837 0.0901239 0.00698989 0.00336093 0.0190725 0.999812 0.159027 0.0439683 2.53841 1 869
-0.1297 0.0917645 0.00684498 -0.000888881 0.0287655 0.999586 0.159027 0.0430562 2.52584 1 870
-0.128543 0.0933916 0.00666285 -0.00483731 0.0388496 0.999233 0.159027 0.0419099 2.51327 1 871
-0.127366 0.0950047 0.006452 -0.00851511 0.0485888 0.998783 0.159027 0.0405829 2.50071 1 872
-0.126169 0.0966034 0.00621759 -0.0122968 0.0579448 0.998244 0.159027 0.0391077 2.48814 1 873
-0.124952 0.0981867 0.0059883 -0.0159009 0.0663264 0.997671 0.159027 0.0376648 2.47558 1 874
-0.123715 0.0997538 0.00578645 -0.0190955 0.0733472 0.997124 0.159027 0.0363946 2.46301 1 875
-0.122456 0.101304 0.00561379 -0.0215127 0.0786751 0.996668 0.159027 0.0353082 2.45044 1 876
-0.121177 0.102838 0.00548157 -0.0229832 0.0814603 0.996412 0.159027 0.0344763 2.43788 1 877
-0.119877 0.104354 0.00540929 -0.0239154 0.0821352 0.996334 0.159027 0.0340215 2.42531 1 878
-0.118557 0.105853 0.00537017 -0.0240388 0.0814336 0.996389 0.159027 0.0337753 2.41274 1 879
-0.117218 0.107335 0.00536511 -0.0235879 0.0784794 0.996637 0.159027 0.0337435 2.40018 1 880
-0.115859 0.108799 0.00538319 -0.0226033 0.0736736 0.997026 0.159027 0.0338572 2.38761 1 881
-0.114482 0.110246 0.00540979 -0.0214042 0.0672711 0.997505 0.159027 0.0340246 2.37504 1 882
-0.113087 0.111675 0.00543689 -0.0198913 0.0596931 0.998019 0.159027 0.0341951 2.36248 1 883
-0.111674 0.113087 0.0054582 -0.018593 0.0509631 0.998527 0.159027 0.0343292 2.34991 1 884
-0.110244 0.114481 0.00546717 -0.0174544 0.04157 0.998983 0.159027 0.0343857 2.33734 1 885
-0.108797 0.115857 0.00548879 -0.0165251 0.0315913 0.999364 0.159027 0.0345217 2.32478 1 886
-0.107331 0.117214 0.00552475 -0.0163282 0.0214999 0.999636 0.159027 0.034748 2.31221 1 887
-0.105848 0.118551 0.00559701 -0.0175078 0.0109518 0.999787 0.159027 0.0352026 2.29965 1 888
-0.104347 0.119869 0.00572105 -0.0203451 7.92734e-05 0.999793 0.159027 0.0359831 2.28708 1 889
-0.102828 0.121165 0.00591252 -0.0248867 -0.0110269 0.999629 0.159027 0.0371879 2.27451 1 890
-0.101291 0.12244 0.00618275 -0.0308309 -0.021615 0.999291 0.159027 0.0388884 2.26195 1 891
-0.0997358 0.123692 0.0065269 -0.0378644 -0.0313799 0.99879 0.159027 0.0410542 2.24938 1 892
-0.0981626 0.124922 0.00694656 -0.0463211 -0.0405961 0.998101 0.159027 0.0436955 2.23681 1 893
-0.0965722 0.126129 0.00741505 -0.0557291 -0.0481025 0.997287 0.159027 0.0466445 2.22425 1 894
-0.0949655 0.127313 0.00790616 -0.0655186 -0.0537847 0.996401 0.159027 0.0497363 2.21168 1 895
-0.093343 0.128476 0.00840594 -0.0748244 -0.0574594 0.99554 0.159027 0.0528832 2.19911 1 896
-0.091706 0.129617 0.00888974 -0.0830367 -0.0585844 0.994823 0.159027 0.05593 2.18655 1 897
-0.0900558 0.130739 0.00932591 -0.0907006 -0.0571941 0.994234 0.159027 0.0586772 2.17398 1 898
-0.0883937 0.131842 0.00968938 -0.0968079 -0.0534504 0.993867 0.159027 0.0609669 2.16142 1 899
-0.08672 0.132927 0.00998626 -0.101671 -0.0476404 0.993677 0.159027 0.0628373 2.14885 1 900
-0.0850353 0.133994 0.010206 -0.104372 -0.0396035 0.993749 0.159027 0.0642217 2.13628 1 901
-0.0833398 0.135044 0.0103512 -0.105697 -0.0304096 0.993933 0.159027 0.0651367 2.12372 1 902
-0.0816337 0.136076 0.0104291 -0.10532 -0.0203391 0.99423 0.159027 0.065628 2.11115 1 903
-0.0799167 0.13709 0.0104456 -0.103657 -0.0105526 0.994557 0.159027 0.0657318 2.09858 1 904
-0.0781885 0.138085 0.0104208 -0.100086 -0.000953868 0.994978 0.159027 0.0655754 2.08602 1 905
-0.0764487 0.13906 0.0103714 -0.0950797 0.00698576 0.995445 0.159027 0.0652643 2.07345 1 906
-0.074697 0.140013 0.0103135 -0.0888889 0.0127519 0.99596 0.159027 0.0648992 2.06088 1 907
-0.0729333 0.140943 0.0102598 -0.0819883 0.0167041 0.996493 0.159027 0.0645611 2.04832 1 908
-0.0711577 0.141851 0.0102164 -0.0745071 0.0175791 0.997066 0.159027 0.0642875 2.03575 1 909
-0.0693701 0.142735 0.0101975 -0.0671063 0.0164821 0.99761 0.159027 0.0641681 2.02319 1 910
-0.0675712 0.143596 0.010193 -0.0594264 0.0124048 0.998156 0.159027 0.0641402 2.01062 1 911
-0.0657609 0.144433 0.0102134 -0.0518729 0.00618746 0.998635 0.159027 0.0642684 1.99805 1 912
-0.06394 0.145246 0.0102405 -0.0450533 -0.00192016 0.998983 0.159027 0.0644396 1.98549 1 913
-0.0621091 0.146036 0.0102681 -0.0392698 -0.0120846 0.999156 0.159027 0.0646131 1.97292 1 914
-0.0602683 0.146803 0.0102988 -0.034569 -0.0233161 0.99913 0.159027 0.0648064 1.96035 1 915
-0.0584182 0.147548 0.0103245 -0.0305887 -0.0345969 0.998933 0.159027 0.0649689 1.94779 1 916
-0.0565586 0.148268 0.0103632 -0.0269712 -0.0455643 0.998597 0.159027 0.0652123 1.93522 1 917
-0.0546898 0.148963 0.0104157 -0.0234656 -0.0559794 0.998156 0.159027 0.0655432 1.92265 1 918
-0.0528121 0.149635 0.0104851 -0.0201057 -0.0660369 0.997615 0.159027 0.0659807 1.91009 1 919
-0.0509257 0.150281 0.0105776 -0.0169144 -0.0763061 0.996941 0.159027 0.0665634 1.89752 1 920
-0.0490308 0.150901 0.0106921 -0.0138681 -0.0859629 0.996202 0.159027 0.0672852 1.88496 1 921
-0.0471281 0.151497 0.0108239 -0.010733 -0.0951484 0.995405 0.159027 0.0681159 1.87239 1 922
-0.0452181 0.152069 0.0109558 -0.00778609 -0.103707 0.994577 0.159027 0.0689471 1.85982 1 923
-0.0433014 0.152617 0.0110703 -0.00448314 -0.111189 0.993789 0.159027 0.0696692 1.84726 1 924
-0.0413788 0.153144 0.0111502 -0.000433339 -0.117691 0.99305 0.159027 0.0701729 1.83469 1 925
-0.0394505 0.15365 0.0111816 0.00471668 -0.122765 0.992425 0.159027 0.0703708 1.82212 1 926
-0.037517 0.154135 0.0111571 0.0108936 -0.126635 0.99189 0.159027 0.0702164 1.80956 1 927
-0.0355784 0.1546 0.0110789 0.0179667 -0.129477 0.99142 0.159027 0.0697233 1.79699 1 928
-0.0336349 0.155043 0.0109481 0.025109 -0.131331 0.991021 0.159027 0.0688985 1.78442 1 929
-0.0316862 0.155465 0.0107784 0.0320178 -0.132363 0.990684 0.159027 0.0678293 1.77186 1 930
-0.0297324 0.155863 0.0105977 0.038061 -0.132654 0.990431 0.159027 0.06669 1.75929 1 931
-0.0277737 0.156236 0.0104115 0.0430757 -0.132675 0.990223 0.159027 0.0655167 1.74673 1 932
-0.02581 0.156584 0.0102384 0.0461324 -0.132695 0.990083 0.159027 0.0644263 1.73416 1 933
-0.0238416 0.156904 0.0101094 0.0465694 -0.133092 0.990009 0.159027 0.0636133 1.72159 1 934
-0.0218688 0.157197 0.0100268 0.044017 -0.133627 0.990054 0.159027 0.0630928 1.70903 1 935
-0.0198918 0.15746 0.0100097 0.0383243 -0.134534 0.990168 0.159027 0.0629851 1.69646 1 936
-0.0179112 0.157694 0.0100626 0.0299442 -0.136074 0.990246 0.159027 0.0633186 1.68389 1 937
-0.0159274 0.157899 0.0101963 0.0192859 -0.137923 0.990255 0.159027 0.064161 1.67133 1 938
-0.0139407 0.158072 0.0104198 0.00624354 -0.140119 0.990115 0.159027 0.0655689 1.65876 1 939
-0.0119518 0.158215 0.0107195 -0.00884195 -0.142421 0.989767 0.159027 0.067458 1.64619 1 940
-0.00996109 0.158327 0.0110877 -0.0255442 -0.144269 0.989209 0.159027 0.0697789 1.63363 1 941
-0.00796921 0.158409 0.0115212 -0.0426876 -0.145635 0.988417 0.159027 0.0725118 1.62106 1 942
-0.00597662 0.15846 0.0120154 -0.0599945 -0.146053 0.987456 0.159027 0.0756279 1.6085 1 943
-0.00398393 0.158482 0.0125369 -0.0765094 -0.145788 0.986353 0.159027 0.0789167 1.59593 1 944
-0.00199157 0.158476 0.0130761 -0.0924506 -0.144447 0.985184 0.159027 0.0823189 1.58336 1 945
9.70179e-18 0.158442 0.0136255 -0.107385 -0.141728 0.984064 0.159027 0.0857855 1.5708 1 946
0.00199039 0.158382 0.0141736 -0.120495 -0.138062 0.983067 0.159027 0.0892453 1.55823 1 947
0.00397931 0.158298 0.0146755 -0.131199 -0.133812 0.982284 0.159027 0.0924148 1.54566 1 948
0.00596649 0.158191 0.0151523 -0.139766 -0.128885 0.981761 0.159027 0.0954262 1.5331 1 949
0.0079517 0.158061 0.0155931 -0.146081 -0.123055 0.981589 0.159027 0.0982113 1.52053 1 950
0.00993478 0.157909 0.0159912 -0.149728 -0.116525 0.981837 0.159027 0.100727 1.50796 1 951
0.0119157 0.157737 0.0163275 -0.150614 -0.109478 0.982512 0.159027 0.102853 1.4954 1 952
0.0138944 0.157547 0.016599 -0.149201 -0.101749 0.983558 0.159027 0.104569 1.48283 1 953
0.0158706 0.157336 0.016828 -0.145868 -0.0935197 0.984874 0.159027 0.106017 1.47027 1 954
0.0178442 0.157104 0.0170107 -0.140668 -0.0850515 0.986397 0.159027 0.107172 1.4577 1 955
0.0198151 0.156852 0.0171539 -0.133701 -0.0766147 0.988056 0.159027 0.108078 1.44513 1 956
0.0217831 0.156581 0.0172501 -0.124316 -0.0687092 0.989861 0.159027 0.108687 1.43257 1 957
0.023748 0.156288 0.0173076 -0.113516 -0.0613103 0.991643 0.159027 0.109051 1.42 1 958
0.0257096 0.155975 0.0173357 -0.102297 -0.0546307 0.993253 0.159027 0.109228 1.40743 1 959
0.0276676 0.15564 0.0173299 -0.0910759 -0.0491496 0.99463 0.159027 0.109192 1.39487 1 960
0.029622 0.155284 0.0172935 -0.0802925 -0.0446354 0.995771 0.159027 0.108961 1.3823 1 961
0.0315723 0.154906 0.0172307 -0.0702065 -0.0408065 0.996697 0.159027 0.108564 1.36973 1 962
0.0335184 0.154506 0.0171432 -0.0616909 -0.0377398 0.997382 0.159027 0.10801 1.35717 1 963
0.0354595 0.154082 0.0170528 -0.0555412 -0.0353974 0.997829 0.159027 0.107439 1.3446 1 964
0.0373949 0.153633 0.0169747 -0.0517483 -0.0339311 0.998084 0.159027 0.106944 1.33204 1 965
0.0393241 0.153157 0.0169146 -0.0503685 -0.033204 0.998179 0.159027 0.106565 1.31947 1 966
0.0412456 0.152651 0.016911 -0.0513986 -0.033126 0.998129 0.159027 0.106542 1.3069 1 967
0.0431589 0.152115 0.0169678 -0.0539136 -0.0341229 0.997962 0.159027 0.106901 1.29434 1 968
0.045063 0.151547 0.0170999 -0.0581126 -0.0361165 0.997657 0.159027 0.107736 1.28177 1 969
0.0469575 0.150949 0.0172939 -0.0636228 -0.0389547 0.997213 0.159027 0.108963 1.2692 1 970
0.048842 0.15032 0.0175462 -0.0703997 -0.0424207 0.996616 0.159027 0.11056 1.25664 1 971
0.0507161 0.149662 0.0178511 -0.0778818 -0.046597 0.995873 0.159027 0.112489 1.24407 1 972
0.0525808 0.148979 0.0181665 -0.0857463 -0.0509231 0.995015 0.159027 0.114485 1.2315 1 973
0.0544361 0.148272 0.0184839 -0.0936174 -0.0555737 0.994056 0.159027 0.116495 1.21894 1 974
0.0562828 0.147545 0.018773 -0.101131 -0.0606629 0.993022 0.159027 0.118325 1.20637 1 975
0.058121 0.146797 0.0190324 -0.108389 -0.0659374 0.991919 0.159027 0.119968 1.19381 1 976
0.0599511 0.146031 0.0192483 -0.114778 -0.0711714 0.990838 0.159027 0.121335 1.18124 1 977
0.061773 0.145246 0.0194242 -0.120248 -0.0765586 0.989787 0.159027 0.12245 1.16867 1 978
0.0635859 0.144442 0.0195716 -0.124862 -0.0820171 0.988778 0.159027 0.123384 1.15611 1 979
0.0653897 0.143617 0.0196934 -0.128439 -0.0878538 0.987818 0.159027 0.124155 1.14354 1 980
0.0671826 0.14277 0.0198179 -0.131312 -0.093592 0.986913 0.159027 0.124944 1.13097 1 981
0.068964 0.1419 0.0199506 -0.133868 -0.0992444 0.986017 0.159027 0.125785 1.11841 1 982
0.0707335 0.141006 0.0200949 -0.136591 -0.104758 0.985073 0.159027 0.1267 1.10584 1 983
0.0724901 0.140087 0.0202586 -0.139786 -0.110069 0.984045 0.159027 0.127738 1.09327 1 984
0.0742335 0.139144 0.0204437 -0.143441 -0.115184 0.982933 0.159027 0.128912 1.08071 1 985
0.0759642 0.138178 0.0206343 -0.147764 -0.12007 0.981707 0.159027 0.130121 1.06814 1 986
0.0776817 0.13719 0.0208326 -0.152641 -0.124501 0.980408 0.159027 0.131378 1.05558 1 987
0.0793867 0.136181 0.0210246 -0.157891 -0.128439 0.979068 0.159027 0.132596 1.04301 1 988
0.0810798 0.135153 0.0211969 -0.162711 -0.13223 0.977773 0.159027 0.133689 1.03044 1 989
0.0827597 0.134104 0.0213663 -0.166865 -0.135833 0.976578 0.159027 0.134764 1.01788 1 990
0.0844282 0.133038 0.0215048 -0.169901 -0.139333 0.975561 0.159027 0.135643 1.00531 1 991
0.0860839 0.131952 0.0216305 -0.171832 -0.142564 0.974756 0.159027 0.136441 0.992743 1 992
0.0877273 0.130848 0.0217333 -0.172733 -0.145379 0.974181 0.159027 0.137093 0.980177 1 993
0.0893576 0.129725 0.0218231 -0.172834 -0.147511 0.973842 0.159027 0.137663 0.967611 1 994
0.0909742 0.128583 0.0219035 -0.172808 -0.148508 0.973695 0.159027 0.138174 0.955044 1 995
0.0925761 0.12742 0.0219855 -0.17295 -0.148305 0.973701 0.159027 0.138694 0.942478 1 996
0.0941624 0.126237 0.0220765 -0.173574 -0.146878 0.973806 0.159027 0.139272 0.929911 1 997
0.0957318 0.125031 0.0221873 -0.175351 -0.144061 0.973909 0.159027 0.139975 0.917345 1 998
0.0972825 0.123802 0.0223344 -0.178416 -0.139865 0.973964 0.159027 0.14091 0.904779 1 999
0.0988129 0.122548 0.0225311 -0.183098 -0.134554 0.973843 0.159027 0.14216 0.892212 1 1000
0.100322 0.121269 0.0227814 -0.188692 -0.128865 0.973545 0.159027 0.143749 0.879646 1 1001
0.101809 0.119964 0.0230885 -0.195424 -0.12301 0.972974 0.159027 0.145701 0.86708 1 1002
0.103275 0.118637 0.0234307 -0.202905 -0.117506 0.972122 0.159027 0.147876 0.854513 1 1003
0.10472 0.117288 0.023809 -0.210363 -0.113176 0.97105 0.159027 0.150282 0.841947 1 1004
0.106145 0.115918 0.0242041 -0.217391 -0.110161 0.969848 0.159027 0.152795 0.82938 1 1005
0.107554 0.114533 0.0245766 -0.223603 -0.108702 0.9686 0.159027 0.155166 0.816814 1 1006
0.108946 0.113132 0.0249286 -0.228448 -0.109615 0.967366 0.159027 0.157406 0.804248 1 1007
0.110328 0.111723 0.0252033 -0.231606 -0.112874 0.966239 0.159027 0.159155 0.791681 1 1008
0.111702 0.110307 0.0253892 -0.232598 -0.118444 0.965334 0.159027 0.160339 0.779115 1 1009
0.11307 0.108886 0.0254673 -0.231066 -0.126468 0.964684 0.159027 0.160837 0.766549 1 1010
0.114436 0.107462 0.0254135 -0.227023 -0.137063 0.964196 0.159027 0.160494 0.753982 1 1011
0.1158 0.106037 0.0252237 -0.21916 -0.149971 0.964094 0.159027 0.159285 0.741416 1 1012
0.117161 0.104607 0.0249012 -0.209112 -0.16377 0.964081 0.159027 0.157232 0.728849 1 1013
0.118523 0.103176 0.0244251 -0.196926 -0.177416 0.964232 0.159027 0.154201 0.716283 1 1014
0.119875 0.101733 0.0238713 -0.184687 -0.189926 0.964271 0.159027 0.150678 0.703717 1 1015
0.121213 0.100276 0.0232757 -0.172462 -0.199933 0.964512 0.159027 0.146891 0.69115 1 1016
0.122527 0.0987959 0.0227196 -0.161091 -0.206313 0.965134 0.159027 0.143357 0.678584 1 1017
0.123813 0.0972915 0.0222312 -0.15146 -0.209153 0.966082 0.159027 0.140254 0.666018 1 1018
0.125065 0.095758 0.0218788 -0.143491 -0.207513 0.967651 0.159027 0.138017 0.653451 1 1019
0.12628 0.0941949 0.0216849 -0.137951 -0.202091 0.969602 0.159027 0.136786 0.640885 1 1020
0.127461 0.0926058 0.021621 -0.134906 -0.192455 0.971988 0.159027 0.136381 0.628319 1 1021
0.128608 0.0909919 0.0216828 -0.134328 -0.178775 0.974677 0.159027 0.136773 0.615752 1 1022
0.129721 0.0893549 0.0218581 -0.135921 -0.162058 0.977375 0.159027 0.137885 0.603186 1 1023
0.130803 0.087697 0.0221242 -0.13961 -0.143468 0.979758 0.159027 0.139575 0.590619 1 1024
0.131855 0.0860211 0.0224524 -0.144127 -0.123558 0.981815 0.159027 0.14166 0.578053 1 1025
0.132881 0.0843285 0.0228266 -0.149522 -0.103334 0.983344 0.159027 0.144037 0.565487 1 1026
0.133878 0.0826204 0.0232394 -0.15577 -0.0831282 0.984289 0.159027 0.14666 0.55292 1 1027
0.13485 0.0808982 0.0236743 -0.162061 -0.0633799 0.984743 0.159027 0.149425 0.540354 1 1028
0.135798 0.0791636 0.0241141 -0.168704 -0.0447675 0.98465 0.159027 0.152222 0.527788 1 1029
0.136723 0.0774171 0.0245572 -0.175279 -0.0278164 0.984126 0.159027 0.155042 0.515221 1 1030
0.137622 0.0756586 0.0250086 -0.181874 -0.0125837 0.983241 0.159027 0.157916 0.502655 1 1031
0.138498 0.0738891 0.0254596 -0.188439 0.000901505 0.982085 0.159027 0.160788 0.490088 1 1032
0.139353 0.0721102 0.0258939 -0.194778 0.0122619 0.980771 0.159027 0.163555 0.477522 1 1033
0.140182 0.0703205 0.0263348 -0.200832 0.0214805 0.97939 0.159027 0.166366 0.464956 1 1034
0.14099 0.0685221 0.026758 -0.20651 0.0284175 0.978032 0.159027 0.169065 0.452389 1 1035
0.141781 0.0667169 0.0271426 -0.212035 0.0325819 0.976719 0.159027 0.171519 0.439823 1 1036
0.142551 0.064904 0.0275014 -0.217702 0.0345155 0.975405 0.159027 0.173809 0.427257 1 1037
0.143305 0.0630858 0.0278087 -0.222888 0.0337832 0.974259 0.159027 0.175771 0.41469 1 1038
0.144047 0.0612629 0.0280533 -0.227614 0.0303543 0.973278 0.159027 0.177334 0.402124 1 1039
0.144774 0.0594353 0.0282386 -0.232303 0.0242294 0.972342 0.159027 0.178518 0.389557 1 1040
0.145491 0.057604 0.0283491 -0.236883 0.0159975 0.971406 0.159027 0.179224 0.376991 1 1041
0.146196 0.0557685 0.0283917 -0.241137 0.00633186 0.97047 0.159027 0.179496 0.364425 1 1042
0.146889 0.0539281 0.0283741 -0.245109 -0.00481834 0.969483 0.159027 0.179383 0.351858 1 1043
0.147569 0.0520829 0.028293 -0.248892 -0.0160644 0.968398 0.159027 0.178865 0.339292 1 1044
0.148233 0.0502317 0.0281668 -0.25223 -0.0268851 0.967294 0.159027 0.178059 0.326726 1 1045
0.148878 0.0483735 0.0280157 -0.254716 -0.0363971 0.966331 0.159027 0.177094 0.314159 1 1046
0.1495 0.0465069 0.0278631 -0.256535 -0.0443901 0.965515 0.159027 0.176119 0.301593 1 1047
0.150096 0.0446314 0.0277294 -0.257624 -0.0500997 0.964946 0.159027 0.175265 0.289027 1 1048
0.15066 0.0427462 0.0276362 -0.258006 -0.0536691 0.964652 0.159027 0.17467 0.27646 1 1049
0.151193 0.0408517 0.0275931 -0.257627 -0.0549541 0.96468 0.159027 0.174394 0.263894 1 1050
0.151693 0.0389482 0.0275996 -0.256566 -0.0541208 0.96501 0.159027 0.174436 0.251327 1 1051
0.152161 0.0370365 0.0276588 -0.25472 -0.0511221 0.965663 0.159027 0.174814 0.238761 1 1052
0.152593 0.0351168 0.0277785 -0.251901 -0.0465936 0.966631 0.159027 0.175579 0.226195 1 1053
0.152995 0.0331906 0.0279354 -0.248532 -0.0404565 0.967778 0.159027 0.176581 0.213628 1 1054
0.153369 0.031259 0.0281161 -0.244559 -0.0333848 0.969059 0.159027 0.177735 0.201062 1 1055
0.153715 0.0293227 0.028311 -0.23977 -0.0257308 0.970489 0.159027 0.17898 0.188496 1 1056
0.154034 0.0273822 0.0285191 -0.234642 -0.0173095 0.971928 0.159027 0.180311 0.175929 1 1057
0.154329 0.0254383 0.028725 -0.229334 -0.00827826 0.973313 0.159027 0.181627 0.163363 1 1058
0.1546 0.0234914 0.0289258 -0.223816 0.00101214 0.974631 0.159027 0.18291 0.150796 1 1059
0.154847 0.0215418 0.0291215 -0.218411 0.0101559 0.975804 0.159027 0.184162 0.13823 1 1060
0.155067 0.0195895 0.0293262 -0.213063 0.018789 0.976858 0.159027 0.185471 0.125664 1 1061
0.155262 0.017635 0.0295352 -0.208096 0.0265271 0.977749 0.159027 0.186809 0.113097 1 1062
0.15543 0.0156784 0.029754 -0.2037 0.0334531 0.978462 0.159027 0.18821 0.100531 1 1063
0.155572 0.0137202 0.029979 -0.199853 0.0394416 0.979032 0.159027 0.18965 0.0879646 1 1064
0.155688 0.0117609 0.0302066 -0.196598 0.0442496 0.979485 0.159027 0.191107 0.0753982 1 1065
0.15578 0.00980087 0.0304299 -0.193776 0.0477041 0.979885 0.159027 0.192538 0.0628319 1 1066
0.155853 0.00784063 0.0306264 -0.191302 0.050024 0.980256 0.159027 0.193797 0.0502655 1 1067
0.155908 0.00588037 0.0307864 -0.189258 0.0509447 0.980605 0.159027 0.194823 0.0376991 1 1068
0.155946 0.00392017 0.0309061 -0.187534 0.0501697 0.980976 0.159027 0.19559 0.0251327 1 1069
0.155967 0.00196005 0.030983 -0.186076 0.0479054 0.981367 0.159027 0.196082 0.0125664 1 1070
0.153788 0 0.0306087 -0.186145 0.0444592 0.981516 0.156805 0.196464 0 1 1071
0.151605 0 0.0301922 -0.18706 0.0413681 0.981477 0.154583 0.196578 0 1 1072
0.149426 0 0.0297602 -0.188709 0.0388699 0.981263 0.15236 0.196592 0 1 1073
0.147247 0 0.0293198 -0.191009 0.0371507 0.980885 0.150138 0.196548 0 1 1074
0.145072 0 0.0288655 -0.194067 0.0361646 0.980321 0.147916 0.196408 0 1 1075
0.1429 0 0.0283949 -0.197628 0.0362088 0.979608 0.145694 0.19615 0 1 1076
0.140731 0 0.0279102 -0.201465 0.0372964 0.978785 0.143471 0.195783 0 1 1077
0.138564 0 0.0274106 -0.205312 0.0394993 0.977899 0.141249 0.195297 0 1 1078
0.136399 0 0.0269039 -0.2091 0.0428179 0.976956 0.139027 0.194744 0 2 1079
0.136432 0.00196176 0.026662 -0.21349 0.0470603 0.975811 0.139027 0.192971 0.014378 2 1080
0.13645 0.00392483 0.0263553 -0.218629 0.0519236 0.974426 0.139027 0.190724 0.028756 2 1081
0.13644 0.00588885 0.0260381 -0.224329 0.057071 0.972841 0.139027 0.1884 0.043134 2 1082
0.136403 0.00785345 0.0257123 -0.230553 0.0620937 0.971077 0.139027 0.186015 0.057512 2 1083
0.136335 0.00981802 0.0253962 -0.237048 0.0667173 0.969204 0.139027 0.183703 0.07189 2 1084
0.136233 0.0117818 0.0251038 -0.243834 0.0706188 0.967243 0.139027 0.181564 0.086268 2 1085
0.136096 0.013744 0.0248488 -0.250797 0.0738572 0.965218 0.139027 0.179699 0.100646 2 1086
0.135924 0.0157038 0.0246279 -0.257578 0.0766106 0.963216 0.139027 0.178085 0.115024 2 1087
0.135722 0.0176613 0.0244182 -0.263952 0.0791845 0.96128 0.139027 0.176552 0.129402 2 1088
0.135488 0.0196158 0.024223 -0.269756 0.0811636 0.959502 0.139027 0.175126 0.14378 2 1089
0.135228 0.0215675 0.0240171 -0.274859 0.0823051 0.957955 0.139027 0.173623 0.158158 2 1090
0.134945 0.0235166 0.0237787 -0.279266 0.0824688 0.956666 0.139027 0.171882 0.172536 2 1091
0.13464 0.0254633 0.0235011 -0.282725 0.0811119 0.955765 0.139027 0.169856 0.186914 2 1092
0.134308 0.0274063 0.0232098 -0.285353 0.0785344 0.955199 0.139027 0.16773 0.201292 2 1093
0.13395 0.0293455 0.0229044 -0.286876 0.074687 0.955052 0.139027 0.165503 0.21567 2 1094
0.133563 0.0312796 0.0226065 -0.287412 0.069608 0.955274 0.139027 0.163331 0.230048 2 1095
0.13314 0.0332069 0.0223481 -0.286581 0.0631524 0.955972 0.139027 0.161447 0.244426 2 1096
0.132681 0.035126 0.0221484 -0.284694 0.0545829 0.957063 0.139027 0.159992 0.258804 2 1097
0.13218 0.0370351 0.0220315 -0.282241 0.0442198 0.958324 0.139027 0.15914 0.273182 2 1098
0.131639 0.0389333 0.0219952 -0.278775 0.0321414 0.959818 0.139027 0.158875 0.28756 2 1099
0.131058 0.0408194 0.0220476 -0.274738 0.0192636 0.961326 0.139027 0.159257 0.301938 2 1100
0.130437 0.0426927 0.0221825 -0.270064 0.00555972 0.962826 0.139027 0.160241 0.316316 2 1101
0.129778 0.044553 0.0223855 -0.26514 -0.00798794 0.964177 0.139027 0.161719 0.330694 2 1102
0.129087 0.0464009 0.0226259 -0.260117 -0.0210516 0.965348 0.139027 0.163471 0.345072 2 1103
0.128366 0.0482368 0.0228879 -0.255266 -0.0333259 0.966296 0.139027 0.165382 0.35945 2 1104
0.127623 0.0500632 0.0231198 -0.250586 -0.0444139 0.967075 0.139027 0.167074 0.373828 2 1105
0.126859 0.0518802 0.0233178 -0.24652 -0.0534866 0.967661 0.139027 0.168518 0.388206 2 1106
0.126078 0.0536894 0.0234571 -0.24291 -0.0598655 0.9682 0.139027 0.169534 0.402584 2 1107
0.125281 0.0554912 0.0235344 -0.23973 -0.0634118 0.968767 0.139027 0.170099 0.416962 2 1108
0.12447 0.0572866 0.0235362 -0.237233 -0.0644167 0.969315 0.139027 0.170112 0.43134 2 1109
0.123647 0.0590766 0.0234498 -0.235179 -0.0630321 0.969906 0.139027 0.169481 0.445718 2 1110
0.122807 0.0608594 0.0233022 -0.233275 -0.0596676 0.970579 0.139027 0.168404 0.460096 2 1111
0.121953 0.062636 0.0230797 -0.231873 -0.0543647 0.971226 0.139027 0.166781 0.474474 2 1112
0.121081 0.064405 0.0227989 -0.230533 -0.047941 0.971883 0.139027 0.164733 0.488852 2 1113
0.120188 0.066164 0.0224867 -0.228901 -0.0403177 0.972614 0.139027 0.162457 0.50323 2 1114
0.119273 0.0679128 0.0221435 -0.227213 -0.0320637 0.973317 0.139027 0.159956 0.517608 2 1115
0.118333 0.0696493 0.0217903 -0.225257 -0.0239198 0.974006 0.139027 0.157383 0.531986 2 1116
0.117367 0.0713725 0.0214348 -0.222727 -0.0163855 0.974743 0.139027 0.154794 0.546364 2 1117
0.116373 0.0730803 0.0210971 -0.220007 -0.0101595 0.975445 0.139027 0.152337 0.560742 2 1118
0.115349 0.0747711 0.0207937 -0.216484 -0.00532496 0.976272 0.139027 0.150129 0.57512 2 1119
0.114296 0.0764447 0.0205198 -0.21252 -0.00240685 0.977154 0.139027 0.148137 0.589498 2 1120
0.113213 0.0780989 0.0202962 -0.20785 -0.000865362 0.97816 0.139027 0.146511 0.603876 2 1121
0.112099 0.0797334 0.020122 -0.203578 -0.00110431 0.979058 0.139027 0.145244 0.618254 2 1122
0.110956 0.0813479 0.0199941 -0.199191 -0.00241308 0.979958 0.139027 0.144315 0.632632 2 1123
0.109785 0.0829422 0.0199085 -0.195671 -0.00549747 0.980654 0.139027 0.143693 0.64701 2 1124
0.108588 0.0845175 0.0198477 -0.192822 -0.0101751 0.981181 0.139027 0.143251 0.661388 2 1125
0.107367 0.0860743 0.0198001 -0.191453 -0.0160507 0.981371 0.139027 0.142905 0.675766 2 1126
0.106124 0.0876141 0.0197452 -0.191377 -0.0225289 0.981258 0.139027 0.142506 0.690144 2 1127
0.104861 0.0891369 0.0196796 -0.192761 -0.0293887 0.980806 0.139027 0.14203 0.704522 2 1128
0.103579 0.0906448 0.0195785 -0.196355 -0.0366227 0.979849 0.139027 0.141295 0.7189 2 1129
0.10228 0.0921381 0.0194371 -0.200464 -0.0437957 0.978722 0.139027 0.140268 0.733278 2 1130
0.100964 0.0936165 0.0192546 -0.205285 -0.0506766 0.977389 0.139027 0.138942 0.747656 2 1131
0.0996296 0.0950796 0.0190344 -0.20967 -0.0571097 0.976103 0.139027 0.137343 0.762034 2 1132
0.0982765 0.0965259 0.0187879 -0.213505 -0.0633347 0.974887 0.139027 0.135553 0.776412 2 1133
0.0969026 0.0979532 0.0185351 -0.216277 -0.0693667 0.973865 0.139027 0.133718 0.79079 2 1134
0.0955071 0.09936 0.0182889 -0.216646 -0.0751369 0.973355 0.139027 0.131932 0.805168 2 1135
0.0940873 0.100743 0.0180815 -0.214874 -0.0807476 0.973298 0.139027 0.130427 0.819546 2 1136
0.0926423 0.1021 0.0179325 -0.211472 -0.0864185 0.973556 0.139027 0.129346 0.833924 2 1137
0.0911721 0.103429 0.0178462 -0.205909 -0.0914842 0.974286 0.139027 0.128721 0.848302 2 1138
0.0896743 0.104728 0.0178623 -0.199131 -0.0957364 0.975285 0.139027 0.128837 0.86268 2 1139
0.0881529 0.105999 0.0179393 -0.191814 -0.0988357 0.976442 0.139027 0.129395 0.877058 2 1140
0.0866089 0.107242 0.0180726 -0.18411 -0.100794 0.977724 0.139027 0.130362 0.891436 2 1141
0.0850453 0.10846 0.0182293 -0.176801 -0.101059 0.979045 0.139027 0.131499 0.905814 2 1142
0.0834666 0.109657 0.0183604 -0.170938 -0.0998112 0.980213 0.139027 0.13245 0.920192 2 1143
0.0818777 0.110841 0.0184066 -0.16657 -0.097459 0.981201 0.139027 0.132786 0.93457 2 1144
0.0802792 0.112012 0.0183601 -0.16384 -0.0944937 0.981951 0.139027 0.132449 0.948948 2 1145
0.0786733 0.113173 0.0181908 -0.163178 -0.0911606 0.982376 0.139027 0.13122 0.963326 2 1146
0.0770586 0.114323 0.0179105 -0.164348 -0.087787 0.982488 0.139027 0.129187 0.977704 2 1147
0.0754331 0.115459 0.0175376 -0.166681 -0.0846272 0.982373 0.139027 0.126483 0.992082 2 1148
0.0737951 0.116579 0.0170945 -0.170427 -0.0823662 0.981922 0.139027 0.12327 1.00646 2 1149
0.0721409 0.117676 0.0166318 -0.174836 -0.0818754 0.981187 0.139027 0.119918 1.02084 2 1150
0.0704695 0.118748 0.0161712 -0.179776 -0.0824657 0.980245 0.139027 0.116581 1.03522 2 1151
0.0687787 0.11979 0.0157578 -0.184062 -0.0849418 0.979238 0.139027 0.113587 1.04959 2 1152
0.0670681 0.1208 0.0154152 -0.187333 -0.0895388 0.978207 0.139027 0.111108 1.06397 2 1153
0.0653377 0.121777 0.0151598 -0.189158 -0.0955379 0.977288 0.139027 0.109259 1.07835 2 1154
0.0635878 0.122719 0.0150065 -0.189126 -0.103019 0.976534 0.139027 0.10815 1.09273 2 1155
0.0618204 0.123627 0.0149332 -0.187133 -0.111454 0.975991 0.139027 0.10762 1.10711 2 1156
0.0600368 0.124504 0.0149259 -0.182987 -0.120655 0.975683 0.139027 0.107567 1.12148 2 1157
0.0582391 0.125351 0.0149588 -0.177186 -0.129483 0.975623 0.139027 0.107805 1.13586 2 1158
0.0564288 0.126171 0.0150052 -0.170301 -0.137618 0.975735 0.139027 0.108141 1.15024 2 1159
0.054607 0.126965 0.0150497 -0.162467 -0.144856 0.976023 0.139027 0.108463 1.16462 2 1160
0.052775 0.127735 0.0150715 -0.154324 -0.15062 0.976472 0.139027 0.108621 1.179 2 1161
0.0509327 0.128479 0.0150797 -0.146353 -0.154895 0.97703 0.139027 0.10868 1.19337 2 1162
0.0490807 0.1292 0.0150689 -0.138735 -0.157814 0.977675 0.139027 0.108602 1.20775 2 1163
0.0472186 0.129894 0.0150526 -0.13176 -0.159097 0.978431 0.139027 0.108483 1.22213 2 1164
0.0453469 0.130561 0.0150345 -0.124739 -0.159608 0.979268 0.139027 0.108352 1.23651 2 1165
0.0434657 0.131201 0.0150158 -0.117148 -0.159472 0.980227 0.139027 0.108218 1.25089 2 1166
0.0415748 0.131813 0.015016 -0.108899 -0.159097 0.981239 0.139027 0.108219 1.26526 2 1167
0.0396749 0.132395 0.0150311 -0.0996482 -0.158994 0.982238 0.139027 0.108328 1.27964 2 1168
0.0377659 0.132947 0.0150774 -0.0898651 -0.158639 0.983239 0.139027 0.108663 1.29402 2 1169
0.0358482 0.133467 0.0151616 -0.0798225 -0.158596 0.984112 0.139027 0.109272 1.3084 2 1170
0.0339223 0.133956 0.0152812 -0.0702259 -0.158363 0.98488 0.139027 0.110138 1.32278 2 1171
0.0319893 0.134415 0.0154206 -0.061762 -0.158434 0.985436 0.139027 0.111147 1.33715 2 1172
0.0300497 0.134844 0.015573 -0.0552564 -0.158645 0.985788 0.139027 0.11225 1.35153 2 1173
0.0281045 0.135246 0.0157196 -0.0510173 -0.159004 0.985959 0.139027 0.113311 1.36591 2 1174
0.0261546 0.135623 0.0158345 -0.0488243 -0.159485 0.985992 0.139027 0.114143 1.38029 2 1175
0.0242008 0.135979 0.0158936 -0.0487164 -0.160043 0.985907 0.139027 0.114571 1.39467 2 1176
0.0222434 0.136314 0.0158842 -0.0505094 -0.160345 0.985768 0.139027 0.114503 1.40904 2 1177
0.0202825 0.136628 0.0158086 -0.054166 -0.160173 0.985602 0.139027 0.113955 1.42342 2 1178
0.0183183 0.136922 0.0156621 -0.0594015 -0.15919 0.985459 0.139027 0.112895 1.4378 2 1179
0.0163507 0.137195 0.0154476 -0.0664626 -0.157177 0.985331 0.139027 0.111342 1.45218 2 1180
0.0143797 0.137448 0.0151601 -0.0753895 -0.154372 0.985132 0.139027 0.109261 1.46656 2 1181
0.0124055 0.137678 0.0148142 -0.086057 -0.151021 0.984778 0.139027 0.106759 1.48093 2 1182
0.0104279 0.137883 0.0144216 -0.0982309 -0.14686 0.984268 0.139027 0.103919 1.49531 2 1183
0.00844727 0.138066 0.0139583 -0.111133 -0.14228 0.983568 0.139027 0.100569 1.50969 2 1184
0.00646363 0.138223 0.0134635 -0.124495 -0.137507 0.982646 0.139027 0.0969929 1.52407 2 1185
0.00447736 0.138353 0.0129171 -0.137697 -0.132774 0.981535 0.139027 0.093045 1.53845 2 1186
0.00248873 0.138459 0.0123001 -0.150642 -0.128737 0.98017 0.139027 0.0885885 1.55282 2 1187
0.000497954 0.138532 0.0117139 -0.162738 -0.125271 0.978685 0.139027 0.0843561 1.5672 2 1188
-0.00149436 0.138573 0.0111211 -0.173077 -0.122273 0.977289 0.139027 0.0800782 1.58158 2 1189
-0.00348769 0.138583 0.0105426 -0.180838 -0.120183 0.976142 0.139027 0.0759042 1.59596 2 1190
-0.00548143 0.138559 0.00998751 -0.185643 -0.118693 0.975422 0.139027 0.0719006 1.61034 2 1191
-0.00747492 0.138502 0.0094804 -0.186737 -0.117588 0.975347 0.139027 0.0682441 1.62471 2 1192
-0.0094675 0.13841 0.00903053 -0.184558 -0.116888 0.975846 0.139027 0.065001 1.63909 2 1193
-0.0114585 0.138283 0.00866241 -0.179041 -0.116663 0.9769 0.139027 0.0623478 1.65347 2 1194
-0.0134472 0.138122 0.00837098 -0.170746 -0.116239 0.978435 0.139027 0.0602476 1.66785 2 1195
-0.0154331 0.137927 0.00815304 -0.160843 -0.116126 0.980125 0.139027 0.0586772 1.68223 2 1196
-0.0174155 0.137698 0.00802408 -0.149129 -0.115913 0.982 0.139027 0.0577481 1.6966 2 1197
-0.0193937 0.137436 0.00798431 -0.136636 -0.115636 0.983849 0.139027 0.0574615 1.71098 2 1198
-0.0213675 0.137142 0.0080052 -0.124272 -0.115453 0.985508 0.139027 0.057612 1.72536 2 1199
-0.0233366 0.136817 0.00805655 -0.112566 -0.11561 0.986896 0.139027 0.057982 1.73974 2 1200
-0.0253003 0.136463 0.00814433 -0.101757 -0.115891 0.988036 0.139027 0.0586145 1.75412 2 1201
-0.0272589 0.136081 0.00821695 -0.0925146 -0.116671 0.988852 0.139027 0.0591377 1.76849 2 1202
-0.0292121 0.135673 0.00824954 -0.0848121 -0.117889 0.989398 0.139027 0.0593726 1.78287 2 1203
-0.0311601 0.13524 0.00822712 -0.0779193 -0.119493 0.989773 0.139027 0.059211 1.79725 2 1204
-0.0331026 0.134784 0.00813217 -0.0717315 -0.121297 0.990021 0.139027 0.0585269 1.81163 2 1205
-0.0350395 0.134303 0.00796265 -0.0663727 -0.123145 0.990167 0.139027 0.0573055 1.82601 2 1206
-0.0369702 0.133798 0.00773477 -0.061315 -0.125219 0.990233 0.139027 0.0556637 1.84038 2 1207
-0.038894 0.133266 0.00747988 -0.0565574 -0.127523 0.990222 0.139027 0.0538277 1.85476 2 1208
-0.0408097 0.132705 0.0072419 -0.0516007 -0.129814 0.990195 0.139027 0.0521135 1.86914 2 1209
-0.0427166 0.132114 0.00704335 -0.0466327 -0.1322 0.990126 0.139027 0.0506834 1.88352 2 1210
-0.0446137 0.131492 0.00691846 -0.0412602 -0.134491 0.990055 0.139027 0.049784 1.8979 2 1211
-0.0465 0.130839 0.00689301 -0.0326816 -0.134985 0.990309 0.139027 0.0496007 1.91227 2 1212
-0.0483751 0.130153 0.00696427 -0.0175861 -0.12958 0.991413 0.139027 0.0501139 1.92665 2 1213
-0.0502372 0.129433 0.00719249 0.00382624 -0.117067 0.993117 0.139027 0.0517576 1.94103 2 1214
-0.0520807 0.128668 0.0077946 0.0293031 -0.0961154 0.994939 0.139027 0.0560948 1.95541 2 1215
-0.0539026 0.127852 0.00877314 0.0545466 -0.0715057 0.995948 0.139027 0.0631458 1.96979 2 1216
-0.0557001 0.126983 0.0100594 0.0762095 -0.0456466 0.996046 0.139027 0.0724192 1.98416 2 1217
-0.0574722 0.126065 0.0115394 0.0931545 -0.021155 0.995427 0.139027 0.0830965 1.99854 2 1218
-0.059228 0.125118 0.012885 0.104921 0.00195215 0.994479 0.139027 0.092813 2.01292 2 1219
-0.060978 0.124166 0.0138878 0.108946 0.0234373 0.993771 0.139027 0.10006 2.0273 2 1220
-0.0627298 0.123224 0.0144705 0.104454 0.0420929 0.993639 0.139027 0.104273 2.04168 2 1221
-0.0644827 0.122286 0.0147199 0.0913178 0.0546878 0.994319 0.139027 0.106077 2.05605 2 1222
-0.0662338 0.121345 0.0147289 0.0708013 0.0603426 0.995664 0.139027 0.106142 2.07043 2 1223
-0.0679824 0.1204 0.0145197 0.0449184 0.0603679 0.997165 0.139027 0.104628 2.08481 2 1224
-0.0697259 0.119443 0.0141481 0.0158379 0.0536156 0.998436 0.139027 0.101942 2.09919 2 1225
-0.0714649 0.118476 0.0135893 -0.0145187 0.0416363 0.999027 0.139027 0.0979023 2.11357 2 1226
-0.0731981 0.117496 0.0128532 -0.0444107 0.0257315 0.998682 0.139027 0.0925833 2.12794 2 1227
-0.0749206 0.116495 0.0120143 -0.0724698 0.00860594 0.997333 0.139027 0.0865252 2.14232 2 1228
-0.0766316 0.115472 0.0110613 -0.0974129 -0.00988211 0.995195 0.139027 0.0796466 2.1567 2 1229
-0.0783259 0.114419 0.0100872 -0.118739 -0.0276594 0.99254 0.139027 0.0726194 2.17108 2 1230
-0.080001 0.113336 0.00913067 -0.136041 -0.0445899 0.989699 0.139027 0.0657228 2.18546 2 1231
-0.0816557 0.11222 0.00822215 -0.149066 -0.0600258 0.987004 0.139027 0.0591752 2.19983 2 1232
-0.0832871 0.111069 0.00744083 -0.158537 -0.0731238 0.984642 0.139027 0.0535464 2.21421 2 1233
-0.0848959 0.109887 0.00678544 -0.163993 -0.0833264 0.982936 0.139027 0.048826 2.22859 2 1234
-0.086482 0.108674 0.00627556 -0.164949 -0.0899387 0.982193 0.139027 0.0451545 2.24297 2 1235
-0.0880455 0.107431 0.00591512 -0.161848 -0.0935305 0.982373 0.139027 0.0425594 2.25735 2 1236
-0.0895877 0.106162 0.00566712 -0.154718 -0.0935228 0.983522 0.139027 0.0407741 2.27172 2 1237
-0.0911087 0.104868 0.00552083 -0.14465 -0.0909874 0.985291 0.139027 0.0397209 2.2861 2 1238
-0.0926091 0.103549 0.00543962 -0.132294 -0.0867277 0.987409 0.139027 0.0391363 2.30048 2 1239
-0.0940889 0.102208 0.00541665 -0.118623 -0.0812965 0.989606 0.139027 0.038971 2.31486 2 1240
-0.0955483 0.100844 0.00542961 -0.104171 -0.0751989 0.991712 0.139027 0.0390643 2.32924 2 1241
-0.0969873 0.0994589 0.00546849 -0.089515 -0.0690487 0.993589 0.139027 0.0393441 2.34361 2 1242
-0.0984056 0.0980525 0.00552778 -0.0753772 -0.0630563 0.995159 0.139027 0.0397709 2.35799 2 1243
-0.099803 0.0966254 0.00560361 -0.061923 -0.0576691 0.996413 0.139027 0.0403169 2.37237 2 1244
-0.101179 0.0951783 0.00568443 -0.0493888 -0.0531823 0.997363 0.139027 0.0408987 2.38675 2 1245
-0.102535 0.0937111 0.00577965 -0.037834 -0.0500068 0.998032 0.139027 0.0415841 2.40113 2 1246
-0.103868 0.0922244 0.00588115 -0.0271955 -0.0480691 0.998474 0.139027 0.0423148 2.4155 2 1247
-0.10518 0.0907189 0.00597463 -0.0173366 -0.0470786 0.998741 0.139027 0.0429878 2.42988 2 1248
-0.106471 0.0891949 0.00605964 -0.007744 -0.0468785 0.998871 0.139027 0.0435999 2.44426 2 1249
-0.10774 0.0876529 0.00613143 0.00115394 -0.0475681 0.998867 0.139027 0.0441167 2.45864 2 1250
-0.108987 0.0860936 0.00617554 0.00937998 -0.0486857 0.99877 0.139027 0.0444343 2.47302 2 1251
-0.110213 0.0845173 0.00619007 0.0170097 -0.0498638 0.998611 0.139027 0.0445389 2.48739 2 1252
-0.111418 0.0829245 0.00617266 0.0239635 -0.050862 0.998418 0.139027 0.0444136 2.50177 2 1253
-0.112601 0.0813154 0.00611603 0.0306608 -0.0518382 0.998185 0.139027 0.0440059 2.51615 2 1254
-0.113761 0.0796903 0.00603096 0.0367608 -0.052487 0.997945 0.139027 0.0433934 2.53053 2 1255
-0.114898 0.0780486 0.00594104 0.0423648 -0.0531165 0.997689 0.139027 0.042746 2.54491 2 1256
-0.116011 0.0763903 0.00586717 0.0476589 -0.0538964 0.997409 0.139027 0.0422142 2.55928 2 1257
-0.117099 0.0747154 0.00582472 0.0525861 -0.0547928 0.997112 0.139027 0.0419086 2.57366 2 1258
-0.118161 0.0730241 0.00582362 0.0575524 -0.0558786 0.996777 0.139027 0.0419007 2.58804 2 1259
-0.119197 0.0713167 0.00587096 0.0624417 -0.0570898 0.996414 0.139027 0.0422415 2.60242 2 1260
-0.120207 0.0695938 0.00595526 0.0670707 -0.0587385 0.996018 0.139027 0.0428484 2.6168 2 1261
-0.121191 0.0678562 0.0060568 0.0714845 -0.0606124 0.995598 0.139027 0.0435795 2.63117 2 1262
-0.122151 0.0661048 0.00615049 0.0754189 -0.0627577 0.995175 0.139027 0.044254 2.64555 2 1263
-0.123087 0.0643406 0.00620573 0.0787973 -0.0651264 0.994761 0.139027 0.0446517 2.65993 2 1264
-0.123999 0.0625644 0.00619659 0.0818918 -0.0679304 0.994323 0.139027 0.0445859 2.67431 2 1265
-0.124889 0.0607766 0.00612138 0.0841776 -0.0710866 0.993912 0.139027 0.0440444 2.68869 2 1266
-0.125756 0.0589777 0.00595965 0.0859687 -0.0744443 0.993513 0.139027 0.04288 2.70306 2 1267
-0.1266 0.0571676 0.00572729 0.0873726 -0.0781973 0.993102 0.139027 0.0412072 2.71744 2 1268
-0.127419 0.0553459 0.00545317 0.0886028 -0.0822494 0.992665 0.139027 0.0392339 2.73182 2 1269
-0.128212 0.0535124 0.00516733 0.0892049 -0.08652 0.992248 0.139027 0.0371764 2.7462 2 1270
-0.128977 0.051667 0.00490715 0.0896005 -0.0904128 0.991866 0.139027 0.0353037 2.76058 2 1271
-0.129713 0.0498099 0.00469985 0.0900547 -0.0936611 0.991523 0.139027 0.0338117 2.77495 2 1272
-0.13042 0.0479416 0.00454568 0.0903636 -0.0956411 0.991306 0.139027 0.0327022 2.78933 2 1273
-0.131099 0.0460626 0.00444203 0.0908314 -0.0962716 0.991202 0.139027 0.0319563 2.80371 2 1274
-0.13175 0.0441736 0.00437712 0.0910367 -0.094836 0.991322 0.139027 0.0314892 2.81809 2 1275
-0.132373 0.0422752 0.00433354 0.0913238 -0.0919624 0.991566 0.139027 0.0311755 2.83247 2 1276
-0.132968 0.040368 0.00430145 0.0914553 -0.0881214 0.991902 0.139027 0.0309446 2.84684 2 1277
-0.133535 0.0384523 0.00427459 0.0911708 -0.0831156 0.992361 0.139027 0.0307513 2.86122 2 1278
-0.134075 0.0365286 0.00425 0.0904325 -0.0778184 0.992858 0.139027 0.0305744 2.8756 2 1279
-0.134587 0.0345973 0.00423343 0.0886276 -0.0726774 0.99341 0.139027 0.0304552 2.88998 2 1280
-0.135071 0.0326587 0.00422662 0.0860334 -0.067734 0.993987 0.139027 0.0304061 2.90436 2 1281
-0.135526 0.0307133 0.004235 0.0827411 -0.062955 0.994581 0.139027 0.0304664 2.91873 2 1282
-0.135953 0.0287616 0.00424104 0.0788162 -0.0579696 0.995202 0.139027 0.0305099 2.93311 2 1283
-0.136352 0.0268038 0.00426099 0.0738713 -0.0523869 0.995891 0.139027 0.0306534 2.94749 2 1284
-0.136723 0.0248405 0.00428517 0.0687595 -0.0459686 0.996574 0.139027 0.0308275 2.96187 2 1285
-0.137065 0.022872 0.00432332 0.0633507 -0.0383188 0.997255 0.139027 0.031102 2.97625 2 1286
-0.137378 0.0208988 0.0043779 0.0577891 -0.02964 0.997889 0.139027 0.0314948 2.99062 2 1287
-0.137662 0.0189211 0.00445009 0.0520321 -0.0208285 0.998428 0.139027 0.0320143 3.005 2 1288
-0.137916 0.0169395 0.00456206 0.0461042 -0.0127313 0.998856 0.139027 0.0328201 3.01938 2 1289
-0.13814 0.0149544 0.00470825 0.0406312 -0.00560319 0.999158 0.139027 0.0338722 3.03376 2 1290
-0.138335 0.0129661 0.00488918 0.0357925 8.23495e-05 0.999359 0.139027 0.0351744 3.04814 2 1291
-0.1385 0.0109753 0.00507897 0.0318557 0.00440455 0.999483 0.139027 0.0365404 3.06251 2 1292
-0.138637 0.00898248 0.00525653 0.0290658 0.00686922 0.999554 0.139027 0.0378184 3.07689 2 1293
-0.138746 0.00698802 0.00540232 0.0276333 0.0070942 0.999593 0.139027 0.0388679 3.09127 2 1294
-0.138829 0.00499234 0.0054981 0.0275756 0.00548383 0.999605 0.139027 0.0395573 3.10565 2 1295
-0.138886 0.00299581 0.0055061 0.0289705 0.00236458 0.999577 0.139027 0.0396149 3.12003 2 1296
-0.138918 0.000998698 0.00541576 0.0318971 -0.00189412 0.999489 0.139027 0.0389646 3.1344 2 1297
-0.138925 -0.000998745 0.00524261 0.0363184 -0.00731639 0.999313 0.139027 0.0377182 3.14878 2 1298
-0.138905 -0.00299623 0.00498508 0.0422375 -0.0135043 0.999016 0.139027 0.0358646 3.16316 2 1299
-0.138858 -0.00499341 0.00468326 0.0493137 -0.0198741 0.998586 0.139027 0.0336924 3.17754 2 1300
-0.138783 -0.00698986 0.00435841 0.0575476 -0.025643 0.998013 0.139027 0.0313545 3.19192 2 1301
-0.138677 -0.00898511 0.00404409 0.0664452 -0.0290206 0.997368 0.139027 0.0290926 3.20629 2 1302
-0.138542 -0.0109786 0.00376946 0.0755162 -0.0297836 0.9967 0.139027 0.0271164 3.22067 2 1303
-0.138374 -0.0129698 0.00357622 0.0843716 -0.0268881 0.996072 0.139027 0.025726 3.23505 2 1304
-0.138176 -0.0149582 0.0034827 0.0924064 -0.0199428 0.995522 0.139027 0.0250531 3.24943 2 1305
-0.137946 -0.0169432 0.00351614 0.0995292 -0.00901057 0.994994 0.139027 0.0252938 3.26381 2 1306
-0.137684 -0.0189242 0.00368083 0.105426 0.00562065 0.994411 0.139027 0.0264787 3.27818 2 1307
-0.137389 -0.0209005 0.00399885 0.109789 0.023959 0.993666 0.139027 0.0287671 3.29256 2 1308
-0.13706 -0.0228713 0.00445884 0.112525 0.0439086 0.992678 0.139027 0.0320772 3.30694 2 1309
-0.136699 -0.0248362 0.00501303 0.114001 0.0646635 0.991374 0.139027 0.0360658 3.32132 2 1310
-0.136303 -0.0267942 0.0056618 0.114453 0.0847575 0.989806 0.139027 0.0407357 3.3357 2 1311
-0.135875 -0.028745 0.00634493 0.113957 0.103324 0.988098 0.139027 0.0456539 3.35007 2 1312
-0.135416 -0.0306884 0.00701846 0.113003 0.118767 0.986471 0.139027 0.0505042 3.36445 2 1313
-0.134928 -0.0326244 0.00764628 0.111689 0.130026 0.9852 0.139027 0.0550263 3.37883 2 1314
-0.134417 -0.0345535 0.00817011 0.110624 0.136782 0.984405 0.139027 0.0588002 3.39321 2 1315
-0.133884 -0.0364765 0.00854832 0.110453 0.138848 0.984135 0.139027 0.0615256 3.40759 2 1316
-0.133331 -0.0383935 0.00878879 0.111066 0.136377 0.984411 0.139027 0.0632586 3.42196 2 1317
-0.132762 -0.0403054 0.00884962 0.113284 0.129028 0.985149 0.139027 0.063697 3.43634 2 1318
-0.132174 -0.0422118 0.00875565 0.117091 0.11816 0.986067 0.139027 0.0630197 3.45072 2 1319
-0.131569 -0.0441128 0.00850119 0.122766 0.103918 0.98698 0.139027 0.0611859 3.4651 2 1320
-0.130942 -0.0460073 0.00812932 0.12999 0.0881783 0.987587 0.139027 0.0585063 3.47948 2 1321
-0.130291 -0.0478941 0.00767133 0.138976 0.0712588 0.987729 0.139027 0.0552068 3.49385 2 1322
-0.129613 -0.0497717 0.00718722 0.14913 0.0550159 0.987286 0.139027 0.0517197 3.50823 2 1323
-0.128907 -0.0516392 0.00669625 0.160097 0.0398049 0.986298 0.139027 0.0481837 3.52261 2 1324
-0.128172 -0.0534959 0.00621088 0.171008 0.0270312 0.984899 0.139027 0.0446888 3.53699 2 1325
-0.127408 -0.055341 0.00575834 0.181615 0.0179965 0.983205 0.139027 0.0414307 3.55137 2 1326
-0.126613 -0.0571736 0.00535847 0.191654 0.0128025 0.981379 0.139027 0.0385522 3.56574 2 1327
-0.125789 -0.0589933 0.00502944 0.200634 0.0112294 0.979602 0.139027 0.0361839 3.58012 2 1328
-0.124936 -0.0607996 0.00478349 0.208275 0.0133603 0.977979 0.139027 0.0344137 3.5945 2 1329
-0.124054 -0.0625923 0.00460664 0.214396 0.0197739 0.976547 0.139027 0.0331409 3.60888 2 1330
-0.123144 -0.0643709 0.00450968 0.218685 0.0290906 0.975362 0.139027 0.0324431 3.62326 2 1331
-0.122207 -0.0661351 0.00448762 0.220829 0.0407096 0.974463 0.139027 0.0322844 3.63763 2 1332
-0.121242 -0.0678843 0.00454549 0.221346 0.0545245 0.97367 0.139027 0.0327009 3.65201 2 1333
-0.12025 -0.0696184 0.00467279 0.219615 0.0709066 0.973006 0.139027 0.033617 3.66639 2 1334
-0.119231 -0.0713367 0.00486404 0.216045 0.0882805 0.972384 0.139027 0.0349934 3.68077 2 1335
-0.118184 -0.0730384 0.00513365 0.210449 0.106813 0.971752 0.139027 0.036934 3.69515 2 1336
-0.117111 -0.074723 0.00547759 0.203393 0.125889 0.97097 0.139027 0.0394097 3.70952 2 1337
-0.11601 -0.0763894 0.00590612 0.19492 0.145013 0.97004 0.139027 0.0424946 3.7239 2 1338
-0.114883 -0.0780379 0.00637185 0.185151 0.16402 0.968925 0.139027 0.0458478 3.73828 2 1339
-0.113728 -0.0796667 0.00691192 0.174166 0.182733 0.967613 0.139027 0.0497369 3.75266 2 1340
-0.112547 -0.0812765 0.00747476 0.161827 0.201061 0.966119 0.139027 0.0537907 3.76704 2 1341
-0.11134 -0.0828666 0.00806252 0.149054 0.21889 0.964298 0.139027 0.058025 3.78141 2 1342
-0.110107 -0.0844353 0.00870236 0.135243 0.235404 0.962442 0.139027 0.0626357 3.79579 2 1343
-0.108849 -0.0859839 0.00934216 0.121046 0.250112 0.960621 0.139027 0.0672474 3.81017 2 1344
-0.107568 -0.0875128 0.00995972 0.107023 0.26242 0.959001 0.139027 0.0717002 3.82455 2 1345
-0.106262 -0.0890196 0.010606 0.0928913 0.272037 0.957793 0.139027 0.0763618 3.83893 2 1346
-0.104935 -0.0905071 0.011209 0.0794815 0.279265 0.956919 0.139027 0.0807124 3.8533 2 1347
-0.103584 -0.0919724 0.0118266 0.0664655 0.283394 0.956698 0.139027 0.08517 3.86768 2 1348
-0.102214 -0.0934177 0.01241 0.0543485 0.284586 0.957109 0.139027 0.0893824 3.88206 2 1349
-0.100823 -0.0948429 0.0129633 0.0424608 0.283296 0.958092 0.139027 0.0933788 3.89644 2 1350
-0.0994126 -0.0962475 0.0134933 0.0311052 0.278993 0.959789 0.139027 0.0972082 3.91082 2 1351
-0.0979847 -0.0976331 0.0139747 0.0206378 0.272125 0.962041 0.139027 0.100688 3.92519 2 1352
-0.0965417 -0.0990019 0.0143812 0.0105892 0.263259 0.964667 0.139027 0.103627 3.93957 2 1353
-0.0950814 -0.100351 0.0147525 0.000939928 0.25265 0.967557 0.139027 0.106312 3.95395 2 1354
-0.0936069 -0.101684 0.0150523 -0.00756626 0.239445 0.97088 0.139027 0.108482 3.96833 2 1355
-0.092117 -0.102999 0.0153023 -0.0143955 0.224098 0.97446 0.139027 0.110291 3.98271 2 1356
-0.0906118 -0.104296 0.0155041 -0.0193915 0.207082 0.978131 0.139027 0.111751 3.99708 2 1357
-0.0890913 -0.105574 0.0156636 -0.0226604 0.189155 0.981686 0.139027 0.112906 4.01146 2 1358
-0.0875551 -0.106833 0.0157899 -0.0237522 0.170531 0.985066 0.139027 0.11382 4.02584 2 1359
-0.0860056 -0.108075 0.0158532 -0.0228202 0.151554 0.988186 0.139027 0.114278 4.04022 2 1360
-0.0844437 -0.109302 0.0158413 -0.0194786 0.131811 0.991083 0.139027 0.114192 4.0546 2 1361
-0.0828695 -0.110512 0.0157529 -0.0135727 0.11126 0.993699 0.139027 0.113552 4.06897 2 1362
-0.0812859 -0.111712 0.0155449 -0.00543466 0.0902094 0.995908 0.139027 0.112046 4.08335 2 1363
-0.0796907 -0.112896 0.0152447 0.00485405 0.0684848 0.99764 0.139027 0.109874 4.09773 2 1364
-0.078084 -0.114066 0.0148434 0.0165747 0.0462095 0.998794 0.139027 0.10697 4.11211 2 1365
-0.0764666 -0.115223 0.0143163 0.029125 0.0235457 0.999298 0.139027 0.103158 4.12649 2 1366
-0.0748353 -0.116362 0.0137103 0.0416839 0.00121585 0.99913 0.139027 0.0987766 4.14086 2 1367
-0.0731894 -0.117482 0.0130284 0.0538355 -0.0211441 0.998326 0.139027 0.0938489 4.15524 2 1368
-0.0715252 -0.118576 0.0123431 0.0638037 -0.0428813 0.997041 0.139027 0.0888992 4.16962 2 1369
-0.0698428 -0.119643 0.0116603 0.0712106 -0.0627682 0.995484 0.139027 0.0839693 4.184 2 1370
-0.06814 -0.120679 0.0110505 0.074648 -0.079385 0.994045 0.139027 0.0795686 4.19838 2 1371
-0.066418 -0.121683 0.0105113 0.0746159 -0.0925127 0.992912 0.139027 0.0756786 4.21275 2 1372
-0.0646753 -0.122651 0.0101161 0.0702747 -0.101755 0.992324 0.139027 0.0728276 4.22713 2 1373
-0.0629134 -0.123584 0.00986626 0.0623616 -0.107144 0.992286 0.139027 0.0710262 4.24151 2 1374
-0.0611339 -0.124484 0.00974322 0.0510044 -0.108905 0.992743 0.139027 0.070139 4.25589 2 1375
-0.0593371 -0.125349 0.00976523 0.0365297 -0.106735 0.993616 0.139027 0.0702977 4.27027 2 1376
-0.0575239 -0.126178 0.00993123 0.019936 -0.100252 0.994762 0.139027 0.0714947 4.28464 2 1377
-0.0556951 -0.126972 0.0102318 0.0020871 -0.0897578 0.995961 0.139027 0.073662 4.29902 2 1378
-0.0538511 -0.127729 0.0106652 -0.0159178 -0.0750155 0.997055 0.139027 0.0767883 4.3134 2 1379
-0.051994 -0.128453 0.0111753 -0.0328267 -0.0580675 0.997773 0.139027 0.0804691 4.32778 2 1380
-0.050125 -0.129144 0.0117366 -0.0484979 -0.0382978 0.998089 0.139027 0.0845203 4.34216 2 1381
-0.0482448 -0.129803 0.0123381 -0.0619681 -0.0168956 0.997935 0.139027 0.088863 4.35653 2 1382
-0.0463558 -0.130433 0.012922 -0.073518 0.00479543 0.997282 0.139027 0.0930801 4.37091 2 1383
-0.044459 -0.131036 0.0134674 -0.0831332 0.0277499 0.996152 0.139027 0.097021 4.38529 2 1384
-0.0425554 -0.131616 0.0139585 -0.0909658 0.0505784 0.994569 0.139027 0.100571 4.39967 2 1385
-0.0406458 -0.132172 0.0143881 -0.0968388 0.0731888 0.992605 0.139027 0.103677 4.41405 2 1386
-0.0387298 -0.132703 0.0147777 -0.101241 0.0956906 0.990249 0.139027 0.106495 4.42842 2 1387
-0.0368076 -0.133209 0.0151332 -0.104463 0.117004 0.987622 0.139027 0.109067 4.4428 2 1388
-0.0348795 -0.13369 0.0154586 -0.105994 0.137917 0.984756 0.139027 0.111422 4.45718 2 1389
-0.0329452 -0.134143 0.0157739 -0.105286 0.157934 0.981821 0.139027 0.113704 4.47156 2 1390
-0.031005 -0.134567 0.0160904 -0.102965 0.177045 0.978802 0.139027 0.115996 4.48594 2 1391
-0.0290594 -0.134963 0.0164 -0.0995024 0.195074 0.975728 0.139027 0.118238 4.50031 2 1392
-0.0271086 -0.135331 0.01671 -0.0955459 0.212139 0.972557 0.139027 0.120484 4.51469 2 1393
-0.025153 -0.135668 0.0170298 -0.0916004 0.228626 0.969195 0.139027 0.122801 4.52907 2 1394
-0.0231931 -0.135977 0.0173486 -0.0875731 0.24405 0.965801 0.139027 0.125112 4.54345 2 1395
-0.0212294 -0.136255 0.0176749 -0.0839982 0.258604 0.962324 0.139027 0.127478 4.55783 2 1396
-0.019262 -0.136502 0.0180169 -0.0815109 0.272164 0.958792 0.139027 0.129958 4.5722 2 1397
-0.0172914 -0.136717 0.0183805 -0.0795341 0.285012 0.955219 0.139027 0.132596 4.58658 2 1398
-0.0153184 -0.136903 0.0187498 -0.0777324 0.297083 0.951682 0.139027 0.135277 4.60096 2 1399
-0.0133432 -0.137054 0.0191462 -0.0760385 0.307702 0.94844 0.139027 0.138155 4.61534 2 1400
-0.0113667 -0.137176 0.0195449 -0.0743554 0.315949 0.945858 0.139027 0.141051 4.62972 2 1401
-0.00939003 -0.137277 0.0198813 -0.0726101 0.32291 0.94364 0.139027 0.143495 4.64409 2 1402
-0.00741309 -0.137356 0.0201691 -0.0711634 0.327204 0.94227 0.139027 0.145587 4.65847 2 1403
-0.00543609 -0.137413 0.0204089 -0.0692578 0.330233 0.941355 0.139027 0.147331 4.67285 2 1404
-0.00345916 -0.137449 0.0205966 -0.0672609 0.333163 0.940467 0.139027 0.148696 4.68723 2 1405
-0.00148238 -0.137462 0.02075 -0.0655618 0.33703 0.939208 0.139027 0.149811 4.70161 2 1406
0.000494058 -0.137448 0.0208894 -0.0645126 0.341057 0.937826 0.139027 0.150825 4.71598 2 1407
0.00246983 -0.137408 0.0210097 -0.0646462 0.344324 0.936623 0.139027 0.151701 4.73036 2 1408
0.00444475 -0.137346 0.0210925 -0.0661961 0.344331 0.936512 0.139027 0.152303 4.74474 2 1409
0.00641859 -0.137259 0.0211471 -0.0684455 0.342074 0.937177 0.139027 0.1527 4.75912 2 1410
0.00839098 -0.137146 0.021189 -0.0710464 0.338264 0.938366 0.139027 0.153006 4.7735 2 1411
0.0103617 -0.137008 0.0212129 -0.0739816 0.331955 0.94039 0.139027 0.15318 4.78787 2 1412
0.0123301 -0.136842 0.0212329 -0.0776291 0.325007 0.94252 0.139027 0.153325 4.80225 2 1413
0.0142957 -0.136644 0.0212706 -0.0817141 0.316673 0.945008 0.139027 0.153599 4.81663 2 1414
0.0162575 -0.136413 0.0213439 -0.0863392 0.308087 0.947432 0.139027 0.154133 4.83101 2 1415
0.0182145 -0.136146 0.0214702 -0.0917156 0.299934 0.949541 0.139027 0.155052 4.84539 2 1416
0.0201657 -0.135841 0.0216593 -0.0973933 0.291177 0.951699 0.139027 0.156429 4.85976 2 1417
0.0221105 -0.135499 0.0219002 -0.103243 0.283129 0.953509 0.139027 0.158184 4.87414 2 1418
0.0240483 -0.135122 0.022185 -0.108756 0.275496 0.95513 0.139027 0.160259 4.88852 2 1419
0.0259785 -0.134711 0.02251 -0.114031 0.266876 0.956961 0.139027 0.162627 4.9029 2 1420
0.0279012 -0.134268 0.0228498 -0.118053 0.25763 0.959005 0.139027 0.165104 4.91728 2 1421
0.029817 -0.1338 0.0231732 -0.12147 0.248282 0.961042 0.139027 0.167463 4.93165 2 1422
0.031726 -0.133309 0.0234672 -0.124707 0.238819 0.963023 0.139027 0.169608 4.94603 2 1423
0.033629 -0.132798 0.0237124 -0.127313 0.229249 0.965006 0.139027 0.171398 4.96041 2 1424
0.0355263 -0.132269 0.0239024 -0.128767 0.220042 0.966954 0.139027 0.172785 4.97479 2 1425
0.0374175 -0.13172 0.0240447 -0.129334 0.211033 0.968885 0.139027 0.173824 4.98917 2 1426
0.0393021 -0.131151 0.0241508 -0.128852 0.201938 0.970885 0.139027 0.174599 5.00354 2 1427
0.0411797 -0.13056 0.0242257 -0.127923 0.192657 0.972892 0.139027 0.175146 5.01792 2 1428
0.0430489 -0.129943 0.0242911 -0.126947 0.1839 0.974713 0.139027 0.175624 5.0323 2 1429
0.0449084 -0.129298 0.0243653 -0.125667 0.175724 0.976386 0.139027 0.176165 5.04668 2 1430
0.0467563 -0.128622 0.0244703 -0.12457 0.167707 0.977935 0.139027 0.176933 5.06106 2 1431
0.0485918 -0.127913 0.0246103 -0.12376 0.160109 0.97931 0.139027 0.177956 5.07543 2 1432
0.0504148 -0.127173 0.0247765 -0.124094 0.152627 0.980462 0.139027 0.179171 5.08981 2 1433
0.0522247 -0.126403 0.024969 -0.125942 0.14573 0.981275 0.139027 0.180578 5.10419 2 1434
0.0540206 -0.125602 0.0251896 -0.129321 0.139112 0.981796 0.139027 0.182191 5.11857 2 1435
0.055804 -0.124774 0.0254134 -0.134577 0.132652 0.981984 0.139027 0.183828 5.13295 2 1436
0.0575733 -0.123918 0.0256528 -0.141465 0.126336 0.981849 0.139027 0.18558 5.14732 2 1437
0.0593278 -0.123034 0.0259111 -0.14944 0.120159 0.981442 0.139027 0.187471 5.1617 2 1438
0.0610659 -0.122119 0.0262006 -0.159436 0.113711 0.980638 0.139027 0.189591 5.17608 2 1439
0.0627839 -0.121167 0.0265541 -0.170922 0.106841 0.979475 0.139027 0.192181 5.19046 2 1440
0.0644797 -0.120178 0.0269832 -0.183233 0.100123 0.977958 0.139027 0.195326 5.20484 2 1441
0.066152 -0.119151 0.0274876 -0.195996 0.0936159 0.976126 0.139027 0.199026 5.21921 2 1442
0.0677978 -0.118082 0.0280824 -0.208114 0.0873829 0.974193 0.139027 0.203392 5.23359 2 1443
0.0694181 -0.116976 0.0287434 -0.218898 0.0820558 0.972291 0.139027 0.208249 5.24797 2 1444
0.0710142 -0.115838 0.0294463 -0.228529 0.0778285 0.970421 0.139027 0.213419 5.26235 2 1445
0.0725921 -0.114678 0.0301297 -0.236738 0.074699 0.968698 0.139027 0.218452 5.27673 2 1446
0.0741582 -0.113508 0.0307426 -0.243275 0.0739108 0.967137 0.139027 0.22297 5.2911 2 1447
0.0757203 -0.112337 0.0312292 -0.246218 0.0759578 0.966234 0.139027 0.22656 5.30548 2 1448
0.0772834 -0.111174 0.031563 -0.244851 0.0819154 0.966094 0.139027 0.229024 5.31986 2 1449
0.078849 -0.110016 0.0317457 -0.237637 0.0919693 0.96699 0.139027 0.230374 5.33424 2 1450
0.0804224 -0.108871 0.0317469 -0.222859 0.106754 0.968988 0.139027 0.230383 5.34862 2 1451
0.0820064 -0.107739 0.0315561 -0.203473 0.125334 0.971025 0.139027 0.228974 5.36299 2 1452
0.0836185 -0.10664 0.0310542 -0.178982 0.146751 0.972846 0.139027 0.225268 5.37737 2 1453
0.0852514 -0.105561 0.0302921 -0.151139 0.168405 0.974062 0.139027 0.219648 5.39175 2 1454
0.0869244 -0.104522 0.0291188 -0.122309 0.189582 0.974217 0.139027 0.211009 5.40613 2 1455
0.0885993 -0.103473 0.0277864 -0.094054 0.208585 0.973471 0.139027 0.201218 5.42051 2 1456
0.0902632 -0.102398 0.026375 -0.0685129 0.225035 0.971939 0.139027 0.190868 5.43488 2 1457
0.0918785 -0.101258 0.0251729 -0.047145 0.237538 0.970233 0.139027 0.182069 5.44926 2 1458
0.0934339 -0.100043 0.0242893 -0.0305454 0.245444 0.968929 0.139027 0.17561 5.46364 2 1459
0.0949276 -0.0987572 0.0237545 -0.0197197 0.248225 0.968502 0.139027 0.171705 5.47802 2 1460
0.09637 -0.0974148 0.0234879 -0.0157509 0.245135 0.969361 0.139027 0.169759 5.4924 2 1461
0.0977707 -0.0960292 0.0234049 -0.0190525 0.236981 0.971328 0.139027 0.169153 5.50677 2 1462
0.0991358 -0.0946083 0.0234492 -0.027293 0.226232 0.973691 0.139027 0.169476 5.52115 2 1463
0.100466 -0.0931549 0.0236059 -0.0367475 0.218001 0.975257 0.139027 0.17062 5.53553 2 1464
0.101768 -0.0916768 0.0238133 -0.0478193 0.211128 0.976288 0.139027 0.172134 5.54991 2 1465
0.103048 -0.0901795 0.0240275 -0.0615861 0.206564 0.976493 0.139027 0.173699 5.56429 2 1466
0.10431 -0.0886682 0.0242068 -0.0754134 0.203984 0.976065 0.139027 0.175008 5.57866 2 1467
0.105564 -0.0871516 0.0242752 -0.089134 0.203746 0.974958 0.139027 0.175507 5.59304 2 1468
0.106811 -0.0856287 0.0242402 -0.103004 0.206435 0.973023 0.139027 0.175252 5.60742 2 1469
0.108053 -0.0841007 0.0240879 -0.11411 0.211503 0.970693 0.139027 0.17414 5.6218 2 1470
0.109291 -0.0825688 0.0238005 -0.124251 0.217977 0.968012 0.139027 0.17204 5.63618 2 1471
0.110518 -0.0810269 0.0234271 -0.132992 0.225991 0.965008 0.139027 0.169315 5.65055 2 1472
0.111736 -0.0794749 0.0229649 -0.140511 0.233719 0.962098 0.139027 0.165944 5.66493 2 1473
0.112935 -0.0779072 0.0224658 -0.147119 0.24037 0.959468 0.139027 0.162305 5.67931 2 1474
0.114108 -0.076319 0.0219812 -0.153814 0.245882 0.957018 0.139027 0.158774 5.69369 2 1475
0.115251 -0.0747072 0.0215556 -0.160821 0.249802 0.954849 0.139027 0.155674 5.70807 2 1476
0.116346 -0.0730637 0.0213005 -0.167852 0.250983 0.953327 0.139027 0.153817 5.72244 2 1477
0.117405 -0.0713957 0.0211468 -0.175311 0.24899 0.952507 0.139027 0.152698 5.73682 2 1478
0.118416 -0.0696981 0.0211744 -0.183023 0.243203 0.952552 0.139027 0.152899 5.7512 2 1479
0.119389 -0.0679789 0.0212985 -0.191938 0.234236 0.953044 0.139027 0.153803 5.76558 2 1480
0.12033 -0.0662421 0.021476 -0.201001 0.222351 0.954022 0.139027 0.155095 5.77996 2 1481
0.121242 -0.0644904 0.0216757 -0.210717 0.206515 0.955484 0.139027 0.156549 5.79433 2 1482
0.122128 -0.0627259 0.0218786 -0.221835 0.190844 0.956226 0.139027 0.158026 5.80871 2 1483
0.122988 -0.060949 0.0220833 -0.234177 0.175497 0.956223 0.139027 0.159517 5.82309 2 1484
0.123822 -0.0591602 0.0222871 -0.246743 0.16016 0.955754 0.139027 0.161003 5.83747 2 1485
0.124628 -0.0573592 0.0225023 -0.259898 0.145603 0.954596 0.139027 0.162571 5.85185 2 1486
0.125402 -0.0555448 0.0227509 -0.273703 0.131981 0.952716 0.139027 0.164383 5.86622 2 1487
0.126146 -0.0537181 0.0230257 -0.287954 0.119095 0.95021 0.139027 0.166387 5.8806 2 1488
0.126853 -0.0518778 0.0233548 -0.303063 0.106622 0.946987 0.139027 0.168788 5.89498 2 1489
0.127529 -0.0500263 0.023711 -0.317419 0.0950535 0.943509 0.139027 0.171388 5.90936 2 1490
0.12817 -0.048163 0.0241104 -0.332299 0.0841482 0.939413 0.139027 0.174304 5.92374 2 1491
0.128783 -0.0462916 0.0245053 -0.346509 0.074172 0.93511 0.139027 0.177189 5.93811 2 1492
0.129368 -0.044412 0.0249017 -0.360501 0.0653934 0.930464 0.139027 0.180086 5.95249 2 1493
0.129926 -0.0425254 0.0252872 -0.373408 0.0577694 0.925867 0.139027 0.182905 5.96687 2 1494
0.130455 -0.0406316 0.025673 -0.385167 0.0517362 0.921396 0.139027 0.185728 5.98125 2 1495
0.130962 -0.0387331 0.0260215 -0.394976 0.0477735 0.917448 0.139027 0.188279 5.99563 2 1496
0.131448 -0.03683 0.0263332 -0.40265 0.0454144 0.914227 0.139027 0.190562 6.01 2 1497
0.131916 -0.0349236 0.0265893 -0.408181 0.0449375 0.911794 0.139027 0.192438 6.02438 2 1498
0.132366 -0.0330139 0.0267903 -0.410833 0.0456753 0.910566 0.139027 0.193911 6.03876 2 1499
0.132804 -0.0311019 0.0269114 -0.411235 0.0474532 0.910294 0.139027 0.194799 6.05314 2 1500
0.133228 -0.0291872 0.0269624 -0.408913 0.0493757 0.911237 0.139027 0.195173 6.06752 2 1501
0.133637 -0.0272694 0.0269444 -0.404787 0.0510968 0.912982 0.139027 0.195041 6.08189 2 1502
0.134028 -0.0253475 0.0268813 -0.398834 0.0523863 0.915525 0.139027 0.194579 6.09627 2 1503
0.134397 -0.0234212 0.0267826 -0.390602 0.0522923 0.919073 0.139027 0.193855 6.11065 2 1504
0.134739 -0.0214895 0.0266868 -0.381059 0.0511465 0.923135 0.139027 0.193153 6.12503 2 1505
0.135047 -0.0195519 0.02662 -0.370643 0.0492817 0.927467 0.139027 0.192663 6.13941 2 1506
0.135317 -0.0176087 0.0266022 -0.358922 0.0465484 0.932206 0.139027 0.192533 6.15378 2 1507
0.135547 -0.0156603 0.0266491 -0.346747 0.0434986 0.936949 0.139027 0.192877 6.16816 2 1508
0.13574 -0.013708 0.0267439 -0.334754 0.0401871 0.941448 0.139027 0.193571 6.18254 2 1509
0.135896 -0.0117527 0.0268808 -0.323176 0.0370823 0.945612 0.139027 0.194575 6.19692 2 1510
0.136025 -0.00979569 0.0270159 -0.312396 0.0348094 0.949314 0.139027 0.195565 6.2113 2 1511
0.136129 -0.00783769 0.0271289 -0.302691 0.033578 0.952497 0.139027 0.196394 6.22567 2 1512
0.136216 -0.00587917 0.0271893 -0.294407 0.033787 0.955083 0.139027 0.196837 6.24005 2 1513
0.136288 -0.00392019 0.0271776 -0.287628 0.0351252 0.957098 0.139027 0.196752 6.25443 2 1514
0.13635 -0.00196057 0.0270809 -0.282043 0.0376361 0.958663 0.139027 0.196042 6.26881 2 1515
0.134452 0 0.0264402 -0.278025 0.0421925 0.959647 0.137027 0.194174 0 2 1516
0.132505 0 0.0259746 -0.274337 0.0474279 0.960463 0.135027 0.193572 0 2 1517
0.13056 0 0.0255 -0.27076 0.0532546 0.961173 0.133027 0.192884 0 2 1518
0.128615 0 0.0250235 -0.267599 0.0598289 0.961671 0.131027 0.19216 0 2 1519
0.126673 0 0.0245346 -0.265062 0.0671933 0.961887 0.129027 0.191316 0 2 1520
0.124733 0 0.0240328 -0.263322 0.0747998 0.961804 0.127027 0.190342 0 2 1521
0.122795 0 0.0235181 -0.262347 0.0825529 0.961436 0.125027 0.189231 0 2 1522
0.120859 0 0.0229923 -0.262347 0.0899456 0.960773 0.123027 0.187993 0 2 1523
0.118928 0 0.0224443 -0.263203 0.0969624 0.959855 0.121027 0.186529 0 2 1524
0.116997 0 0.0218875 -0.264999 0.103756 0.95865 0.119027 0.18494 0 3 1525
0.1169 -0.0019641 0.022315 -0.266578 0.10677 0.957881 0.119027 0.188595 6.26639 3 1526
0.116786 -0.00392548 0.0226498 -0.267993 0.106232 0.957546 0.119027 0.191459 6.24959 3 1527
0.116664 -0.00588485 0.022853 -0.269437 0.102616 0.957535 0.119027 0.193198 6.23279 3 1528
0.116534 -0.0078429 0.0229275 -0.270825 0.0951467 0.957915 0.119027 0.193836 6.21599 3 1529
0.116399 -0.00980056 0.0228611 -0.272214 0.0853315 0.958446 0.119027 0.193267 6.19919 3 1530
0.116259 -0.0117587 0.0226519 -0.273959 0.072679 0.958991 0.119027 0.191477 6.18239 3 1531
0.116103 -0.013717 0.0223459 -0.276142 0.0578666 0.959373 0.119027 0.188859 6.16559 3 1532
0.115923 -0.0156745 0.0219907 -0.278366 0.0414318 0.959581 0.119027 0.185821 6.14879 3 1533
0.115719 -0.0176312 0.0215792 -0.281111 0.0237762 0.959381 0.119027 0.182305 6.13199 3 1534
0.115485 -0.0195861 0.0211428 -0.283737 0.00562017 0.958886 0.119027 0.178578 6.11519 3 1535
0.115221 -0.0215385 0.0206812 -0.286771 -0.0122579 0.957921 0.119027 0.174638 6.09839 3 1536
0.114931 -0.0234891 0.020163 -0.289712 -0.0288145 0.95668 0.119027 0.170219 6.08159 3 1537
0.114611 -0.0254368 0.0196124 -0.292198 -0.0432818 0.955378 0.119027 0.165527 6.06479 3 1538
0.114263 -0.0273813 0.0190201 -0.294161 -0.0549078 0.954177 0.119027 0.160484 6.04799 3 1539
0.113876 -0.02932 0.0184399 -0.295507 -0.0630482 0.953258 0.119027 0.155548 6.03119 3 1540
0.113448 -0.0312511 0.0178978 -0.295564 -0.067721 0.95292 0.119027 0.15094 6.01439 3 1541
0.112974 -0.0331722 0.0174324 -0.294698 -0.0684757 0.953134 0.119027 0.146986 5.99759 3 1542
0.112453 -0.0350817 0.0170586 -0.291882 -0.066023 0.954173 0.119027 0.143812 5.98079 3 1543
0.111885 -0.036978 0.0167878 -0.287392 -0.0601897 0.95592 0.119027 0.141514 5.96399 3 1544
0.111268 -0.0388595 0.0166359 -0.280627 -0.0505953 0.958483 0.119027 0.140225 5.94719 3 1545
0.110604 -0.040725 0.0166007 -0.2723 -0.0388641 0.961427 0.119027 0.139926 5.93039 3 1546
0.109893 -0.0425729 0.0166864 -0.26175 -0.0252434 0.964806 0.119027 0.140653 5.91359 3 1547
0.109137 -0.0444025 0.0168812 -0.250216 -0.010499 0.968133 0.119027 0.142306 5.89679 3 1548
0.108339 -0.0462139 0.0171601 -0.237575 0.00418207 0.97136 0.119027 0.144674 5.87999 3 1549
0.107499 -0.0480061 0.0175146 -0.223772 0.0190509 0.974455 0.119027 0.147684 5.86319 3 1550
0.106626 -0.0497812 0.0178922 -0.209756 0.0326453 0.977209 0.119027 0.150892 5.84639 3 1551
0.105723 -0.0515403 0.0182648 -0.195123 0.0438698 0.979797 0.119027 0.15406 5.82959 3 1552
0.104794 -0.0532846 0.0186094 -0.180631 0.052905 0.982127 0.119027 0.15699 5.81279 3 1553
0.103848 -0.0550183 0.0188667 -0.166465 0.0596066 0.984244 0.119027 0.159179 5.79599 3 1554
0.102883 -0.0567408 0.0190506 -0.153019 0.0640865 0.986143 0.119027 0.160744 5.77919 3 1555
0.101904 -0.0584543 0.0191356 -0.140707 0.0666898 0.987803 0.119027 0.161468 5.76239 3 1556
0.100906 -0.0601573 0.0191429 -0.129666 0.0676867 0.989245 0.119027 0.16153 5.74559 3 1557
0.0998873 -0.0618476 0.0191006 -0.120122 0.0679396 0.990432 0.119027 0.16117 5.72879 3 1558
0.0988419 -0.0635219 0.0190439 -0.112076 0.0678995 0.991377 0.119027 0.160687 5.71199 3 1559
0.0977663 -0.065177 0.0190035 -0.105471 0.0679437 0.992099 0.119027 0.160343 5.69519 3 1560
0.0966593 -0.0668114 0.0189904 -0.100659 0.0688697 0.992535 0.119027 0.160232 5.67839 3 1561
0.0955202 -0.0684235 0.0190138 -0.0974574 0.0712262 0.992688 0.119027 0.160431 5.66159 3 1562
0.0943501 -0.0700132 0.0190694 -0.0954535 0.0748384 0.992617 0.119027 0.160904 5.64479 3 1563
0.0931525 -0.0715821 0.0191322 -0.0949685 0.0803278 0.992234 0.119027 0.161438 5.62799 3 1564
0.0919266 -0.0731288 0.019212 -0.0952811 0.087892 0.991563 0.119027 0.162118 5.61119 3 1565
0.090675 -0.0746544 0.0192924 -0.0963539 0.0966907 0.99064 0.119027 0.162802 5.59439 3 1566
0.0893953 -0.0761562 0.0193947 -0.0981263 0.107189 0.989385 0.119027 0.163673 5.57759 3 1567
0.0880894 -0.077635 0.019506 -0.100262 0.119601 0.987746 0.119027 0.164622 5.56079 3 1568
0.0867537 -0.0790865 0.0196608 -0.103231 0.133 0.985725 0.119027 0.16594 5.54399 3 1569
0.0853885 -0.0805097 0.0198596 -0.105677 0.147827 0.983351 0.119027 0.167633 5.52719 3 1570
0.0839963 -0.0819058 0.0200872 -0.109003 0.164112 0.980401 0.119027 0.169573 5.51039 3 1571
0.0825737 -0.0832703 0.0203732 -0.112386 0.181683 0.976914 0.119027 0.172012 5.49359 3 1572
0.0811238 -0.0846046 0.020698 -0.116253 0.200976 0.972674 0.119027 0.174782 5.47679 3 1573
0.0796487 -0.0859098 0.0210482 -0.120426 0.220818 0.967852 0.119027 0.17777 5.45999 3 1574
0.0781455 -0.0871813 0.0214508 -0.124477 0.241421 0.962404 0.119027 0.181208 5.44319 3 1575
0.0766174 -0.0884212 0.0218836 -0.129767 0.261349 0.956482 0.119027 0.184906 5.42639 3 1576
0.075066 -0.08963 0.022338 -0.136378 0.280474 0.950124 0.119027 0.188791 5.40959 3 1577
0.0734983 -0.0908148 0.0227617 -0.144659 0.297912 0.943569 0.119027 0.192416 5.39279 3 1578
0.0719171 -0.0919789 0.023135 -0.154811 0.313143 0.937003 0.119027 0.195613 5.37599 3 1579
0.0703306 -0.0931327 0.0233952 -0.16567 0.326235 0.930658 0.119027 0.197842 5.35919 3 1580
0.0687426 -0.0942826 0.023509 -0.176648 0.336646 0.924914 0.119027 0.198817 5.34239 3 1581
0.0671536 -0.0954306 0.0234695 -0.188018 0.344332 0.919829 0.119027 0.198478 5.32559 3 1582
0.0655612 -0.096575 0.0232902 -0.197912 0.349678 0.915727 0.119027 0.196942 5.30879 3 1583
0.0639591 -0.0977079 0.0230178 -0.205906 0.352265 0.912969 0.119027 0.194609 5.29199 3 1584
0.0623426 -0.0988224 0.0226928 -0.212835 0.35298 0.911102 0.119027 0.191827 5.27519 3 1585
0.0607066 -0.0999099 0.0223638 -0.217739 0.351869 0.910372 0.119027 0.189012 5.25839 3 1586
0.0590464 -0.100961 0.0220845 -0.219628 0.348568 0.911188 0.119027 0.186623 5.24159 3 1587
0.0573581 -0.101968 0.0219103 -0.218361 0.344944 0.91287 0.119027 0.185134 5.22479 3 1588
0.0556419 -0.102926 0.0218554 -0.212594 0.340099 0.916044 0.119027 0.184665 5.20799 3 1589
0.0538981 -0.103833 0.0219356 -0.202088 0.334218 0.920575 0.119027 0.185351 5.19119 3 1590
0.0521281 -0.104687 0.0221501 -0.188337 0.326304 0.926313 0.119027 0.187185 5.17439 3 1591
0.0503346 -0.105491 0.0224845 -0.17203 0.316775 0.93277 0.119027 0.190044 5.15759 3 1592
0.048522 -0.106248 0.0228979 -0.154107 0.304284 0.940033 0.119027 0.193582 5.14079 3 1593
0.0466936 -0.106964 0.0233609 -0.135217 0.289446 0.947595 0.119027 0.197548 5.12399 3 1594
0.0448539 -0.107647 0.0238263 -0.11634 0.271951 0.955253 0.119027 0.201537 5.10719 3 1595
0.043009 -0.108309 0.0242228 -0.0985801 0.25115 0.962915 0.119027 0.204938 5.09039 3 1596
0.0411623 -0.108961 0.0245086 -0.0826054 0.229082 0.969896 0.119027 0.207391 5.07359 3 1597
0.0393181 -0.109614 0.0246211 -0.0697939 0.204184 0.976441 0.119027 0.208358 5.05679 3 1598
0.0374724 -0.110263 0.024602 -0.0601323 0.178043 0.982184 0.119027 0.208193 5.03999 3 1599
0.0356247 -0.110908 0.0244477 -0.0532059 0.151333 0.98705 0.119027 0.206869 5.02319 3 1600
0.0337705 -0.111537 0.0242165 -0.0485913 0.124581 0.991019 0.119027 0.204884 5.00639 3 1601
0.0319074 -0.112143 0.0239442 -0.0459318 0.0991259 0.994014 0.119027 0.202548 4.98959 3 1602
0.0300343 -0.11272 0.0236536 -0.0445892 0.0745884 0.996217 0.119027 0.200056 4.97279 3 1603
0.0281492 -0.11326 0.0233912 -0.043407 0.0518478 0.997711 0.119027 0.197807 4.95599 3 1604
0.026252 -0.113758 0.0231794 -0.0430524 0.030913 0.998594 0.119027 0.195993 4.93919 3 1605
0.0243423 -0.114207 0.0230564 -0.04376 0.0113064 0.998978 0.119027 0.19494 4.92239 3 1606
0.0224211 -0.114604 0.0230361 -0.0448891 -0.0063882 0.998972 0.119027 0.194766 4.90559 3 1607
0.0204894 -0.114946 0.0231298 -0.0453454 -0.0226729 0.998714 0.119027 0.195568 4.88879 3 1608
0.0185489 -0.115233 0.0233403 -0.0454074 -0.0368326 0.998289 0.119027 0.197371 4.87199 3 1609
0.0166031 -0.115477 0.023598 -0.0444254 -0.0494826 0.997786 0.119027 0.19958 4.85519 3 1610
0.0146537 -0.115683 0.0238757 -0.0423178 -0.0604868 0.997272 0.119027 0.201961 4.83839 3 1611
0.012702 -0.115856 0.024154 -0.0389288 -0.0697144 0.996807 0.119027 0.204348 4.82159 3 1612
0.0107499 -0.11601 0.0243621 -0.0343097 -0.0759188 0.996524 0.119027 0.206134 4.80479 3 1613
0.00879881 -0.116165 0.0244079 -0.0305928 -0.0808849 0.996254 0.119027 0.206527 4.78799 3 1614
0.00684842 -0.116336 0.0242182 -0.0277167 -0.0850085 0.995995 0.119027 0.204899 4.77119 3 1615
0.00489864 -0.116566 0.0235753 -0.0258955 -0.0883465 0.995753 0.119027 0.199385 4.75439 3 1616
0.00294575 -0.11687 0.0223629 -0.0243256 -0.092355 0.995429 0.119027 0.189004 4.73759 3 1617
0.00098503 -0.117263 0.0203921 -0.0662949 -0.0822269 0.994406 0.119027 0.172173 4.72079 3 1618
-0.000988821 -0.117714 0.0176012 -0.113199 -0.0661312 0.991369 0.119027 0.14842 4.70399 3 1619
-0.00297262 -0.117936 0.0157992 -0.158118 -0.0500166 0.986153 0.119027 0.133129 4.68719 3 1620
-0.00497304 -0.118336 0.0117989 -0.168106 -0.014644 0.98566 0.119027 0.0992907 4.67039 3 1621
-0.00697142 -0.118425 0.00971019 -0.163405 0.0142809 0.986456 0.119027 0.0816705 4.65359 3 1622
-0.00896526 -0.118362 0.00879772 -0.137363 0.0349919 0.989903 0.119027 0.0739811 4.63679 3 1623
-0.0109545 -0.118218 0.00848697 -0.111125 0.0549213 0.992288 0.119027 0.0713634 4.61999 3 1624
-0.0129394 -0.118022 0.0084176 -0.0848773 0.0718858 0.993795 0.119027 0.0707792 4.60319 3 1625
-0.0149196 -0.117782 0.00849333 -0.0590723 0.0865139 0.994498 0.119027 0.071417 4.58639 3 1626
-0.0168947 -0.117505 0.00863695 -0.0360797 0.0995874 0.994374 0.119027 0.0726268 4.56959 3 1627
-0.0188638 -0.11719 0.00884244 -0.0157174 0.111252 0.993668 0.119027 0.0743579 4.55279 3 1628
-0.0208266 -0.116838 0.00909174 0.00200425 0.121146 0.992633 0.119027 0.0764583 4.53599 3 1629
-0.0227822 -0.11645 0.00937513 0.0161714 0.129805 0.991408 0.119027 0.0788464 4.51919 3 1630
-0.0247299 -0.116025 0.00969436 0.0271427 0.13784 0.990082 0.119027 0.0815371 4.50239 3 1631
-0.0266694 -0.115567 0.0100216 0.0354784 0.144923 0.988807 0.119027 0.084296 4.48559 3 1632
-0.0286009 -0.115078 0.0103182 0.0419643 0.150999 0.987643 0.119027 0.0867972 4.46879 3 1633
-0.0305246 -0.114561 0.0105622 0.0470811 0.155322 0.986741 0.119027 0.0888545 4.45199 3 1634
-0.032441 -0.114018 0.0107151 0.0510958 0.15872 0.986001 0.119027 0.0901442 4.43519 3 1635
-0.0343505 -0.113453 0.0107665 0.0535772 0.161841 0.985361 0.119027 0.0905784 4.41839 3 1636
-0.0362536 -0.112866 0.0106929 0.0539224 0.164172 0.984957 0.119027 0.0899576 4.40159 3 1637
-0.0381492 -0.112255 0.0105307 0.0533877 0.166116 0.98466 0.119027 0.0885888 4.38479 3 1638
-0.040037 -0.111619 0.0102805 0.0522584 0.167606 0.984468 0.119027 0.086479 4.36799 3 1639
-0.041915 -0.110953 0.0100002 0.0509912 0.168685 0.98435 0.119027 0.0841157 4.35119 3 1640
-0.0437811 -0.110254 0.00973648 0.0505335 0.169219 0.984282 0.119027 0.0818921 4.33439 3 1641
-0.0456336 -0.109518 0.00952584 0.0508304 0.168941 0.984315 0.119027 0.0801166 4.31759 3 1642
-0.047471 -0.108745 0.00940022 0.0523462 0.168428 0.984323 0.119027 0.0790579 4.30079 3 1643
-0.0492918 -0.107934 0.00938023 0.0555368 0.167418 0.98432 0.119027 0.0788894 4.28399 3 1644
-0.0510951 -0.107085 0.00946572 0.0610709 0.166262 0.984189 0.119027 0.0796099 4.26719 3 1645
-0.05288 -0.106197 0.00965668 0.0691284 0.164849 0.983893 0.119027 0.0812194 4.25039 3 1646
-0.0546464 -0.105274 0.00992402 0.0791198 0.163027 0.983444 0.119027 0.0834731 4.23359 3 1647
-0.0563955 -0.10432 0.0102148 0.0905918 0.161001 0.982788 0.119027 0.0859251 4.21679 3 1648
-0.058126 -0.103333 0.0105401 0.102889 0.159333 0.981849 0.119027 0.0886686 4.19999 3 1649
-0.05984 -0.102318 0.0108421 0.11563 0.157694 0.980695 0.119027 0.0912158 4.18319 3 1650
-0.0615368 -0.101276 0.0111249 0.12878 0.157086 0.979153 0.119027 0.0936018 4.16639 3 1651
-0.0632167 -0.100208 0.0113773 0.141599 0.156449 0.977483 0.119027 0.0957319 4.14959 3 1652
-0.0648783 -0.0991121 0.0116203 0.153645 0.156578 0.975642 0.119027 0.0977834 4.13279 3 1653
-0.066521 -0.0979889 0.0118554 0.164263 0.15824 0.973641 0.119027 0.0997682 4.11599 3 1654
-0.0681445 -0.0968387 0.0120834 0.172957 0.160779 0.971718 0.119027 0.101693 4.09919 3 1655
-0.069747 -0.0956601 0.0123255 0.179533 0.164079 0.969972 0.119027 0.103738 4.08239 3 1656
-0.0713308 -0.0944572 0.0125372 0.183917 0.169253 0.96826 0.119027 0.105526 4.06559 3 1657
-0.0728959 -0.0932307 0.0127138 0.186081 0.175513 0.966731 0.119027 0.107019 4.04879 3 1658
-0.0744432 -0.0919823 0.0128407 0.185904 0.183018 0.965373 0.119027 0.108091 4.03199 3 1659
-0.0759749 -0.0907152 0.0128839 0.182833 0.191524 0.964308 0.119027 0.108456 4.01519 3 1660
-0.0774915 -0.08943 0.0128361 0.177411 0.200847 0.963424 0.119027 0.108052 3.99839 3 1661
-0.078995 -0.088129 0.0126683 0.169289 0.211051 0.962704 0.119027 0.106634 3.98159 3 1662
-0.0804859 -0.0868128 0.0123681 0.159214 0.222076 0.961942 0.119027 0.104098 3.96479 3 1663
-0.0819623 -0.0854791 0.0119555 0.146772 0.233543 0.961205 0.119027 0.100614 3.94799 3 1664
-0.0834228 -0.0841265 0.0114366 0.132017 0.245017 0.960488 0.119027 0.0962328 3.93119 3 1665
-0.0848667 -0.0827546 0.0108051 0.115436 0.256388 0.959656 0.119027 0.0909036 3.91439 3 1666
-0.0862896 -0.0813593 0.0101084 0.0978196 0.267197 0.958664 0.119027 0.0850279 3.89759 3 1667
-0.0876895 -0.0799396 0.00936149 0.0796707 0.277572 0.957396 0.119027 0.0787315 3.88079 3 1668
-0.0890634 -0.0784934 0.00859801 0.0609723 0.287067 0.955968 0.119027 0.0722987 3.86399 3 1669
-0.0904112 -0.0770216 0.00780494 0.0424737 0.294951 0.954568 0.119027 0.0656199 3.84719 3 1670
-0.0917297 -0.0755227 0.00702809 0.0246999 0.300246 0.953542 0.119027 0.0590805 3.83039 3 1671
-0.0930208 -0.0739991 0.00622026 0.00859356 0.302747 0.953032 0.119027 0.052283 3.81359 3 1672
-0.0942803 -0.0724488 0.00546087 -0.00663022 0.302472 0.953135 0.119027 0.0458953 3.79679 3 1673
-0.0955094 -0.0708735 0.00472469 -0.0199897 0.299113 0.954008 0.119027 0.0397047 3.77999 3 1674
-0.0967064 -0.0692732 0.0040627 -0.0309653 0.291741 0.955996 0.119027 0.0341392 3.76319 3 1675
-0.0978717 -0.0676494 0.00348166 -0.0404174 0.28216 0.958516 0.119027 0.0292552 3.74639 3 1676
-0.0990055 -0.0660031 0.00298674 -0.0486962 0.268956 0.961921 0.119027 0.0250956 3.72959 3 1677
-0.100108 -0.0643353 0.00261707 -0.0550322 0.251863 0.966197 0.119027 0.021989 3.71279 3 1678
-0.101179 -0.0626472 0.00237526 -0.0604305 0.231792 0.970887 0.119027 0.019957 3.69599 3 1679
-0.102218 -0.0609396 0.00227733 -0.063849 0.208699 0.975893 0.119027 0.019134 3.67919 3 1680
-0.103227 -0.0592135 0.00231164 -0.0660953 0.184586 0.980591 0.119027 0.0194224 3.66239 3 1681
-0.104204 -0.0574693 0.002483 -0.0665227 0.158588 0.985101 0.119027 0.0208624 3.64559 3 1682
-0.10515 -0.0557079 0.0027516 -0.0652667 0.130626 0.989281 0.119027 0.0231195 3.62879 3 1683
-0.106063 -0.0539298 0.00309738 -0.0628399 0.102732 0.992722 0.119027 0.0260255 3.61199 3 1684
-0.106944 -0.0521354 0.00350196 -0.0587463 0.0753328 0.995426 0.119027 0.0294258 3.59519 3 1685
-0.107792 -0.0503257 0.00394235 -0.0540376 0.0495122 0.997311 0.119027 0.0331276 3.57839 3 1686
-0.108607 -0.048501 0.00441764 -0.0481144 0.0259957 0.998503 0.119027 0.0371231 3.56159 3 1687
-0.109391 -0.0466628 0.00486245 -0.0417311 0.00587596 0.999112 0.119027 0.040863 3.54479 3 1688
-0.110142 -0.0448114 0.00530401 -0.0348258 -0.0094867 0.999348 0.119027 0.0445762 3.52799 3 1689
-0.110862 -0.042948 0.00571155 -0.0279748 -0.0199614 0.999409 0.119027 0.0480038 3.51119 3 1690
-0.111552 -0.041074 0.00603692 -0.0209429 -0.0250803 0.999466 0.119027 0.0507407 3.49439 3 1691
-0.112215 -0.0391902 0.00627224 -0.0142463 -0.0248392 0.99959 0.119027 0.0527204 3.47759 3 1692
-0.112852 -0.0372975 0.00639198 -0.00792743 -0.0184204 0.999799 0.119027 0.0537278 3.46079 3 1693
-0.113463 -0.0353969 0.00636708 -0.00214765 -0.00735028 0.999971 0.119027 0.0535183 3.44399 3 1694
-0.11405 -0.0334882 0.00620624 0.00251944 0.00698238 0.999972 0.119027 0.0521651 3.42719 3 1695
-0.114612 -0.0315718 0.00588684 0.00620476 0.0248535 0.999672 0.119027 0.0494782 3.41039 3 1696
-0.115147 -0.0296473 0.00544014 0.00892797 0.0453344 0.998932 0.119027 0.045721 3.39359 3 1697
-0.115652 -0.0277142 0.00489231 0.0106711 0.0651619 0.997818 0.119027 0.0411141 3.37679 3 1698
-0.116126 -0.0257729 0.00424304 0.0115412 0.0837241 0.996422 0.119027 0.0356552 3.35999 3 1699
-0.116565 -0.023823 0.00354489 0.011899 0.100394 0.994877 0.119027 0.0297866 3.34319 3 1700
-0.116967 -0.021865 0.00283422 0.012189 0.113168 0.993501 0.119027 0.0238139 3.32639 3 1701
-0.117331 -0.0198992 0.00218729 0.0120314 0.121613 0.992505 0.119027 0.0183775 3.30959 3 1702
-0.117658 -0.0179266 0.00164824 0.0118659 0.125368 0.992039 0.119027 0.0138481 3.29279 3 1703
-0.117947 -0.0159482 0.00122887 0.0118968 0.123816 0.992234 0.119027 0.0103245 3.27599 3 1704
-0.118201 -0.0139648 0.000984388 0.0122503 0.117559 0.99299 0.119027 0.00827038 3.25919 3 1705
-0.118419 -0.0119772 0.000929811 0.0132053 0.106038 0.994274 0.119027 0.00781185 3.24239 3 1706
-0.118603 -0.00998609 0.00106488 0.0150849 0.0911747 0.995721 0.119027 0.0089467 3.22559 3 1707
-0.11875 -0.00799204 0.00138165 0.0180526 0.0741995 0.99708 0.119027 0.0116082 3.20879 3 1708
-0.118862 -0.0059957 0.00182417 0.0219852 0.0565525 0.998158 0.119027 0.0153263 3.19199 3 1709
-0.118937 -0.00399778 0.00232954 0.0269333 0.0399057 0.99884 0.119027 0.0195727 3.17519 3 1710
-0.118976 -0.00199897 0.00287266 0.0332011 0.0254437 0.999125 0.119027 0.0241369 3.15839 3 1711
-0.11898 1.45708e-17 0.00336071 0.041259 0.0141938 0.999048 0.119027 0.0282386 3.14159 3 1712
-0.118951 0.00199857 0.00374178 0.0508756 0.00659101 0.998683 0.119027 0.0314416 3.12479 3 1713
-0.118893 0.00399631 0.00397956 0.0617877 0.00346817 0.998083 0.119027 0.0334404 3.10799 3 1714
-0.118807 0.00599295 0.00404192 0.0738237 0.00564142 0.997255 0.119027 0.0339646 3.09119 3 1715
-0.118694 0.00798827 0.00390477 0.0865228 0.0124213 0.996172 0.119027 0.0328116 3.07439 3 1716
-0.118554 0.00998197 0.0035793 0.0999934 0.0218631 0.994748 0.119027 0.0300759 3.05759 3 1717
-0.118384 0.0119737 0.00304618 0.113987 0.0329624 0.992935 0.119027 0.0255952 3.04079 3 1718
-0.118181 0.0139625 0.00239518 0.128553 0.0451146 0.990676 0.119027 0.0201244 3.02399 3 1719
-0.117942 0.0159476 0.00164019 0.143012 0.0568619 0.988086 0.119027 0.0137805 3.00719 3 1720
-0.117666 0.0179278 0.000892146 0.157374 0.0674458 0.985233 0.119027 0.0074954 2.99039 3 1721
-0.117351 0.0199025 0.000216478 0.171392 0.0762469 0.982248 0.119027 0.00181873 2.97359 3 1722
-0.117 0.0218711 -0.000353521 0.185527 0.0819879 0.979213 0.119027 -0.00297009 2.95679 3 1723
-0.116614 0.0238331 -0.000719681 0.198484 0.0843689 0.976466 0.119027 -0.00604641 2.93999 3 1724
-0.116196 0.0257884 -0.000970409 0.210454 0.0825065 0.974116 0.119027 -0.00815294 2.92319 3 1725
-0.115745 0.0277365 -0.001117 0.22104 0.0765669 0.972255 0.119027 -0.00938459 2.90639 3 1726
-0.115262 0.0296769 -0.00114566 0.229465 0.0666003 0.971036 0.119027 -0.00962536 2.88959 3 1727
-0.114748 0.0316092 -0.00109239 0.235176 0.0534431 0.970482 0.119027 -0.00917783 2.87279 3 1728
-0.114202 0.0335326 -0.000983262 0.239002 0.0374549 0.970296 0.119027 -0.00826093 2.85599 3 1729
-0.113623 0.0354467 -0.00083838 0.240769 0.0196501 0.970384 0.119027 -0.00704367 2.83919 3 1730
-0.113013 0.0373509 -0.000661188 0.240012 0.000963647 0.970769 0.119027 -0.00555497 2.82239 3 1731
-0.11237 0.0392444 -0.000443434 0.237718 -0.0183738 0.97116 0.119027 -0.0037255 2.80559 3 1732
-0.111696 0.0411269 -0.000179618 0.234098 -0.0370111 0.971508 0.119027 -0.00150906 2.78879 3 1733
-0.110989 0.0429975 0.000121253 0.229235 -0.0548073 0.971827 0.119027 0.0010187 2.77199 3 1734
-0.110251 0.0448556 0.000456441 0.223922 -0.0714883 0.971982 0.119027 0.00383478 2.75519 3 1735
-0.10948 0.0467007 0.000808899 0.217963 -0.0868265 0.972087 0.119027 0.00679598 2.73839 3 1736
-0.108677 0.0485321 0.00115756 0.211533 -0.099938 0.972248 0.119027 0.00972531 2.72159 3 1737
-0.107843 0.0503493 0.00150465 0.204138 -0.110557 0.972679 0.119027 0.0126416 2.70479 3 1738
-0.106978 0.052152 0.00181607 0.196858 -0.118926 0.973192 0.119027 0.0152582 2.68799 3 1739
-0.106083 0.0539398 0.00207855 0.189495 -0.125445 0.973835 0.119027 0.0174638 2.67119 3 1740
-0.105158 0.0557123 0.00230624 0.182612 -0.130199 0.974526 0.119027 0.019377 2.65439 3 1741
-0.104204 0.0574694 0.00247502 0.175875 -0.132966 0.975391 0.119027 0.0207953 2.63759 3 1742
-0.103222 0.0592104 0.00260679 0.170235 -0.134092 0.976237 0.119027 0.0219026 2.62079 3 1743
-0.102211 0.0609349 0.00271371 0.165354 -0.133753 0.977122 0.119027 0.0228011 2.60399 3 1744
-0.101171 0.0626423 0.00280336 0.161302 -0.132049 0.978031 0.119027 0.0235545 2.58719 3 1745
-0.100103 0.0643321 0.00287396 0.158014 -0.130293 0.978803 0.119027 0.0241478 2.57039 3 1746
-0.0990065 0.0660038 0.0029393 0.155139 -0.128583 0.979489 0.119027 0.0246969 2.55359 3 1747
-0.0978828 0.067657 0.0029849 0.152416 -0.127039 0.980118 0.119027 0.0250802 2.53679 3 1748
-0.0967321 0.0692916 0.00300093 0.149523 -0.126072 0.980688 0.119027 0.0252148 2.51999 3 1749
-0.0955548 0.0709071 0.00298059 0.146658 -0.125655 0.981174 0.119027 0.0250439 2.50319 3 1750
-0.0943512 0.0725032 0.00292377 0.143214 -0.126005 0.981638 0.119027 0.0245664 2.48639 3 1751
-0.0931212 0.0740791 0.00285581 0.139166 -0.126769 0.982121 0.119027 0.0239953 2.46959 3 1752
-0.0918644 0.0756337 0.00281067 0.133791 -0.128088 0.982697 0.119027 0.0236159 2.45279 3 1753
-0.0905807 0.0771661 0.00282122 0.127516 -0.129621 0.98333 0.119027 0.0237046 2.43599 3 1754
-0.08927 0.0786754 0.00291013 0.119854 -0.131243 0.984078 0.119027 0.0244518 2.41919 3 1755
-0.087932 0.0801606 0.00310702 0.110504 -0.133147 0.984917 0.119027 0.0261065 2.40239 3 1756
-0.086567 0.0816208 0.00340919 0.0998442 -0.134891 0.985817 0.119027 0.028646 2.38559 3 1757
-0.0851757 0.0830559 0.00377377 0.086797 -0.136532 0.986826 0.119027 0.0317105 2.36879 3 1758
-0.083759 0.0844656 0.00417334 0.0715515 -0.138177 0.98782 0.119027 0.0350693 2.35199 3 1759
-0.0823173 0.0858493 0.00460254 0.0542048 -0.139172 0.988784 0.119027 0.0386776 2.33519 3 1760
-0.0808523 0.0872079 0.00501105 0.0361378 -0.139973 0.989496 0.119027 0.0421126 2.31839 3 1761
-0.0793638 0.0885405 0.00542238 0.017766 -0.139503 0.990062 0.119027 0.0455717 2.30159 3 1762
-0.077852 0.089846 0.0058466 0.000752373 -0.139742 0.990188 0.119027 0.0491397 2.28479 3 1763
-0.0763177 0.0911245 0.00627294 -0.0151672 -0.139519 0.990103 0.119027 0.0527262 2.26799 3 1764
-0.0747606 0.0923745 0.00672621 -0.0299481 -0.139592 0.989756 0.119027 0.0565401 2.25119 3 1765
-0.0731816 0.0935961 0.00718656 -0.0433339 -0.139938 0.989212 0.119027 0.0604143 2.23439 3 1766
-0.0715816 0.0947893 0.00764768 -0.0555536 -0.141468 0.988383 0.119027 0.064296 2.21759 3 1767
-0.0699611 0.0959538 0.00810722 -0.0662768 -0.14474 0.987248 0.119027 0.0681653 2.20079 3 1768
-0.0683206 0.097089 0.00856938 -0.07545 -0.149912 0.985816 0.119027 0.0720576 2.18399 3 1769
-0.0666613 0.0981955 0.00901874 -0.0825472 -0.157599 0.984047 0.119027 0.0758432 2.16719 3 1770
-0.0649824 0.0992712 0.00948374 -0.0870314 -0.166622 0.982172 0.119027 0.0797618 2.15039 3 1771
-0.0632836 0.100314 0.00998499 -0.0884844 -0.17695 0.980234 0.119027 0.0839871 2.1336 3 1772
-0.061566 0.101324 0.010508 -0.086382 -0.188094 0.978345 0.119027 0.0883974 2.1168 3 1773
-0.0598333 0.102307 0.0109861 -0.0805683 -0.199029 0.976676 0.119027 0.0924305 2.1 3 1774
-0.0580879 0.103265 0.0113824 -0.06951 -0.207628 0.975735 0.119027 0.0957753 2.0832 3 1775
-0.0563309 0.1042 0.0116842 -0.0530815 -0.212813 0.97565 0.119027 0.0983223 2.0664 3 1776
-0.0545659 0.105119 0.0118272 -0.0319304 -0.212512 0.976637 0.119027 0.09953 2.0496 3 1777
-0.0527952 0.106027 0.0117627 -0.00721392 -0.206242 0.978474 0.119027 0.0989857 2.0328 3 1778
-0.0510267 0.106941 0.011282 0.01869 -0.193289 0.980964 0.119027 0.094928 2.016 3 1779
-0.0492574 0.107859 0.0103738 0.0433162 -0.175187 0.983582 0.119027 0.0872654 1.9992 3 1780
-0.0474791 0.108764 0.00914333 0.0636429 -0.153532 0.986092 0.119027 0.076893 1.9824 3 1781
-0.0456803 0.10963 0.00787005 0.0786187 -0.130498 0.988327 0.119027 0.0661682 1.9656 3 1782
-0.0438557 0.110441 0.0068396 0.0883896 -0.107144 0.990307 0.119027 0.0574942 1.9488 3 1783
-0.0420069 0.111196 0.00618164 0.0930141 -0.0854382 0.991992 0.119027 0.0519581 1.932 3 1784
-0.0401388 0.111903 0.00584149 0.0927388 -0.0664177 0.993473 0.119027 0.0490967 1.9152 3 1785
-0.0382554 0.112567 0.00570482 0.0888661 -0.0507816 0.994748 0.119027 0.0479471 1.8984 3 1786
-0.0363587 0.113193 0.00572216 0.083668 -0.0387904 0.995738 0.119027 0.048093 1.8816 3 1787
-0.0344501 0.113782 0.00585735 0.0779232 -0.0301884 0.996502 0.119027 0.0492302 1.8648 3 1788
-0.0325308 0.114334 0.00607374 0.0726327 -0.0239539 0.997071 0.119027 0.0510504 1.848 3 1789
-0.0306027 0.114854 0.00628571 0.0674242 -0.0197107 0.99753 0.119027 0.0528337 1.8312 3 1790
-0.0286668 0.115343 0.0064508 0.0628955 -0.017483 0.997867 0.119027 0.0542227 1.8144 3 1791
-0.0267243 0.115805 0.00651238 0.0604767 -0.0177457 0.998012 0.119027 0.0547408 1.7976 3 1792
-0.0247759 0.116242 0.00644071 0.0595318 -0.0199616 0.998027 0.119027 0.0541378 1.7808 3 1793
-0.0228216 0.116651 0.00625097 0.0594953 -0.0232835 0.997957 0.119027 0.0525414 1.764 3 1794
-0.0208615 0.117033 0.00594931 0.0596912 -0.0275457 0.997837 0.119027 0.0500037 1.7472 3 1795
-0.0188955 0.117386 0.0055613 0.0596921 -0.0322479 0.997696 0.119027 0.04674 1.7304 3 1796
-0.0169234 0.117705 0.00515196 0.0584053 -0.0375142 0.997588 0.119027 0.0432975 1.7136 3 1797
-0.0149457 0.117989 0.00476855 0.0558086 -0.0438987 0.997476 0.119027 0.0400735 1.6968 3 1798
-0.0129626 0.118233 0.00449837 0.0495003 -0.0509935 0.997471 0.119027 0.0378019 1.68 3 1799
-0.0109749 0.118438 0.00441092 0.0357339 -0.0572096 0.997722 0.119027 0.0370666 1.6632 3 1800
-0.00898305 0.118597 0.00462869 0.0137534 -0.0614949 0.998013 0.119027 0.0388976 1.6464 3 1801
-0.0069881 0.118708 0.00518531 -0.0123623 -0.0661903 0.99773 0.119027 0.0435779 1.6296 3 1802
-0.00499101 0.118764 0.00613404 -0.0398882 -0.0710897 0.996672 0.119027 0.0515577 1.6128 3 1803
-0.00299322 0.118754 0.00748641 -0.0675015 -0.0769694 0.994746 0.119027 0.0629383 1.596 3 1804
-0.00099693 0.11868 0.0090325 -0.0936268 -0.0842106 0.99204 0.119027 0.0759591 1.5792 3 1805
0.000995965 0.118565 0.0104329 -0.117839 -0.0912715 0.988829 0.119027 0.0877639 1.5624 3 1806
0.00298517 0.118434 0.0114826 -0.138347 -0.0975335 0.98557 0.119027 0.0966212 1.5456 3 1807
0.00497132 0.118295 0.0122033 -0.152495 -0.103233 0.982898 0.119027 0.102706 1.5288 3 1808
0.00695525 0.11815 0.01263 -0.158308 -0.107839 0.981483 0.119027 0.10631 1.512 3 1809
0.00893772 0.117999 0.0127995 -0.157185 -0.112103 0.981186 0.119027 0.107743 1.4952 3 1810
0.0109186 0.117831 0.0128097 -0.150397 -0.117266 0.981646 0.119027 0.107829 1.4784 3 1811
0.012898 0.117644 0.0126856 -0.138831 -0.121802 0.982797 0.119027 0.10678 1.4616 3 1812
0.014876 0.117439 0.0124212 -0.126244 -0.126558 0.983893 0.119027 0.104547 1.4448 3 1813
0.0168518 0.117207 0.0120845 -0.113012 -0.131796 0.984814 0.119027 0.101702 1.428 3 1814
0.0188244 0.116944 0.0117084 -0.101049 -0.137195 0.985376 0.119027 0.098527 1.4112 3 1815
0.0207923 0.116646 0.0113544 -0.0902505 -0.142413 0.985684 0.119027 0.095539 1.3944 3 1816
0.0227538 0.116305 0.0110868 -0.0810373 -0.147164 0.985787 0.119027 0.0932805 1.3776 3 1817
0.024707 0.115918 0.0109547 -0.0740514 -0.151657 0.985655 0.119027 0.0921659 1.3608 3 1818
0.0266502 0.115484 0.0109847 -0.0692879 -0.154659 0.985535 0.119027 0.0924188 1.344 3 1819
0.0285829 0.115005 0.0111445 -0.066192 -0.157235 0.98534 0.119027 0.0937669 1.3272 3 1820
0.0305044 0.114485 0.0114065 -0.0643984 -0.158409 0.985271 0.119027 0.0959785 1.3104 3 1821
0.0324158 0.11393 0.0116905 -0.062836 -0.158999 0.985277 0.119027 0.0983762 1.2936 3 1822
0.0343183 0.113346 0.0119289 -0.0612892 -0.158798 0.985407 0.119027 0.100389 1.2768 3 1823
0.0362134 0.112741 0.0120621 -0.0594127 -0.157447 0.985739 0.119027 0.101513 1.26 3 1824
0.0381018 0.112115 0.0120762 -0.0571371 -0.155702 0.98615 0.119027 0.101632 1.2432 3 1825
0.0399836 0.11147 0.0119677 -0.0546071 -0.153147 0.986693 0.119027 0.100717 1.2264 3 1826
0.0418577 0.110801 0.0117665 -0.0521374 -0.150227 0.987276 0.119027 0.0990175 1.2096 3 1827
0.0437224 0.110106 0.0115103 -0.0498919 -0.146617 0.987934 0.119027 0.0968548 1.1928 3 1828
0.0455753 0.109378 0.0112576 -0.048303 -0.142086 0.988675 0.119027 0.0947216 1.176 3 1829
0.0474139 0.108615 0.011055 -0.0479069 -0.136628 0.989463 0.119027 0.0930118 1.1592 3 1830
0.0492368 0.107814 0.0109272 -0.0497256 -0.130142 0.990248 0.119027 0.0919341 1.1424 3 1831
0.0510411 0.106971 0.010925 -0.0547971 -0.122445 0.990961 0.119027 0.091915 1.1256 3 1832
0.0528257 0.106088 0.0110526 -0.0630068 -0.11396 0.991485 0.119027 0.0929918 1.1088 3 1833
0.0545884 0.105163 0.0113291 -0.074516 -0.104583 0.991721 0.119027 0.0953252 1.092 3 1834
0.0563279 0.104195 0.0117493 -0.0884496 -0.0953018 0.991511 0.119027 0.0988721 1.0752 3 1835
0.058044 0.103187 0.012277 -0.104014 -0.0864123 0.990815 0.119027 0.103329 1.0584 3 1836
0.0597348 0.102139 0.0129187 -0.120037 -0.0780637 0.989695 0.119027 0.10875 1.0416 3 1837
0.0614022 0.101055 0.0136063 -0.1356 -0.0713942 0.988188 0.119027 0.114563 1.0248 3 1838
0.063049 0.0999421 0.0142771 -0.149592 -0.0665066 0.986509 0.119027 0.120238 1.008 3 1839
0.0646764 0.0988037 0.0149072 -0.161259 -0.0636772 0.984856 0.119027 0.125572 0.991198 3 1840
0.066288 0.0976456 0.0154485 -0.169416 -0.0635004 0.983497 0.119027 0.130157 0.974398 3 1841
0.067888 0.0964742 0.0158546 -0.174167 -0.0665468 0.982465 0.119027 0.133599 0.957598 3 1842
0.0694804 0.0952945 0.0160891 -0.17483 -0.0724197 0.981932 0.119027 0.135587 0.940798 3 1843
0.0710671 0.094108 0.0161422 -0.172212 -0.080472 0.981767 0.119027 0.136037 0.923998 3 1844
0.072648 0.0929137 0.0160229 -0.166677 -0.0900768 0.981889 0.119027 0.135025 0.907198 3 1845
0.0742219 0.0917089 0.0157488 -0.159576 -0.100529 0.982054 0.119027 0.132702 0.890398 3 1846
0.0757827 0.0904857 0.0153862 -0.151738 -0.111512 0.98211 0.119027 0.129629 0.873598 3 1847
0.0773265 0.0892396 0.0149775 -0.143719 -0.121685 0.982109 0.119027 0.126167 0.856798 3 1848
0.0788481 0.0879651 0.0145788 -0.136639 -0.131007 0.98192 0.119027 0.122791 0.839998 3 1849
0.0803413 0.0866568 0.0142586 -0.131313 -0.138482 0.981621 0.119027 0.120081 0.823198 3 1850
0.0818068 0.0853169 0.0140039 -0.128444 -0.143049 0.981346 0.119027 0.117926 0.806398 3 1851
0.0832405 0.0839427 0.0138588 -0.127749 -0.144992 0.981151 0.119027 0.116699 0.789598 3 1852
0.0846441 0.0825375 0.0137968 -0.12988 -0.144289 0.980975 0.119027 0.116175 0.772798 3 1853
0.0860153 0.0811006 0.0138378 -0.134702 -0.140737 0.980841 0.119027 0.116521 0.755998 3 1854
0.0873541 0.0796338 0.013969 -0.141221 -0.135038 0.980725 0.119027 0.117631 0.739198 3 1855
0.0886601 0.0781379 0.0141877 -0.149347 -0.127456 0.980536 0.119027 0.119481 0.722398 3 1856
0.0899327 0.076614 0.0144858 -0.158165 -0.118909 0.980227 0.119027 0.122004 0.705598 3 1857
0.0911725 0.0750639 0.0148461 -0.167309 -0.109698 0.979783 0.119027 0.125055 0.688798 3 1858
0.0923805 0.0734898 0.015249 -0.176072 -0.100168 0.979268 0.119027 0.128467 0.671998 3 1859
0.0935573 0.0718932 0.0156789 -0.184538 -0.0905203 0.978648 0.119027 0.13211 0.655198 3 1860
0.0947065 0.0702777 0.016098 -0.192186 -0.0813964 0.977977 0.119027 0.135663 0.638399 3 1861
0.095829 0.0686447 0.016496 -0.198825 -0.0731335 0.977302 0.119027 0.139038 0.621599 3 1862
0.0969265 0.066996 0.0168587 -0.204625 -0.0655569 0.976643 0.119027 0.142116 0.604799 3 1863
0.0979986 0.0653318 0.0171887 -0.209641 -0.0592305 0.975983 0.119027 0.144916 0.587999 3 1864
0.0990487 0.0636548 0.0174598 -0.213867 -0.0545539 0.975338 0.119027 0.147219 0.571199 3 1865
0.100076 0.0619642 0.0176844 -0.217435 -0.0514481 0.974718 0.119027 0.149127 0.554399 3 1866
0.101077 0.0602589 0.0178823 -0.220655 -0.0502545 0.974056 0.119027 0.150809 0.537599 3 1867
0.102056 0.0585415 0.0180269 -0.223328 -0.0506642 0.973426 0.119027 0.152037 0.520799 3 1868
0.103008 0.0568097 0.0181484 -0.226011 -0.0531127 0.972676 0.119027 0.15307 0.503999 3 1869
0.103939 0.0550664 0.0182151 -0.228546 -0.0568456 0.971872 0.119027 0.153637 0.487199 3 1870
0.104846 0.0533108 0.0182401 -0.230787 -0.0625608 0.970991 0.119027 0.15385 0.470399 3 1871
0.105729 0.0515428 0.0182275 -0.232931 -0.0693195 0.97002 0.119027 0.153743 0.453599 3 1872
0.106587 0.0497631 0.0181707 -0.234897 -0.077023 0.968964 0.119027 0.15326 0.436799 3 1873
0.107422 0.0479716 0.0180734 -0.236489 -0.084944 0.967914 0.119027 0.152432 0.419999 3 1874
0.108232 0.0461686 0.0179348 -0.237869 -0.09265 0.966868 0.119027 0.151254 0.403199 3 1875
0.109017 0.0443537 0.0177626 -0.239082 -0.100017 0.965834 0.119027 0.149791 0.386399 3 1876
0.109775 0.042527 0.0175608 -0.240237 -0.106503 0.964854 0.119027 0.148077 0.369599 3 1877
0.110503 0.0406878 0.0173469 -0.24117 -0.111834 0.964018 0.119027 0.14626 0.352799 3 1878
0.111197 0.0388347 0.0171598 -0.241963 -0.11596 0.963331 0.119027 0.144671 0.335999 3 1879
0.111855 0.036968 0.01701 -0.242939 -0.118572 0.962767 0.119027 0.1434 0.319199 3 1880
0.112473 0.035088 0.0169118 -0.244291 -0.11856 0.962427 0.119027 0.142566 0.302399 3 1881
0.113054 0.0331957 0.0168585 -0.245953 -0.116448 0.962261 0.119027 0.142114 0.285599 3 1882
0.113596 0.0312918 0.0168589 -0.24801 -0.111801 0.962284 0.119027 0.142117 0.268799 3 1883
0.114102 0.0293782 0.0168844 -0.25028 -0.105342 0.962425 0.119027 0.142334 0.251999 3 1884
0.114573 0.0274558 0.0169272 -0.25292 -0.0974022 0.962572 0.119027 0.142697 0.235199 3 1885
0.11501 0.0255252 0.016989 -0.255707 -0.0874523 0.962791 0.119027 0.143221 0.218399 3 1886
0.11541 0.023587 0.0170784 -0.258819 -0.075989 0.962932 0.119027 0.143981 0.2016 3 1887
0.115771 0.0216414 0.0172057 -0.262124 -0.0629507 0.962979 0.119027 0.145062 0.1848 3 1888
0.116092 0.019689 0.0173903 -0.265335 -0.0491122 0.962905 0.119027 0.146628 0.168 3 1889
0.11637 0.0177304 0.0176369 -0.268584 -0.0346093 0.962634 0.119027 0.148723 0.1512 3 1890
0.116604 0.0157665 0.0179573 -0.271695 -0.0190349 0.962195 0.119027 0.151446 0.1344 3 1891
0.116794 0.0137986 0.0183376 -0.274711 -0.00234902 0.961524 0.119027 0.154679 0.1176 3 1892
0.11694 0.0118276 0.0187746 -0.277365 0.015255 0.960644 0.119027 0.158395 0.1008 3 1893
0.117044 0.00985487 0.0192608 -0.279606 0.0332542 0.959539 0.119027 0.162533 0.0839998 3 1894
0.117109 0.00788156 0.0197698 -0.281296 0.0508145 0.958275 0.119027 0.166868 0.0671998 3 1895
0.117133 0.00590848 0.0203083 -0.282432 0.0669167 0.95695 0.119027 0.171459 0.0503999 3 1896
0.11712 0.00393672 0.0208503 -0.28302 0.0809804 0.955689 0.119027 0.176081 0.0335999 3 1897
0.117074 0.00196702 0.0213827 -0.283154 0.091898 0.954662 0.119027 0.180627 0.0168 3 1898
0.115069 0 0.0213172 -0.283972 0.0989485 0.953713 0.117027 0.183179 0 3 1899
0.113142 0 0.0207373 -0.285471 0.106148 0.952491 0.115027 0.181273 0 3 1900
0.111217 0 0.0201463 -0.286984 0.111942 0.951372 0.113027 0.179201 0 3 1901
0.10929 0 0.0195601 -0.288369 0.116187 0.950444 0.111027 0.177099 0 3 1902
0.107362 0 0.0189826 -0.289335 0.11858 0.949855 0.109027 0.175001 0 3 1903
0.10543 0 0.0184211 -0.289106 0.119406 0.949821 0.107027 0.172978 0 3 1904
0.103494 0 0.0178811 -0.287732 0.118444 0.950358 0.105027 0.171086 0 3 1905
0.101553 0 0.017366 -0.285138 0.116143 0.951424 0.103027 0.169367 0 3 1906
0.0996063 0 0.0168831 -0.280792 0.11239 0.953166 0.101027 0.167902 0 3 1907
0.0976534 0 0.0164368 -0.274693 0.107 0.95556 0.099027 0.166755 0 4 1908
0.0976695 0.00196718 0.0162215 -0.267555 0.103948 0.957919 0.099027 0.16455 0.0201384 4 1909
0.0976546 0.00393535 0.0159508 -0.259185 0.103281 0.96029 0.099027 0.16178 0.0402768 4 1910
0.0976108 0.00590437 0.0156079 -0.24996 0.104118 0.962642 0.099027 0.158273 0.0604152 4 1911
0.097526 0.00787312 0.0152654 -0.24018 0.106046 0.964919 0.099027 0.154771 0.0805537 4 1912
0.0974018 0.00984087 0.0149126 -0.230427 0.108247 0.96705 0.099027 0.151167 0.100692 4 1913
0.0972355 0.0118065 0.0145671 -0.220636 0.110189 0.969112 0.099027 0.147638 0.12083 4 1914
0.0970262 0.013769 0.0142365 -0.211369 0.111708 0.971002 0.099027 0.144263 0.140969 4 1915
0.0967736 0.0157272 0.0139237 -0.203153 0.112825 0.972625 0.099027 0.141073 0.161107 4 1916
0.0964761 0.0176799 0.013643 -0.196052 0.113527 0.974 0.099027 0.13821 0.181246 4 1917
0.0961329 0.0196257 0.0134033 -0.190507 0.113194 0.975138 0.099027 0.135767 0.201384 4 1918
0.0957455 0.0215637 0.0131968 -0.186312 0.111792 0.97611 0.099027 0.133663 0.221523 4 1919
0.0953149 0.023493 0.0130188 -0.183761 0.10899 0.97691 0.099027 0.131848 0.241661 4 1920
0.0948447 0.0254136 0.0128441 -0.18299 0.104551 0.97754 0.099027 0.130069 0.261799 4 1921
0.0943403 0.027326 0.0126308 -0.18348 0.0991108 0.978014 0.099027 0.127898 0.281938 4 1922
0.0937996 0.0292291 0.0123952 -0.185444 0.0924363 0.978298 0.099027 0.125499 0.302076 4 1923
0.0932228 0.0311224 0.0121345 -0.189354 0.0847442 0.978245 0.099027 0.122846 0.322215 4 1924
0.0926075 0.0330041 0.011871 -0.194449 0.0756243 0.977993 0.099027 0.120165 0.342353 4 1925
0.091951 0.0348724 0.0116308 -0.200387 0.0652032 0.977545 0.099027 0.117723 0.362491 4 1926
0.0912523 0.0367259 0.0114272 -0.206949 0.0530454 0.976913 0.099027 0.115653 0.38263 4 1927
0.0905091 0.0385623 0.0112867 -0.213904 0.0400953 0.976032 0.099027 0.114224 0.402768 4 1928
0.0897243 0.0403816 0.0111902 -0.220808 0.0258 0.974976 0.099027 0.113243 0.422907 4 1929
0.0888953 0.0421813 0.0111671 -0.22694 0.0103638 0.973854 0.099027 0.113008 0.443045 4 1930
0.088025 0.0439614 0.0111955 -0.23251 -0.00606295 0.972575 0.099027 0.113297 0.463184 4 1931
0.0871107 0.0457192 0.0113057 -0.237098 -0.0228308 0.971217 0.099027 0.114417 0.483322 4 1932
0.0861553 0.0474547 0.0114747 -0.24024 -0.038712 0.969941 0.099027 0.116136 0.50346 4 1933
0.0851589 0.0491665 0.0117032 -0.241967 -0.0536415 0.968801 0.099027 0.118459 0.523599 4 1934
0.0841258 0.0508558 0.0119531 -0.241831 -0.0668158 0.968015 0.099027 0.121 0.543737 4 1935
0.0830618 0.0525251 0.0121739 -0.240476 -0.0779841 0.967517 0.099027 0.123247 0.563876 4 1936
0.0819669 0.0541736 0.0123693 -0.237523 -0.0860212 0.967566 0.099027 0.125236 0.584014 4 1937
0.0808471 0.0558047 0.012487 -0.23336 -0.0909214 0.96813 0.099027 0.126434 0.604152 4 1938
0.0797012 0.0574173 0.0125423 -0.22746 -0.092797 0.969356 0.099027 0.126996 0.624291 4 1939
0.0785318 0.0590128 0.0125133 -0.220856 -0.0917859 0.970978 0.099027 0.126702 0.644429 4 1940
0.0773361 0.0605889 0.0124282 -0.213156 -0.088148 0.973034 0.099027 0.125835 0.664568 4 1941
0.0761142 0.0621453 0.0122852 -0.206021 -0.0828847 0.975031 0.099027 0.124379 0.684706 4 1942
0.0748636 0.0636792 0.012114 -0.198294 -0.076227 0.977174 0.099027 0.122637 0.704845 4 1943
0.0735821 0.0651881 0.0119386 -0.190669 -0.0685769 0.979256 0.099027 0.120853 0.724983 4 1944
0.0722721 0.0666728 0.0117401 -0.183238 -0.0608351 0.981185 0.099027 0.118834 0.745121 4 1945
0.0709321 0.0681312 0.0115378 -0.176136 -0.0551734 0.982818 0.099027 0.116777 0.76526 4 1946
0.0695624 0.0695624 0.0113357 -0.169991 -0.0499934 0.984177 0.099027 0.114723 0.785398 4 1947
0.0681642 0.0709665 0.0111241 -0.164401 -0.04724 0.985262 0.099027 0.112572 0.805537 4 1948
0.0667374 0.0723421 0.0109124 -0.160004 -0.045879 0.98605 0.099027 0.11042 0.825675 4 1949
0.06528 0.0736859 0.0107351 -0.157019 -0.0466026 0.986495 0.099027 0.108619 0.845813 4 1950
0.0637951 0.0749998 0.0105623 -0.154971 -0.0490569 0.9867 0.099027 0.106864 0.865952 4 1951
0.0622792 0.0762782 0.0104535 -0.153838 -0.0529439 0.986677 0.099027 0.105759 0.88609 4 1952
0.0607363 0.0775241 0.0103666 -0.153918 -0.0576641 0.9864 0.099027 0.104877 0.906229 4 1953
0.0591663 0.078736 0.0103116 -0.154849 -0.0634887 0.985896 0.099027 0.104319 0.926367 4 1954
0.0575713 0.079915 0.0102703 -0.15577 -0.0701236 0.985301 0.099027 0.103899 0.946505 4 1955
0.0559534 0.0810625 0.0102196 -0.155674 -0.0768926 0.984811 0.099027 0.103384 0.966644 4 1956
0.0543143 0.0821797 0.0101391 -0.154699 -0.0825429 0.984507 0.099027 0.102567 0.986782 4 1957
0.0526547 0.0832667 0.0100245 -0.152169 -0.0884384 0.98439 0.099027 0.101403 1.00692 4 1958
0.0509734 0.0843203 0.00990738 -0.148195 -0.0938523 0.984495 0.099027 0.100215 1.02706 4 1959
0.0492716 0.085341 0.00977578 -0.142562 -0.0981724 0.984905 0.099027 0.0988794 1.0472 4 1960
0.0475474 0.0863237 0.0096857 -0.13571 -0.101412 0.985545 0.099027 0.0979653 1.06734 4 1961
0.0458004 0.0872654 0.00966534 -0.12808 -0.103525 0.986346 0.099027 0.0977587 1.08747 4 1962
0.044032 0.0881662 0.00970851 -0.120015 -0.104235 0.987285 0.099027 0.0981968 1.10761 4 1963
0.0422417 0.0890226 0.009847 -0.112079 -0.1037 0.988274 0.099027 0.0996022 1.12775 4 1964
0.0404329 0.0898382 0.0100311 -0.105143 -0.101979 0.989214 0.099027 0.10147 1.14789 4 1965
0.0386073 0.0906147 0.0102373 -0.0992176 -0.0991737 0.990111 0.099027 0.103564 1.16803 4 1966
0.0367681 0.0913571 0.0104084 -0.0947479 -0.0952566 0.990933 0.099027 0.105301 1.18817 4 1967
0.0349171 0.0920688 0.0105108 -0.0915717 -0.0907528 0.991654 0.099027 0.106341 1.2083 4 1968
0.0330565 0.0927545 0.010498 -0.0898965 -0.0856668 0.99226 0.099027 0.106212 1.22844 4 1969
0.0311871 0.0934168 0.0103446 -0.0895602 -0.0804793 0.992725 0.099027 0.104654 1.24858 4 1970
0.0293102 0.0940599 0.0099997 -0.0901762 -0.0752053 0.993082 0.099027 0.101152 1.26872 4 1971
0.0274244 0.0946802 0.00948204 -0.0911679 -0.0699628 0.993375 0.099027 0.095899 1.28886 4 1972
0.0255267 0.0952668 0.00888662 -0.0915083 -0.0651093 0.993673 0.099027 0.0898603 1.309 4 1973
0.0236156 0.0958123 0.00828517 -0.0891242 -0.0601594 0.994202 0.099027 0.0837637 1.32914 4 1974
0.0216903 0.0963077 0.00779137 -0.0861418 -0.0562001 0.994697 0.099027 0.0787607 1.34927 4 1975
0.0197506 0.0967448 0.00753036 -0.083437 -0.0535137 0.995075 0.099027 0.076117 1.36941 4 1976
0.0177971 0.0971159 0.00762353 -0.079668 -0.0526808 0.995428 0.099027 0.0770606 1.38955 4 1977
0.0158318 0.0974172 0.00809891 -0.075617 -0.0539291 0.995678 0.099027 0.0818763 1.40969 4 1978
0.0138571 0.0976473 0.00890672 -0.0726994 -0.0595873 0.995572 0.099027 0.0900641 1.42983 4 1979
0.0118797 0.0978379 0.00964134 -0.0703579 -0.0729567 0.99485 0.099027 0.0975152 1.44997 4 1980
0.00990373 0.0980239 0.00997851 -0.0728167 -0.0946271 0.992846 0.099027 0.100937 1.4701 4 1981
0.0079284 0.0982108 0.00990536 -0.07916 -0.124056 0.989113 0.099027 0.100194 1.49024 4 1982
0.0059513 0.0983868 0.00953763 -0.0783282 -0.151473 0.985353 0.099027 0.096463 1.51038 4 1983
0.00397151 0.0985521 0.00883541 -0.0758159 -0.169036 0.98269 0.099027 0.089341 1.53052 4 1984
0.0019886 0.098733 0.00736103 -0.0844718 -0.142463 0.986189 0.099027 0.0744022 1.55066 4 1985
6.0554e-18 0.0988921 0.00516679 -0.105329 -0.0862848 0.990687 0.099027 0.0521993 1.5708 4 1986
-0.00199328 0.0989655 0.00286324 -0.119043 -0.0368597 0.992205 0.099027 0.0289178 1.59093 4 1987
-0.00398696 0.0989354 0.00149746 -0.124009 0.00455757 0.992271 0.099027 0.0151223 1.61107 4 1988
-0.00597799 0.098828 0.00190928 -0.118689 0.0379483 0.992206 0.099027 0.0192816 1.63121 4 1989
-0.00796432 0.0986558 0.00315452 -0.104199 0.0639623 0.992498 0.099027 0.0318605 1.65135 4 1990
-0.00994339 0.0984165 0.00465429 -0.0877751 0.0852099 0.992489 0.099027 0.0470175 1.67149 4 1991
-0.0119157 0.0981344 0.00583178 -0.0669031 0.101981 0.992534 0.099027 0.058925 1.69163 4 1992
-0.0138819 0.0978219 0.00667135 -0.0451522 0.11629 0.992188 0.099027 0.06742 1.71177 4 1993
-0.0158433 0.0974879 0.00717198 -0.0249109 0.128387 0.991411 0.099027 0.072488 1.7319 4 1994
-0.0177987 0.0971245 0.0075092 -0.00635485 0.138612 0.990326 0.099027 0.0759027 1.75204 4 1995
-0.019747 0.0967272 0.00776217 0.00764053 0.146788 0.989138 0.099027 0.0784649 1.77218 4 1996
-0.021687 0.0962931 0.00797818 0.017624 0.152978 0.988072 0.099027 0.0806531 1.79232 4 1997
-0.0236171 0.0958183 0.0082115 0.0236183 0.156979 0.987319 0.099027 0.0830172 1.81246 4 1998
-0.0255359 0.0953014 0.00847929 0.025118 0.158777 0.986995 0.099027 0.085731 1.8326 4 1999
-0.0274421 0.0947412 0.00879685 0.0242003 0.158909 0.986997 0.099027 0.0889501 1.85273 4 2000
-0.0293349 0.094139 0.00914632 0.02156 0.157735 0.987246 0.099027 0.0924937 1.87287 4 2001
-0.0312141 0.0934977 0.00949719 0.0176734 0.154339 0.98786 0.099027 0.0960527 1.89301 4 2002
-0.0330808 0.0928229 0.0097935 0.0132377 0.149085 0.988736 0.099027 0.0990593 1.91315 4 2003
-0.0349373 0.092122 0.00996292 0.00801491 0.141661 0.989883 0.099027 0.100779 1.93329 4 2004
-0.0367859 0.0914014 0.00994608 0.00172747 0.132459 0.991187 0.099027 0.100608 1.95343 4 2005
-0.0386276 0.0906623 0.00972626 -0.00551196 0.120626 0.992683 0.099027 0.0983769 1.97356 4 2006
-0.0404596 0.0898976 0.00936909 -0.0137253 0.105764 0.994297 0.099027 0.0947532 1.9937 4 2007
-0.0422803 0.0891037 0.00890219 -0.0228607 0.0895718 0.995718 0.099027 0.0900182 2.01384 4 2008
-0.0440852 0.0882728 0.0084111 -0.0323967 0.0708317 0.996962 0.099027 0.0850399 2.03398 4 2009
-0.0458718 0.0874015 0.00794375 -0.0411161 0.0507689 0.997864 0.099027 0.0803043 2.05412 4 2010
-0.0476392 0.0864904 0.00750115 -0.0483487 0.0304521 0.998366 0.099027 0.0758212 2.07426 4 2011
-0.0493865 0.08554 0.00708672 -0.0537426 0.0100772 0.998504 0.099027 0.0716247 2.0944 4 2012
-0.051112 0.0845495 0.00672998 -0.0571199 -0.009976 0.998317 0.099027 0.0680135 2.11453 4 2013
-0.0528153 0.0835208 0.00641639 -0.0583612 -0.0294098 0.997862 0.099027 0.0648397 2.13467 4 2014
-0.0544958 0.0824544 0.0061509 -0.0580313 -0.0479016 0.997165 0.099027 0.0621533 2.15481 4 2015
-0.0561527 0.0813512 0.00593371 -0.0572295 -0.0659131 0.996183 0.099027 0.0599561 2.17495 4 2016
-0.0577864 0.0802136 0.00573156 -0.0563074 -0.0832748 0.994935 0.099027 0.0579112 2.19509 4 2017
-0.0593968 0.0790428 0.00553158 -0.055492 -0.100583 0.99338 0.099027 0.0558884 2.21523 4 2018
-0.0609863 0.0778433 0.00523776 -0.0554252 -0.117521 0.991522 0.099027 0.0529169 2.23536 4 2019
-0.0625533 0.0766139 0.00487144 -0.0558663 -0.134046 0.989399 0.099027 0.0492129 2.2555 4 2020
-0.0640988 0.0753568 0.00436355 -0.0566831 -0.149472 0.98714 0.099027 0.0440785 2.27564 4 2021
-0.0656212 0.074071 0.0037011 -0.0570561 -0.162978 0.984979 0.099027 0.0373833 2.29578 4 2022
-0.0671163 0.0727528 0.00296347 -0.0573109 -0.174062 0.983066 0.099027 0.0299303 2.31592 4 2023
-0.0685814 0.0714008 0.00220579 -0.0570954 -0.182062 0.981628 0.099027 0.0222765 2.33606 4 2024
-0.070015 0.070015 0.00146767 -0.0558108 -0.186419 0.980884 0.099027 0.0148215 2.35619 4 2025
-0.0714159 0.0685959 0.000843651 -0.0534766 -0.187087 0.980887 0.099027 0.00851951 2.37633 4 2026
-0.0727848 0.0671458 0.000403605 -0.0499986 -0.184224 0.981612 0.099027 0.00407572 2.39647 4 2027
-0.0741227 0.065667 0.00014657 -0.0449411 -0.177755 0.983048 0.099027 0.0014801 2.41661 4 2028
-0.07543 0.0641611 9.74549e-05 -0.0386693 -0.168763 0.984898 0.099027 0.000984124 2.43675 4 2029
-0.0767067 0.062629 0.000191705 -0.0313523 -0.156285 0.987214 0.099027 0.00193589 2.45689 4 2030
-0.0779518 0.0610713 0.000401604 -0.0239935 -0.141418 0.989659 0.099027 0.00405551 2.47702 4 2031
-0.0791646 0.0594883 0.00067807 -0.016741 -0.124494 0.992079 0.099027 0.00684738 2.49716 4 2032
-0.0803444 0.0578806 0.000979802 -0.0103702 -0.106871 0.994219 0.099027 0.00989445 2.5173 4 2033
-0.0814909 0.0562491 0.00127417 -0.00599216 -0.0890883 0.996006 0.099027 0.0128673 2.53744 4 2034
-0.0826036 0.0545944 0.00155981 -0.00378565 -0.071588 0.997427 0.099027 0.015752 2.55758 4 2035
-0.0836825 0.0529176 0.00182037 -0.00411543 -0.0549682 0.99848 0.099027 0.0183836 2.57772 4 2036
-0.0847273 0.0512194 0.00205086 -0.0075153 -0.0395281 0.99919 0.099027 0.0207116 2.59786 4 2037
-0.0857376 0.0495006 0.00225807 -0.0144767 -0.0258904 0.99956 0.099027 0.0228046 2.61799 4 2038
-0.0867138 0.0477623 0.00241134 -0.0252703 -0.0152598 0.999564 0.099027 0.0243528 2.63813 4 2039
-0.0876556 0.0460052 0.00252318 -0.0384295 -0.0071077 0.999236 0.099027 0.0254824 2.65827 4 2040
-0.0885635 0.0442304 0.00255394 -0.0543556 -0.00122587 0.998521 0.099027 0.0257932 2.67841 4 2041
-0.0894374 0.0424386 0.00250098 -0.0723982 0.00203041 0.997374 0.099027 0.0252582 2.69855 4 2042
-0.0902783 0.0406309 0.00230391 -0.0916145 0.00239873 0.995792 0.099027 0.0232675 2.71869 4 2043
-0.0910842 0.0388074 0.00199968 -0.111597 0.000348466 0.993754 0.099027 0.0201946 2.73882 4 2044
-0.0918546 0.0369683 0.00155733 -0.130841 -0.00350994 0.991397 0.099027 0.015727 2.75896 4 2045
-0.0925869 0.0351136 0.00101871 -0.149875 -0.00872757 0.988667 0.099027 0.0102874 2.7791 4 2046
-0.0932794 0.0332435 0.000418126 -0.166837 -0.0156063 0.985861 0.099027 0.00422236 2.79924 4 2047
-0.0939306 0.0313586 -0.000177519 -0.181502 -0.0220447 0.983143 0.099027 -0.00179263 2.81938 4 2048
-0.0945406 0.02946 -0.000731748 -0.192956 -0.0267734 0.980842 0.099027 -0.00738945 2.83952 4 2049
-0.0951098 0.0275489 -0.00124062 -0.201215 -0.0289877 0.979118 0.099027 -0.0125284 2.85965 4 2050
-0.0956386 0.0256263 -0.00169941 -0.206249 -0.0281379 0.978095 0.099027 -0.0171619 2.87979 4 2051
-0.0961283 0.0236935 -0.00207846 -0.207428 -0.0244124 0.977946 0.099027 -0.0209903 2.89993 4 2052
-0.0965805 0.0217517 -0.00232732 -0.205329 -0.0169616 0.978546 0.099027 -0.0235041 2.92007 4 2053
-0.0969964 0.019802 -0.00243558 -0.199704 -0.00485528 0.979844 0.099027 -0.0245976 2.94021 4 2054
-0.0973776 0.0178451 -0.00234511 -0.190624 0.010135 0.981611 0.099027 -0.0236837 2.96035 4 2055
-0.0977244 0.0158818 -0.00201467 -0.178384 0.0273817 0.98358 0.099027 -0.0203461 2.98049 4 2056
-0.0980342 0.0139121 -0.00144742 -0.164751 0.0449641 0.98531 0.099027 -0.014617 3.00062 4 2057
-0.0983025 0.0119361 -0.000708862 -0.150181 0.0623122 0.986693 0.099027 -0.00715834 3.02076 4 2058
-0.0985253 0.00995438 0.000123097 -0.135826 0.0780856 0.987651 0.099027 0.00124306 3.0409 4 2059
-0.0987015 0.00796801 0.000933925 -0.122172 0.0915782 0.988275 0.099027 0.00943115 3.06104 4 2060
-0.0988323 0.00597825 0.00166668 -0.109674 0.102477 0.988671 0.099027 0.0168314 3.08118 4 2061
-0.0989217 0.00398641 0.00222501 -0.0988616 0.1104 0.988958 0.099027 0.0224706 3.10132 4 2062
-0.0989729 0.00199343 0.00259519 -0.0902825 0.115838 0.989157 0.099027 0.0262099 3.12145 4 2063
-0.0989875 1.21225e-17 0.00279477 -0.0844084 0.118772 0.989327 0.099027 0.0282261 3.14159 4 2064
-0.0989661 -0.00199329 0.00284205 -0.0815678 0.119255 0.989507 0.099027 0.0287037 3.16173 4 2065
-0.0989072 -0.00398582 0.00279844 -0.0813999 0.117828 0.989692 0.099027 0.0282631 3.18187 4 2066
-0.0988087 -0.00597683 0.00273038 -0.083072 0.114915 0.989896 0.099027 0.0275756 3.20201 4 2067
-0.0986689 -0.00796537 0.00271207 -0.086603 0.110742 0.990069 0.099027 0.0273906 3.22215 4 2068
-0.0984861 -0.00995042 0.00279616 -0.0913199 0.10686 0.990072 0.099027 0.0282401 3.24228 4 2069
-0.0982601 -0.0119309 0.00299263 -0.0964903 0.103675 0.98992 0.099027 0.030225 3.26242 4 2070
-0.0979919 -0.013906 0.00324938 -0.101517 0.101527 0.98964 0.099027 0.032819 3.28256 4 2071
-0.0976816 -0.0158748 0.00355485 -0.105666 0.100222 0.989338 0.099027 0.0359055 3.3027 4 2072
-0.0973311 -0.0178366 0.00385582 -0.108434 0.0995983 0.989102 0.099027 0.0389469 3.32284 4 2073
-0.0969415 -0.0197907 0.00412635 -0.109356 0.0993771 0.989022 0.099027 0.041681 3.34298 4 2074
-0.0965126 -0.0217364 0.00438021 -0.108438 0.0994552 0.989116 0.099027 0.0442469 3.36312 4 2075
-0.0960443 -0.0236728 0.00462932 -0.106231 0.0987872 0.989422 0.099027 0.0467652 3.38325 4 2076
-0.0955356 -0.0255987 0.00489878 -0.102348 0.097206 0.989988 0.099027 0.0494893 3.40339 4 2077
-0.0949885 -0.0275138 0.0051492 -0.0970568 0.0943714 0.990795 0.099027 0.0520214 3.42353 4 2078
-0.0944043 -0.0294176 0.00536458 -0.0906083 0.0904172 0.991774 0.099027 0.0541995 3.44367 4 2079
-0.0937851 -0.0313101 0.00551256 -0.0834249 0.0856106 0.99283 0.099027 0.0556961 3.46381 4 2080
-0.0931318 -0.0331909 0.00558316 -0.076073 0.0799208 0.993894 0.099027 0.0564101 3.48395 4 2081
-0.0924451 -0.0350598 0.00557245 -0.068916 0.0735723 0.994906 0.099027 0.0563018 3.50408 4 2082
-0.0917244 -0.0369159 0.00549457 -0.0625088 0.0666127 0.995819 0.099027 0.0555141 3.52422 4 2083
-0.0909676 -0.0387577 0.00539262 -0.0569559 0.0595588 0.996599 0.099027 0.054483 3.54436 4 2084
-0.0901734 -0.0405837 0.00529761 -0.0523987 0.0518828 0.997278 0.099027 0.0535222 3.5645 4 2085
-0.089342 -0.0423933 0.00521179 -0.0486257 0.043795 0.997856 0.099027 0.0526543 3.58464 4 2086
-0.0884742 -0.0441858 0.00512609 -0.0460861 0.0353745 0.998311 0.099027 0.0517877 3.60478 4 2087
-0.0875696 -0.0459601 0.00505786 -0.0450486 0.0269453 0.998621 0.099027 0.0510978 3.62491 4 2088
-0.086629 -0.0477156 0.00499809 -0.0447219 0.0190549 0.998818 0.099027 0.0504934 3.64505 4 2089
-0.0856512 -0.0494508 0.00498371 -0.0460453 0.0121047 0.998866 0.099027 0.0503481 3.66519 4 2090
-0.084637 -0.0511649 0.00500725 -0.047781 0.00603932 0.99884 0.099027 0.0505861 3.68533 4 2091
-0.0835868 -0.0528571 0.00507131 -0.0506824 0.000712515 0.998715 0.099027 0.0512338 3.70547 4 2092
-0.0825024 -0.0545275 0.00514356 -0.0539672 -0.00327445 0.998537 0.099027 0.0519644 3.72561 4 2093
-0.0813844 -0.0561756 0.0052184 -0.0567333 -0.00660864 0.998367 0.099027 0.0527211 3.74575 4 2094
-0.0802344 -0.0578014 0.00527194 -0.0591713 -0.00837799 0.998213 0.099027 0.0532626 3.76588 4 2095
-0.0790527 -0.0594042 0.00530675 -0.0608735 -0.00881795 0.998107 0.099027 0.0536146 3.78602 4 2096
-0.0778395 -0.0609834 0.00532805 -0.0618537 -0.00749418 0.998057 0.099027 0.05383 3.80616 4 2097
-0.0765953 -0.0625381 0.00533854 -0.0616807 -0.00427317 0.998087 0.099027 0.0539361 3.8263 4 2098
-0.0753185 -0.0640662 0.00538524 -0.0606262 0.00102209 0.99816 0.099027 0.0544083 3.84644 4 2099
-0.0740102 -0.0655673 0.00545466 -0.0585704 0.00849384 0.998247 0.099027 0.0551105 3.86658 4 2100
-0.07267 -0.0670398 0.00557517 -0.0557785 0.0165549 0.998306 0.099027 0.0563293 3.88671 4 2101
-0.071298 -0.0684827 0.0057495 -0.0519412 0.0253804 0.998328 0.099027 0.0580926 3.90685 4 2102
-0.0698946 -0.0698946 0.00598723 -0.0479182 0.0342554 0.998264 0.099027 0.0604975 3.92699 4 2103
-0.0684607 -0.0712751 0.00627147 -0.0432721 0.0435242 0.998115 0.099027 0.0633733 3.94713 4 2104
-0.0669983 -0.072625 0.00657156 -0.0379173 0.052437 0.997904 0.099027 0.0664102 3.96727 4 2105
-0.0655083 -0.0739436 0.006881 -0.0319722 0.0601403 0.997678 0.099027 0.0695422 3.98741 4 2106
-0.0639941 -0.0752337 0.00714034 -0.0259867 0.066683 0.997436 0.099027 0.0721676 4.00754 4 2107
-0.0624561 -0.0764948 0.0073566 -0.0186604 0.0717955 0.997245 0.099027 0.0743574 4.02768 4 2108
-0.060898 -0.0777306 0.00746556 -0.0102508 0.0753413 0.997105 0.099027 0.0754607 4.04782 4 2109
-0.0593195 -0.0789399 0.00748642 -0.000981567 0.077372 0.997002 0.099027 0.0756719 4.06796 4 2110
-0.0577215 -0.0801235 0.00740267 0.00901447 0.0783088 0.996888 0.099027 0.0748239 4.0881 4 2111
-0.0561039 -0.0812805 0.00722313 0.0195918 0.0790283 0.99668 0.099027 0.0730059 4.10824 4 2112
-0.054465 -0.0824078 0.00698968 0.0291913 0.0789456 0.996451 0.099027 0.0706423 4.12837 4 2113
-0.0528044 -0.0835035 0.00672286 0.0378253 0.0791071 0.996148 0.099027 0.0679414 4.14851 4 2114
-0.0511225 -0.0845669 0.00642485 0.0446064 0.0789844 0.995877 0.099027 0.0649254 4.16865 4 2115
-0.0494183 -0.0855951 0.00613629 0.0500669 0.0791957 0.995601 0.099027 0.0620055 4.18879 4 2116
-0.0476929 -0.0865877 0.0058566 0.0530347 0.0805665 0.995337 0.099027 0.059176 4.20893 4 2117
-0.0459459 -0.0875426 0.0056219 0.0535485 0.0825994 0.995143 0.099027 0.0568019 4.22907 4 2118
-0.0441772 -0.088457 0.00548405 0.0510709 0.0849366 0.995077 0.099027 0.0554077 4.24921 4 2119
-0.0423867 -0.089328 0.00549701 0.045903 0.088189 0.995046 0.099027 0.0555388 4.26934 4 2120
-0.0405751 -0.0901543 0.00567553 0.0375746 0.0912881 0.995115 0.099027 0.0573443 4.28948 4 2121
-0.0387432 -0.0909336 0.00603251 0.0272532 0.0940432 0.995195 0.099027 0.0609556 4.30962 4 2122
-0.0368927 -0.0916669 0.00651581 0.0156302 0.0962334 0.995236 0.099027 0.0658459 4.32976 4 2123
-0.0350259 -0.0923556 0.00706941 0.00271665 0.0970785 0.995273 0.099027 0.0714495 4.3499 4 2124
-0.0331442 -0.0930008 0.00765916 -0.0103634 0.0965196 0.995277 0.099027 0.0774215 4.37004 4 2125
-0.031252 -0.0936113 0.00815996 -0.0237088 0.0943314 0.995258 0.099027 0.0824949 4.39017 4 2126
-0.0293498 -0.0941869 0.00858792 -0.03515 0.0901482 0.995308 0.099027 0.0868321 4.41031 4 2127
-0.0274408 -0.0947368 0.00884823 -0.0454435 0.0830514 0.995509 0.099027 0.089471 4.43045 4 2128
-0.0255244 -0.0952582 0.00898436 -0.0524674 0.0740103 0.995876 0.099027 0.0908513 4.45059 4 2129
-0.0236008 -0.0957523 0.00899134 -0.0582511 0.0630515 0.996309 0.099027 0.0909221 4.47073 4 2130
-0.0216705 -0.0962198 0.00885873 -0.0628782 0.0504182 0.996747 0.099027 0.0895775 4.49087 4 2131
-0.0197335 -0.0966611 0.00857704 -0.0658654 0.0363633 0.997166 0.099027 0.0867218 4.511 4 2132
-0.0177894 -0.0970735 0.00816216 -0.0672382 0.0215468 0.997504 0.099027 0.0825172 4.53114 4 2133
-0.0158371 -0.0974498 0.00768497 -0.0677897 0.0070267 0.997675 0.099027 0.0776829 4.55128 4 2134
-0.0138767 -0.0977852 0.0071991 -0.0667604 -0.00719418 0.997743 0.099027 0.0727626 4.57142 4 2135
-0.0119078 -0.0980699 0.00684435 -0.0664341 -0.0213774 0.997562 0.099027 0.0691712 4.59156 4 2136
-0.00993144 -0.0982982 0.00672136 -0.0671918 -0.0349915 0.997126 0.099027 0.0679262 4.6117 4 2137
-0.00794998 -0.0984782 0.00672286 -0.0686157 -0.0483496 0.996471 0.099027 0.0679414 4.63184 4 2138
-0.00596469 -0.0986081 0.00687055 -0.0683342 -0.0601642 0.995847 0.099027 0.0694363 4.65197 4 2139
0.00194697 -0.0966665 0.0214043 -0.097226 -0.0490319 0.994054 0.099027 0.217865 4.73253 4 2140
0.00389378 -0.0966231 0.0213345 -0.118193 -0.0414124 0.992127 0.099027 0.217144 4.75267 4 2141
0.00583743 -0.0965042 0.021429 -0.131105 -0.0389119 0.990605 0.099027 0.218121 4.7728 4 2142
0.00777546 -0.0963164 0.0216574 -0.136872 -0.0389099 0.989824 0.099027 0.220484 4.79294 4 2143
0.00970619 -0.0960688 0.0219754 -0.137719 -0.0381672 0.989736 0.099027 0.223776 4.81308 4 2144
0.0116275 -0.0957614 0.0223807 -0.137146 -0.0382062 0.989814 0.099027 0.227975 4.83322 4 2145
0.0135372 -0.0953929 0.0228755 -0.134497 -0.039751 0.990116 0.099027 0.233108 4.85336 4 2146
0.0154339 -0.0949689 0.0234318 -0.13073 -0.0419555 0.99053 0.099027 0.238886 4.8735 4 2147
0.0173181 -0.094502 0.0239958 -0.125654 -0.0407172 0.991238 0.099027 0.244752 4.89363 4 2148
0.0191906 -0.0940019 0.0245297 -0.119835 -0.036819 0.992111 0.099027 0.250313 4.91377 4 2149
0.0210589 -0.0935041 0.024897 -0.111147 -0.028875 0.993384 0.099027 0.254144 4.93391 4 2150
0.0229265 -0.0930165 0.025073 -0.0998917 -0.016961 0.994854 0.099027 0.25598 4.95405 4 2151
0.0247941 -0.0925328 0.0250855 -0.085418 -0.000206267 0.996345 0.099027 0.25611 4.97419 4 2152
0.026663 -0.0920514 0.0249391 -0.0686834 0.0215221 0.997406 0.099027 0.254583 4.99433 4 2153
0.0285312 -0.0915598 0.0246805 -0.0470357 0.0450486 0.997877 0.099027 0.251885 5.01447 4 2154
0.0304039 -0.0910708 0.0242499 -0.0237316 0.0675915 0.997431 0.099027 0.247397 5.0346 4 2155
0.0323031 -0.0906407 0.0233907 0.000917026 0.0899075 0.99595 0.099027 0.238459 5.05474 4 2156
0.0342403 -0.0902842 0.0219706 0.0264543 0.110151 0.993563 0.099027 0.223727 5.07488 4 2157
0.0361867 -0.0899126 0.0203124 0.0513894 0.128817 0.990336 0.099027 0.206586 5.09502 4 2158
0.0380995 -0.0894228 0.01893 0.0731329 0.146733 0.986469 0.099027 0.192344 5.11516 4 2159
0.0399627 -0.0887935 0.0180288 0.0912311 0.162742 0.982442 0.099027 0.183081 5.1353 4 2160
0.0417928 -0.0880764 0.0173855 0.104801 0.176665 0.978676 0.099027 0.176477 5.15543 4 2161
0.0435929 -0.0872871 0.0169398 0.113928 0.187577 0.97562 0.099027 0.171908 5.17557 4 2162
0.0453671 -0.0864398 0.0166235 0.117942 0.195449 0.973596 0.099027 0.168667 5.19571 4 2163
0.0471206 -0.0855487 0.0163531 0.116392 0.199754 0.972909 0.099027 0.165897 5.21585 4 2164
0.0488509 -0.0846122 0.0161463 0.111657 0.201611 0.97308 0.099027 0.16378 5.23599 4 2165
0.0505587 -0.0836343 0.0159837 0.106092 0.201277 0.973772 0.099027 0.162117 5.25613 4 2166
0.0522468 -0.0826216 0.0158205 0.0990365 0.19999 0.97478 0.099027 0.160447 5.27626 4 2167
0.0539169 -0.0815784 0.0156294 0.0910002 0.197141 0.976143 0.099027 0.158492 5.2964 4 2168
0.0555698 -0.0805067 0.0153952 0.081611 0.192872 0.977824 0.099027 0.156098 5.31654 4 2169
0.0572018 -0.0794021 0.0151529 0.0708249 0.187483 0.979711 0.099027 0.153621 5.33668 4 2170
0.0588123 -0.078265 0.014901 0.0594115 0.179631 0.981938 0.099027 0.151048 5.35682 4 2171
0.0603941 -0.0770873 0.014712 0.0478112 0.169655 0.984343 0.099027 0.149118 5.37696 4 2172
0.0619436 -0.0758671 0.0146126 0.0361557 0.157496 0.986858 0.099027 0.148103 5.3971 4 2173
0.0634569 -0.0746021 0.014632 0.0241125 0.144288 0.989242 0.099027 0.148301 5.41723 4 2174
0.0649318 -0.0732929 0.0147768 0.0119925 0.130387 0.991391 0.099027 0.149779 5.43737 4 2175
0.0663705 -0.0719445 0.0150097 -1.24753e-05 0.115562 0.9933 0.099027 0.152159 5.45751 4 2176
0.0677725 -0.0705587 0.0153201 -0.0115572 0.100171 0.994903 0.099027 0.15533 5.47765 4 2177
0.0691392 -0.0691392 0.0156808 -0.0226956 0.0849078 0.99613 0.099027 0.159018 5.49779 4 2178
0.0704692 -0.0676866 0.0160925 -0.0325729 0.0690412 0.997082 0.099027 0.16323 5.51793 4 2179
0.0717678 -0.0662075 0.0165014 -0.0415732 0.0535307 0.9977 0.099027 0.167417 5.53806 4 2180
0.0730322 -0.0647008 0.0169249 -0.0495048 0.0386213 0.998027 0.099027 0.171755 5.5582 4 2181
0.0742663 -0.0631712 0.017328 -0.0556783 0.0246642 0.998144 0.099027 0.175888 5.57834 4 2182
0.0754742 -0.0616228 0.0176811 -0.0601327 0.0123582 0.998114 0.099027 0.179511 5.59848 4 2183
0.0766504 -0.0600518 0.0180236 -0.0627787 0.00203786 0.998025 0.099027 0.183027 5.61862 4 2184
0.0778039 -0.0584658 0.0182934 -0.0635497 -0.00596037 0.997961 0.099027 0.185799 5.63876 4 2185
0.0789312 -0.0568626 0.0185164 -0.0623652 -0.0112692 0.99799 0.099027 0.188091 5.65889 4 2186
0.0800393 -0.0552472 0.0186494 -0.0594495 -0.0134948 0.99814 0.099027 0.189458 5.67903 4 2187
0.0811253 -0.0536174 0.0187138 -0.0549707 -0.0125932 0.998409 0.099027 0.19012 5.69917 4 2188
0.082191 -0.0519744 0.018699 -0.0494388 -0.00889089 0.998738 0.099027 0.189968 5.71931 4 2189
0.0832347 -0.0503171 0.0186152 -0.0433467 -0.00302473 0.999056 0.099027 0.189107 5.73945 4 2190
0.0842557 -0.048645 0.0184658 -0.0361754 0.00526996 0.999332 0.099027 0.18757 5.75959 4 2191
0.085259 -0.046961 0.0182184 -0.0284476 0.0149477 0.999484 0.099027 0.185028 5.77972 4 2192
0.0862377 -0.0452611 0.0179118 -0.0204467 0.0254727 0.999466 0.099027 0.181879 5.79986 4 2193
0.0871904 -0.0435446 0.0175514 -0.0126584 0.0368772 0.99924 0.099027 0.17818 5.82 4 2194
0.0881172 -0.0418121 0.0171306 -0.00477126 0.0474696 0.998861 0.099027 0.173864 5.84014 4 2195
0.0890082 -0.0400593 0.0167072 0.00209319 0.057179 0.998362 0.099027 0.169525 5.86028 4 2196
0.0898604 -0.0382859 0.0162983 0.00806462 0.0658444 0.997797 0.099027 0.165337 5.88042 4 2197
0.0906718 -0.0364923 0.0159149 0.0120816 0.0728663 0.997269 0.099027 0.161412 5.90056 4 2198
0.0914374 -0.0346776 0.0155885 0.0145327 0.0780701 0.996842 0.099027 0.158074 5.92069 4 2199
0.0921553 -0.0328429 0.0153329 0.0148808 0.0813577 0.996574 0.099027 0.155461 5.94083 4 2200
0.0928267 -0.0309901 0.015138 0.0129446 0.0827525 0.996486 0.099027 0.153469 5.96097 4 2201
0.0934517 -0.0291207 0.0150033 0.00844723 0.0821309 0.996586 0.099027 0.152093 5.98111 4 2202
0.0940288 -0.0272358 0.0149377 0.00108945 0.0791143 0.996865 0.099027 0.151423 6.00125 4 2203
0.0945604 -0.0253374 0.0149229 -0.00838481 0.0744979 0.997186 0.099027 0.151272 6.02139 4 2204
0.0950475 -0.0234271 0.0149499 -0.0200815 0.0685499 0.997446 0.099027 0.151547 6.04152 4 2205
0.0954927 -0.0215067 0.0149981 -0.0339094 0.0611599 0.997552 0.099027 0.15204 6.06166 4 2206
0.0958963 -0.0195774 0.0150654 -0.0496053 0.0535872 0.99733 0.099027 0.152727 6.0818 4 2207
0.0962567 -0.0176397 0.0151601 -0.0656985 0.0458071 0.996788 0.099027 0.153695 6.10194 4 2208
0.0965726 -0.0156946 0.0152892 -0.0824119 0.0382659 0.995863 0.099027 0.155015 6.12208 4 2209
0.0968382 -0.0137423 0.0154875 -0.0989056 0.0314958 0.994598 0.099027 0.157041 6.14222 4 2210
0.0970543 -0.0117845 0.0157457 -0.115406 0.0266794 0.99296 0.099027 0.159682 6.16235 4 2211
0.0972275 -0.00982326 0.0160206 -0.130477 0.0231092 0.991182 0.099027 0.162494 6.18249 4 2212
0.09736 -0.00785971 0.0162974 -0.143984 0.0206825 0.989364 0.099027 0.165328 6.20263 4 2213
0.0974657 -0.00589559 0.0164929 -0.155085 0.0197052 0.987705 0.099027 0.167329 6.22277 4 2214
0.0975499 -0.00393113 0.0165804 -0.16434 0.0202217 0.986196 0.099027 0.168225 6.24291 4 2215
0.097612 -0.00196602 0.0165644 -0.171511 0.022383 0.984928 0.099027 0.168062 6.26305 4 2216
0.0956969 0 0.0160109 -0.174602 0.0242625 0.98434 0.097027 0.165773 0 4 2217
0.0937386 0 0.0155951 -0.176601 0.0245548 0.983976 0.095027 0.164858 0 4 2218
0.0917775 0 0.0151959 -0.177979 0.0236307 0.983751 0.093027 0.164085 0 4 2219
0.0898195 0 0.0147776 -0.179337 0.0222617 0.983536 0.091027 0.163065 0 4 2220
0.0878642 0 0.0143417 -0.181793 0.0209184 0.983114 0.089027 0.161799 0 4 2221
0.085915 0 0.0138679 -0.185862 0.020003 0.982372 0.087027 0.160034 0 4 2222
0.083973 0 0.0133465 -0.19149 0.0197657 0.981296 0.085027 0.15762 0 4 2223
0.0820382 0 0.0127759 -0.199258 0.0208444 0.979725 0.083027 0.15449 0 4 2224
0.0801099 0 0.0121563 -0.208399 0.0233602 0.977765 0.081027 0.150596 0 4 2225
0.0781857 0 0.0115004 -0.218355 0.0271209 0.975492 0.079027 0.146043 0 5 2226
0.0781555 -0.00197257 0.0115369 -0.225678 0.0294716 0.973756 0.079027 0.14651 6.25795 5 2227
0.0780811 -0.0039439 0.0115346 -0.230554 0.0310903 0.972563 0.079027 0.146481 6.23272 5 2228
0.0779613 -0.00591305 0.0115035 -0.232981 0.03248 0.971939 0.079027 0.146083 6.20748 5 2229
0.0777948 -0.00787897 0.011452 -0.23342 0.0344793 0.971764 0.079027 0.145425 6.18225 5 2230
0.0775765 -0.00983997 0.0114159 -0.231979 0.0375448 0.971996 0.079027 0.144963 6.15702 5 2231
0.0773057 -0.0117945 0.0114008 -0.228954 0.0421571 0.972524 0.079027 0.14477 6.13178 5 2232
0.0769802 -0.0137406 0.0114243 -0.22476 0.0480593 0.973228 0.079027 0.145071 6.10655 5 2233
0.0765937 -0.0156754 0.0115308 -0.219763 0.0553625 0.973981 0.079027 0.146432 6.08132 5 2234
0.0761459 -0.0175965 0.0117227 -0.214274 0.0640444 0.974672 0.079027 0.148887 6.05608 5 2235
0.0756372 -0.0195017 0.0119985 -0.208549 0.0735528 0.975242 0.079027 0.152417 6.03085 5 2236
0.0750692 -0.0213891 0.0123444 -0.203199 0.0838392 0.975541 0.079027 0.156847 6.00561 5 2237
0.0744472 -0.0232581 0.0127257 -0.198152 0.0946793 0.975588 0.079027 0.161734 5.98038 5 2238
0.0737745 -0.025108 0.0131216 -0.194404 0.1054 0.975243 0.079027 0.166813 5.95515 5 2239
0.0730559 -0.0269386 0.0135061 -0.19172 0.115941 0.974577 0.079027 0.171748 5.92991 5 2240
0.072296 -0.0287507 0.0138545 -0.189811 0.126093 0.97369 0.079027 0.176225 5.90468 5 2241
0.0714984 -0.0305446 0.0141518 -0.189088 0.13595 0.972504 0.079027 0.180047 5.87945 5 2242
0.0706652 -0.0323207 0.0143901 -0.188786 0.14498 0.971257 0.079027 0.183112 5.85421 5 2243
0.0697959 -0.0340781 0.014577 -0.189467 0.152944 0.969902 0.079027 0.185519 5.82898 5 2244
0.0688927 -0.0358172 0.0147033 -0.190978 0.16001 0.968465 0.079027 0.187145 5.80375 5 2245
0.0679488 -0.037534 0.0148131 -0.193429 0.16592 0.966983 0.079027 0.188559 5.77851 5 2246
0.0669636 -0.0392268 0.014913 -0.196652 0.170468 0.965541 0.079027 0.189846 5.75328 5 2247
0.0659298 -0.0408897 0.0150519 -0.200496 0.173424 0.964223 0.079027 0.191636 5.72804 5 2248
0.0648519 -0.0425237 0.0152064 -0.205358 0.174729 0.962963 0.079027 0.193628 5.70281 5 2249
0.0637303 -0.0441269 0.0153795 -0.210681 0.174259 0.961898 0.079027 0.195861 5.67758 5 2250
0.0625767 -0.0457063 0.0155034 -0.21644 0.172471 0.960941 0.079027 0.197459 5.65234 5 2251
0.0613983 -0.0472666 0.0155365 -0.222457 0.168832 0.960213 0.079027 0.197887 5.62711 5 2252
0.0602003 -0.0488121 0.0154458 -0.228008 0.164562 0.959652 0.079027 0.196716 5.60188 5 2253
0.0589801 -0.0503416 0.0152427 -0.232688 0.15945 0.959391 0.079027 0.194097 5.57664 5 2254
0.0577381 -0.0518558 0.0149183 -0.236812 0.153913 0.959287 0.079027 0.189915 5.55141 5 2255
0.0564729 -0.0533543 0.0144707 -0.240123 0.148249 0.959356 0.079027 0.18415 5.52618 5 2256
0.0551736 -0.0548267 0.0139706 -0.242044 0.143363 0.959615 0.079027 0.177716 5.50094 5 2257
0.0538342 -0.0562656 0.0134656 -0.242692 0.138918 0.960105 0.079027 0.171228 5.47571 5 2258
0.0524528 -0.0576668 0.0129812 -0.241802 0.134745 0.960924 0.079027 0.16501 5.45047 5 2259
0.0510159 -0.0590121 0.0126579 -0.240243 0.131366 0.961783 0.079027 0.160864 5.42524 5 2260
0.0495303 -0.0603043 0.0124664 -0.237576 0.128924 0.962775 0.079027 0.15841 5.40001 5 2261
0.0479968 -0.0615398 0.0124269 -0.234456 0.12816 0.963642 0.079027 0.157904 5.37477 5 2262
0.0464219 -0.0627218 0.0125001 -0.229669 0.128334 0.964771 0.079027 0.158842 5.34954 5 2263
0.0448099 -0.0638522 0.0126587 -0.223022 0.130212 0.966078 0.079027 0.160875 5.32431 5 2264
0.0431662 -0.0649348 0.0128614 -0.214739 0.133952 0.967442 0.079027 0.163473 5.29907 5 2265
0.041492 -0.0659681 0.0131105 -0.204529 0.139354 0.96889 0.079027 0.16667 5.27384 5 2266
0.0397938 -0.0669595 0.0133472 -0.192633 0.146226 0.970315 0.079027 0.169708 5.2486 5 2267
0.0380738 -0.0679102 0.0135595 -0.180381 0.15311 0.971607 0.079027 0.172434 5.22337 5 2268
0.0363313 -0.0688172 0.0137658 -0.166738 0.159852 0.972957 0.079027 0.175084 5.19814 5 2269
0.0345673 -0.0696796 0.0139685 -0.151555 0.167259 0.974195 0.079027 0.177689 5.1729 5 2270
0.032773 -0.0704753 0.0142979 -0.134355 0.173656 0.975599 0.079027 0.181926 5.14767 5 2271
0.0309482 -0.0711965 0.0147828 -0.113117 0.179399 0.977252 0.079027 0.188168 5.12244 5 2272
0.029094 -0.0718361 0.0154395 -0.0831926 0.184895 0.979231 0.079027 0.196635 5.0972 5 2273
0.0271941 -0.0723396 0.0165145 -0.0457661 0.189454 0.980822 0.079027 0.210525 5.07197 5 2274
0.0252563 -0.0727033 0.0179338 -0.0011098 0.192747 0.981248 0.079027 0.228927 5.04674 5 2275
0.0233129 -0.0730012 0.019303 0.0417035 0.195087 0.979899 0.079027 0.246754 5.0215 5 2276
0.00246984 -0.0782771 0.0105763 0.0284647 0.221482 0.974749 0.079027 0.134234 4.74393 5 2277
0.000494386 -0.0783682 0.0101708 0.0162119 0.243555 0.969752 0.079027 0.129058 4.7187 5 2278
-0.00148413 -0.0784113 0.00973327 0.00562308 0.259041 0.96585 0.079027 0.123477 4.69346 5 2279
-0.00346337 -0.0783787 0.00948914 -0.00338107 0.267766 0.963478 0.079027 0.120365 4.66823 5 2280
-0.00543988 -0.0782669 0.0094847 -0.0119639 0.272043 0.962211 0.079027 0.120309 4.643 5 2281
-0.00741042 -0.0780786 0.00969976 -0.0217185 0.274833 0.961247 0.079027 0.12305 4.61776 5 2282
-0.00937217 -0.0778179 0.01009 -0.0368614 0.278882 0.959618 0.079027 0.128028 4.59253 5 2283
-0.0113252 -0.077506 0.0104794 -0.0539138 0.281416 0.95807 0.079027 0.132997 4.5673 5 2284
-0.0132731 -0.0771719 0.0106575 -0.0733495 0.283668 0.956113 0.079027 0.135271 4.54206 5 2285
-0.015217 -0.0768177 0.0106183 -0.0945396 0.286445 0.953421 0.079027 0.13477 4.51683 5 2286
-0.0171561 -0.0764349 0.0104234 -0.117282 0.288906 0.950147 0.079027 0.132282 4.49159 5 2287
-0.0190903 -0.0760221 0.0100734 -0.138774 0.291111 0.946571 0.079027 0.127815 4.46636 5 2288
-0.0210226 -0.0755891 0.0094657 -0.157258 0.29193 0.943423 0.079027 0.120066 4.44113 5 2289
-0.0229573 -0.0751466 0.00843876 -0.1713 0.290382 0.941453 0.079027 0.106987 4.41589 5 2290
-0.0248891 -0.0746725 0.00705761 -0.1813 0.287544 0.940452 0.079027 0.0894255 4.39066 5 2291
-0.0268044 -0.0741291 0.00562688 -0.187967 0.285097 0.939887 0.079027 0.0712622 4.36543 5 2292
-0.0286944 -0.0735014 0.00440878 -0.189937 0.281211 0.940662 0.079027 0.0558173 4.34019 5 2293
-0.0305565 -0.0727937 0.00355537 -0.188085 0.276746 0.942356 0.079027 0.0450046 4.31496 5 2294
-0.0323931 -0.0720212 0.00298179 -0.179358 0.269254 0.946221 0.079027 0.0377403 4.28972 5 2295
-0.0342043 -0.0711901 0.00270269 -0.164983 0.261052 0.951122 0.079027 0.0342062 4.26449 5 2296
-0.0359888 -0.0703027 0.00275678 -0.142781 0.248993 0.957923 0.079027 0.0348911 4.23926 5 2297
-0.037745 -0.069361 0.00310336 -0.115957 0.234046 0.965286 0.079027 0.0392797 4.21402 5 2298
-0.0394703 -0.0683646 0.00369355 -0.0863572 0.21764 0.972201 0.079027 0.0467549 4.18879 5 2299
-0.0411585 -0.0673074 0.00457791 -0.0570115 0.19974 0.978189 0.079027 0.0579608 4.16356 5 2300
-0.0428089 -0.0661939 0.00557018 -0.0298126 0.182674 0.982721 0.079027 0.070543 4.13832 5 2301
-0.0444231 -0.0650307 0.00654677 -0.00513987 0.165262 0.986236 0.079027 0.0829373 4.11309 5 2302
-0.0460139 -0.0638395 0.00724573 0.0166848 0.149526 0.988617 0.079027 0.0918158 4.08786 5 2303
-0.0475895 -0.0626312 0.00760524 0.0343848 0.134784 0.990278 0.079027 0.0963851 4.06262 5 2304
-0.0491448 -0.0613983 0.00776521 0.0478678 0.123037 0.991247 0.079027 0.098419 4.03739 5 2305
-0.0506791 -0.0601397 0.00775356 0.057126 0.113685 0.991873 0.079027 0.0982709 4.01215 5 2306
-0.0521888 -0.0588514 0.00762321 0.0635872 0.107061 0.992217 0.079027 0.0966136 3.98692 5 2307
-0.0536685 -0.0575282 0.00744758 0.0657331 0.103353 0.99247 0.079027 0.094381 3.96169 5 2308
-0.0551172 -0.0561703 0.00722836 0.0660123 0.101771 0.992615 0.079027 0.091595 3.93645 5 2309
-0.05653 -0.0547745 0.00702661 0.0648448 0.101728 0.992697 0.079027 0.0890316 3.91122 5 2310
-0.057905 -0.0533408 0.00685782 0.0630347 0.104281 0.992548 0.079027 0.0868875 3.88599 5 2311
-0.0592418 -0.0518711 0.00671277 0.0611194 0.108721 0.992192 0.079027 0.0850452 3.86075 5 2312
-0.0605374 -0.0503646 0.00662491 0.0587422 0.113589 0.99179 0.079027 0.0839295 3.83552 5 2313
-0.0617968 -0.0488274 0.00650405 0.0563302 0.119181 0.991273 0.079027 0.0823948 3.81029 5 2314
-0.0630172 -0.0472587 0.006381 0.0538691 0.124867 0.99071 0.079027 0.0808325 3.78505 5 2315
-0.0642 -0.0456611 0.00622024 0.0525581 0.130826 0.990011 0.079027 0.0787918 3.75982 5 2316
-0.0653457 -0.0440363 0.006001 0.0514335 0.136166 0.98935 0.079027 0.0760092 3.73458 5 2317
-0.0664584 -0.0423878 0.00564066 0.051476 0.141156 0.988648 0.079027 0.0714371 3.70935 5 2318
-0.0675324 -0.040713 0.00520569 0.0519405 0.14509 0.988054 0.079027 0.06592 3.68412 5 2319
-0.0685657 -0.0390118 0.00469925 0.0532063 0.147822 0.987582 0.079027 0.0594989 3.65888 5 2320
-0.0695519 -0.0372821 0.00422459 0.056192 0.148322 0.987341 0.079027 0.053483 3.63365 5 2321
-0.0704873 -0.0355239 0.00385522 0.0596524 0.14724 0.9873 0.079027 0.0488029 3.60842 5 2322
-0.0713702 -0.0337384 0.00364441 0.0645973 0.144093 0.987453 0.079027 0.0461324 3.58318 5 2323
-0.0722009 -0.0319278 0.00359333 0.0703066 0.139237 0.98776 0.079027 0.0454853 3.55795 5 2324
-0.0729813 -0.0300951 0.00364326 0.0767268 0.132875 0.988158 0.079027 0.0461178 3.53271 5 2325
-0.0737118 -0.028242 0.00377208 0.0837193 0.125022 0.988616 0.079027 0.0477496 3.50748 5 2326
-0.0743925 -0.0263702 0.00395316 0.0899069 0.11576 0.9892 0.079027 0.0500438 3.48225 5 2327
-0.0750232 -0.0244812 0.00417715 0.0962405 0.106228 0.989673 0.079027 0.0528819 3.45701 5 2328
-0.0756049 -0.0225769 0.00441096 0.101146 0.0965119 0.990179 0.079027 0.0558449 3.43178 5 2329
-0.0761384 -0.0206588 0.00462855 0.10498 0.0874447 0.990622 0.079027 0.0586028 3.40655 5 2330
-0.0766253 -0.0187287 0.00480267 0.108171 0.0799456 0.990913 0.079027 0.06081 3.38131 5 2331
-0.0770656 -0.0167877 0.00493265 0.109613 0.0746098 0.99117 0.079027 0.0624579 3.35608 5 2332
-0.07746 -0.0148371 0.00500771 0.109749 0.0720831 0.991342 0.079027 0.0634095 3.33085 5 2333
-0.0778099 -0.012878 0.00500383 0.108281 0.072497 0.991473 0.079027 0.0633603 3.30561 5 2334
-0.0781147 -0.0109113 0.00492925 0.106233 0.0754717 0.991473 0.079027 0.0624148 3.28038 5 2335
-0.0783751 -0.00893806 0.00476678 0.103993 0.080765 0.991293 0.079027 0.060355 3.25514 5 2336
-0.0785897 -0.00695898 0.00452752 0.10122 0.088394 0.990929 0.079027 0.0573222 3.22991 5 2337
-0.0787576 -0.00497496 0.00421367 0.0975636 0.0975303 0.990439 0.079027 0.0533447 3.20468 5 2338
-0.0788803 -0.00298708 0.00377476 0.0931847 0.107025 0.98988 0.079027 0.0477836 3.17944 5 2339
-0.0789555 -0.000996221 0.00321064 0.0883976 0.116347 0.989267 0.079027 0.0406383 3.15421 5 2340
-0.0789805 0.000996537 0.00251949 0.0829584 0.124414 0.988756 0.079027 0.0318868 3.12898 5 2341
-0.0789512 0.00298977 0.0017402 0.0767717 0.131018 0.988403 0.079027 0.0220221 3.10374 5 2342
-0.0788634 0.00498164 0.00100925 0.069682 0.134917 0.988404 0.079027 0.0127713 3.07851 5 2343
-0.0787181 0.00697035 0.000377663 0.062032 0.136293 0.988725 0.079027 0.00477893 3.05327 5 2344
-0.078518 0.00895436 -0.000100192 0.0538643 0.133402 0.989597 0.079027 -0.00126782 3.02804 5 2345
-0.0782666 0.0109325 -0.00029478 0.0437397 0.124201 0.991293 0.079027 -0.00373012 3.00281 5 2346
-0.0779662 0.0129038 -0.00017858 0.0320136 0.10743 0.993697 0.079027 -0.00225974 2.97757 5 2347
-0.0776157 0.0148669 0.000226891 0.0182735 0.08429 0.996274 0.079027 0.00287106 2.95234 5 2348
-0.0772109 0.0168194 0.000924776 0.00394035 0.0570914 0.998361 0.079027 0.0117023 2.92711 5 2349
-0.0767484 0.0187588 0.00174925 -0.0115624 0.0289111 0.999515 0.079027 0.0221367 2.90187 5 2350
-0.0762219 0.0206815 0.00278726 -0.0274647 0.00144909 0.999622 0.079027 0.035277 2.87664 5 2351
-0.0756304 0.0225845 0.0039052 -0.0431924 -0.0242147 0.998773 0.079027 0.0494362 2.85141 5 2352
-0.0749705 0.024464 0.00511838 -0.0565649 -0.0455379 0.99736 0.079027 0.0648129 2.82617 5 2353
-0.0742524 0.0263205 0.00625096 -0.0673303 -0.0608772 0.995872 0.079027 0.0791817 2.80094 5 2354
-0.0734991 0.0281605 0.00708043 -0.0748808 -0.0672159 0.994925 0.079027 0.0897154 2.7757 5 2355
-0.0727234 0.0299887 0.00756621 -0.0787985 -0.0633509 0.994876 0.079027 0.095889 2.75047 5 2356
-0.0719268 0.0318066 0.00775503 -0.0797946 -0.0524659 0.99543 0.079027 0.0982896 2.72524 5 2357
-0.0711117 0.0336162 0.00763807 -0.0773473 -0.0358045 0.996361 0.079027 0.0968025 2.7 5 2358
-0.0702696 0.0354142 0.00729922 -0.0721241 -0.0137828 0.9973 0.079027 0.0924955 2.67477 5 2359
-0.0694026 0.0372021 0.00667485 -0.0650726 0.00997849 0.997831 0.079027 0.0845637 2.64954 5 2360
-0.0685036 0.0389764 0.00577597 -0.0561079 0.0357067 0.997786 0.079027 0.0731538 2.6243 5 2361
-0.0675615 0.0407305 0.00466255 -0.0473284 0.0616719 0.996974 0.079027 0.0590337 2.59907 5 2362
-0.0665574 0.0424509 0.00364659 -0.0383741 0.0857755 0.995575 0.079027 0.04616 2.57383 5 2363
-0.0654925 0.0441352 0.00284476 -0.030247 0.107709 0.993722 0.079027 0.0360051 2.5486 5 2364
-0.0643743 0.0457851 0.00222099 -0.0236849 0.126269 0.991713 0.079027 0.0281079 2.52337 5 2365
-0.0632098 0.0474032 0.00165192 -0.0190366 0.139166 0.990086 0.079027 0.0209048 2.49813 5 2366
-0.0620007 0.0489885 0.00114043 -0.0165243 0.146262 0.989108 0.079027 0.0144314 2.4729 5 2367
-0.0607486 0.0505403 0.000742026 -0.016424 0.147665 0.988901 0.079027 0.00938966 2.44767 5 2368
-0.0594554 0.0520581 0.000533608 -0.0188274 0.143141 0.989523 0.079027 0.00675227 2.42243 5 2369
-0.0581229 0.0535416 0.000542978 -0.0225947 0.13421 0.990695 0.079027 0.00687084 2.3972 5 2370
-0.0567523 0.0549899 0.000746749 -0.0277071 0.121546 0.992199 0.079027 0.00944943 2.37197 5 2371
-0.055344 0.0564014 0.00109381 -0.0326968 0.108354 0.993575 0.079027 0.0138414 2.34673 5 2372
-0.0538984 0.0577746 0.00152321 -0.0380107 0.0934241 0.994901 0.079027 0.0192757 2.3215 5 2373
-0.0524177 0.0591095 0.00192967 -0.0437308 0.076325 0.996124 0.079027 0.0244203 2.29626 5 2374
-0.050903 0.0604054 0.00231001 -0.0493716 0.0574368 0.997128 0.079027 0.0292348 2.27103 5 2375
-0.0493569 0.0616633 0.00260631 -0.054892 0.0376247 0.997783 0.079027 0.0329859 2.2458 5 2376
-0.0477801 0.0628821 0.00285833 -0.0603641 0.0176659 0.99802 0.079027 0.0361769 2.22056 5 2377
-0.0461726 0.0640596 0.00311816 -0.0650063 -0.00183532 0.997883 0.079027 0.0394672 2.19533 5 2378
-0.0445346 0.0651939 0.00342019 -0.06895 -0.0209873 0.997399 0.079027 0.0432923 2.1701 5 2379
-0.0428662 0.0662825 0.00379347 -0.0719251 -0.0392106 0.996639 0.079027 0.0480207 2.14486 5 2380
-0.0411686 0.0673239 0.00423204 -0.0734517 -0.0571226 0.995662 0.079027 0.0535774 2.11963 5 2381
-0.0394439 0.0683188 0.00468969 -0.073703 -0.0748627 0.994466 0.079027 0.0593777 2.0944 5 2382
-0.0376925 0.0692646 0.00519123 -0.073023 -0.0925396 0.993028 0.079027 0.0657366 2.06916 5 2383
-0.0359172 0.0701628 0.00569211 -0.071795 -0.109758 0.991362 0.079027 0.0720898 2.04393 5 2384
-0.0341205 0.0710156 0.00615108 -0.0700575 -0.126598 0.989477 0.079027 0.077914 2.01869 5 2385
-0.0323055 0.0718264 0.00652601 -0.0671532 -0.142033 0.987581 0.079027 0.0826737 1.99346 5 2386
-0.0304755 0.0726009 0.00675419 -0.0629635 -0.155955 0.985755 0.079027 0.0855713 1.96823 5 2387
-0.02863 0.0733364 0.00688157 -0.056445 -0.168421 0.984098 0.079027 0.0871891 1.94299 5 2388
-0.0267692 0.0740318 0.0069259 -0.0483906 -0.179033 0.982652 0.079027 0.0877523 1.91776 5 2389
-0.0248923 0.0746821 0.00694441 -0.0378501 -0.187607 0.981515 0.079027 0.0879874 1.89253 5 2390
-0.0229989 0.0752826 0.00698964 -0.0254945 -0.194978 0.980476 0.079027 0.088562 1.86729 5 2391
-0.0210911 0.0758353 0.00703141 -0.0119205 -0.201486 0.979419 0.079027 0.0890926 1.84206 5 2392
-0.0191699 0.076339 0.00708118 0.00326795 -0.206843 0.978369 0.079027 0.0897249 1.81682 5 2393
-0.0172373 0.0767968 0.00709883 0.020507 -0.211623 0.977136 0.079027 0.0899492 1.79159 5 2394
-0.0152941 0.0772069 0.00710322 0.0387226 -0.216223 0.975576 0.079027 0.090005 1.76636 5 2395
-0.0133396 0.0775588 0.00720726 0.0539631 -0.219776 0.974057 0.079027 0.0913269 1.74112 5 2396
-0.0113753 0.0778485 0.00744816 0.0629499 -0.222878 0.972812 0.079027 0.0943884 1.71589 5 2397
-0.00939731 0.0780266 0.00829525 0.0608101 -0.225852 0.972262 0.079027 0.105161 1.69066 5 2398
-0.00740688 0.0780413 0.00999809 0.0531313 -0.229416 0.971877 0.079027 0.126855 1.66542 5 2399
0.016286 0.0770977 0.00599744 0.00378993 -0.238235 0.9712 0.079027 0.075964 1.36262 5 2400
0.0182111 0.0765993 0.00679499 -0.0336178 -0.246331 0.968603 0.079027 0.0860894 1.33738 5 2401
0.0201199 0.0760471 0.00756935 -0.0590318 -0.253714 0.965476 0.079027 0.0959289 1.31215 5 2402
0.0220274 0.0754987 0.00774631 -0.0752884 -0.261106 0.96237 0.079027 0.0981787 1.28692 5 2403
0.023934 0.074946 0.00745167 -0.0858414 -0.267885 0.959619 0.079027 0.094433 1.26168 5 2404
0.0258373 0.074376 0.00677591 -0.0914743 -0.27451 0.957223 0.079027 0.0858471 1.23645 5 2405
0.0277253 0.0737525 0.00609418 -0.0956582 -0.280682 0.955022 0.079027 0.0771917 1.21122 5 2406
0.0295942 0.0730713 0.00548085 -0.100318 -0.285244 0.95319 0.079027 0.0694098 1.18598 5 2407
0.0314397 0.0723271 0.0050602 -0.105659 -0.288268 0.951703 0.079027 0.0640751 1.16075 5 2408
0.0332624 0.0715278 0.00475952 -0.112188 -0.289639 0.950538 0.079027 0.0602629 1.13552 5 2409
0.0350607 0.0706741 0.00460175 -0.120509 -0.289023 0.949707 0.079027 0.0582631 1.11028 5 2410
0.0368358 0.0697728 0.0044886 -0.129769 -0.286543 0.949238 0.079027 0.0568289 1.08505 5 2411
0.0385877 0.0688269 0.00437125 -0.140666 -0.28161 0.949162 0.079027 0.0553416 1.05981 5 2412
0.0403135 0.0678339 0.0043193 -0.151815 -0.275289 0.949299 0.079027 0.0546833 1.03458 5 2413
0.0420107 0.0667927 0.00437046 -0.163969 -0.266584 0.949762 0.079027 0.0553317 1.00935 5 2414
0.043676 0.0657016 0.00457948 -0.176903 -0.25647 0.950225 0.079027 0.0579808 0.984113 5 2415
0.0453048 0.0645574 0.00500745 -0.189986 -0.24474 0.950793 0.079027 0.0634063 0.95888 5 2416
0.0468959 0.0633623 0.00559086 -0.202574 -0.232845 0.951182 0.079027 0.0708054 0.933646 5 2417
0.0484452 0.0621146 0.00633333 -0.213626 -0.220976 0.951595 0.079027 0.0802274 0.908412 5 2418
0.0499551 0.0608216 0.0071052 -0.223145 -0.210207 0.951851 0.079027 0.0900301 0.883179 5 2419
0.0514276 0.0594883 0.00784882 -0.231235 -0.199686 0.952185 0.079027 0.0994823 0.857945 5 2420
0.0528671 0.0581223 0.00849336 -0.237376 -0.191124 0.952431 0.079027 0.107682 0.832711 5 2421
0.054282 0.0567336 0.0089462 -0.241349 -0.185715 0.952502 0.079027 0.113448 0.807478 5 2422
0.0556783 0.0553282 0.00916458 -0.243098 -0.183165 0.952551 0.079027 0.116229 0.782244 5 2423
0.0570568 0.053906 0.00916154 -0.242404 -0.18346 0.952671 0.079027 0.11619 0.75701 5 2424
0.0584185 0.0524669 0.00893119 -0.238936 -0.186365 0.952983 0.079027 0.113256 0.731777 5 2425
0.0597568 0.0510046 0.00853932 -0.233986 -0.191467 0.953201 0.079027 0.108267 0.706543 5 2426
0.0610659 0.049514 0.00803671 -0.227233 -0.197882 0.953524 0.079027 0.101872 0.681309 5 2427
0.0623374 0.0479895 0.00750504 -0.220013 -0.205092 0.953694 0.079027 0.0951114 0.656076 5 2428
0.0635677 0.0464302 0.00697545 -0.2123 -0.211818 0.953971 0.079027 0.0883817 0.630842 5 2429
0.0647536 0.0448355 0.00648211 -0.205737 -0.216785 0.954294 0.079027 0.0821163 0.605608 5 2430
0.0658912 0.0432051 0.00607666 -0.200155 -0.219052 0.954963 0.079027 0.0769694 0.580375 5 2431
0.0669802 0.0415412 0.0057667 -0.196502 -0.217846 0.955997 0.079027 0.0730361 0.555141 5 2432
0.0680199 0.0398455 0.00555877 -0.194085 -0.213207 0.957535 0.079027 0.0703982 0.529907 5 2433
0.0690078 0.038119 0.00548961 -0.193744 -0.205357 0.959318 0.079027 0.069521 0.504674 5 2434
0.0699443 0.036364 0.0055422 -0.194751 -0.194326 0.96141 0.079027 0.070188 0.47944 5 2435
0.0708287 0.0345824 0.00571138 -0.197037 -0.181486 0.963452 0.079027 0.0723344 0.454206 5 2436
0.0716604 0.0327759 0.00598232 -0.200695 -0.166958 0.965322 0.079027 0.0757722 0.428972 5 2437
0.0724411 0.0309474 0.00631002 -0.206019 -0.150862 0.966849 0.079027 0.0799314 0.403739 5 2438
0.0731716 0.0290989 0.00666649 -0.212267 -0.133637 0.968031 0.079027 0.0844575 0.378505 5 2439
0.0738556 0.0272336 0.00699593 -0.219739 -0.116002 0.968637 0.079027 0.0886419 0.353271 5 2440
0.074496 0.0253535 0.00726742 -0.228672 -0.098141 0.968544 0.079027 0.0920914 0.328038 5 2441
0.075092 0.0234596 0.00749059 -0.238461 -0.080197 0.967835 0.079027 0.0949277 0.302804 5 2442
0.0756363 0.0215507 0.00774474 -0.248341 -0.0626875 0.966642 0.079027 0.0981588 0.27757 5 2443
0.0761276 0.0196282 0.00803724 -0.258453 -0.046094 0.964924 0.079027 0.101879 0.252337 5 2444
0.0765599 0.0176922 0.0084167 -0.268607 -0.0306419 0.962762 0.079027 0.106706 0.227103 5 2445
0.076936 0.0157455 0.00884252 -0.278171 -0.0164032 0.960391 0.079027 0.112127 0.201869 5 2446
0.0772567 0.01379 0.009301 -0.28738 -0.00338007 0.957811 0.079027 0.117967 0.176636 5 2447
0.077524 0.0118278 0.00976757 -0.295796 0.00840814 0.955214 0.079027 0.123915 0.151402 5 2448
0.0777415 0.0098609 0.0102118 -0.303062 0.019098 0.95278 0.079027 0.129582 0.126168 5 2449
0.0779145 0.00789109 0.0105985 -0.308871 0.0283823 0.95068 0.079027 0.134518 0.100935 5 2450
0.0780413 0.00591911 0.0109449 -0.313115 0.0360602 0.94903 0.079027 0.138943 0.075701 5 2451
0.0781291 0.00394632 0.011204 -0.31573 0.0416807 0.947933 0.079027 0.142254 0.0504674 5 2452
0.0781759 0.00197308 0.0113977 -0.316613 0.0452523 0.947475 0.079027 0.14473 0.0252337 5 2453
0.0762656 0 0.0108038 -0.317454 0.0488709 0.947013 0.077027 0.140724 0 5 2454
0.0743458 0 0.0100872 -0.319198 0.0544897 0.94612 0.075027 0.134856 0 5 2455
0.0724246 0 0.00936013 -0.320759 0.0612789 0.945177 0.073027 0.128527 0 5 2456
0.0704963 0 0.008666 -0.32141 0.069378 0.944395 0.071027 0.122315 0 5 2457
0.0685625 0 0.00799411 -0.32059 0.0780897 0.943994 0.069027 0.116072 0 5 2458
0.0666215 0 0.00736153 -0.317886 0.0874121 0.944091 0.067027 0.110051 0 5 2459
0.0646745 0 0.00676125 -0.313647 0.0969138 0.944581 0.065027 0.104164 0 5 2460
0.062721 0 0.00620358 -0.308095 0.105742 0.945461 0.063027 0.098587 0 5 2461
0.0607628 0 0.00567242 -0.301171 0.113988 0.946733 0.061027 0.0930838 0 5 2462
0.0587989 0 0.00518396 -0.29325 0.121243 0.948317 0.059027 0.0879368 0 6 2463
0.0587969 0.00198695 0.00481333 -0.285894 0.126571 0.949865 0.059027 0.0816351 0.0337806 6 2464
0.0587258 0.00397363 0.00443582 -0.278928 0.129466 0.951545 0.059027 0.0752199 0.0675611 6 2465
0.0585852 0.00595753 0.00405789 -0.272205 0.129626 0.953468 0.059027 0.0688007 0.101342 6 2466
0.0583757 0.00793621 0.00367204 -0.265791 0.127723 0.955532 0.059027 0.0622497 0.135122 6 2467
0.0580976 0.00990723 0.00327219 -0.259274 0.123812 0.957835 0.059027 0.055464 0.168903 6 2468
0.0577498 0.0118679 0.00288008 -0.253231 0.118391 0.960134 0.059027 0.048812 0.202683 6 2469
0.057329 0.0138147 0.002594 -0.247729 0.112021 0.962331 0.059027 0.0439602 0.236464 6 2470
0.0568336 0.0157441 0.00250122 -0.243162 0.104745 0.964314 0.059027 0.0423869 0.270245 6 2471
0.056265 0.0176532 0.00260813 -0.239067 0.0971521 0.966131 0.059027 0.0441997 0.304025 6 2472
0.0556294 0.0195409 0.00277553 -0.235247 0.0892075 0.967833 0.059027 0.0470387 0.337806 6 2473
0.054934 0.0214072 0.00285841 -0.23174 0.0810285 0.969397 0.059027 0.0484444 0.371586 6 2474
0.054181 0.0232509 0.00282748 -0.228677 0.0721073 0.970828 0.059027 0.0479198 0.405367 6 2475
0.0533731 0.0250714 0.00263156 -0.225578 0.0625367 0.972216 0.059027 0.0445971 0.439147 6 2476
0.0525091 0.0268666 0.00227276 -0.22237 0.0524954 0.973548 0.059027 0.0385133 0.472928 6 2477
0.0515848 0.0286319 0.00184628 -0.219246 0.0415187 0.974786 0.059027 0.0312837 0.506708 6 2478
0.0505978 0.0303635 0.00145267 -0.21624 0.0301937 0.975873 0.059027 0.0246127 0.540489 6 2479
0.0495485 0.0320583 0.0011813 -0.213631 0.0189399 0.976731 0.059027 0.0200143 0.57427 6 2480
0.0484397 0.033715 0.00103896 -0.212039 0.00834474 0.977226 0.059027 0.0176024 0.60805 6 2481
0.0472734 0.0353318 0.00103786 -0.211578 -0.00191399 0.977359 0.059027 0.0175838 0.641831 6 2482
0.0460505 0.0369062 0.00121384 -0.212002 -0.011462 0.977202 0.059027 0.0205656 0.675611 6 2483
0.0447718 0.0384353 0.00154897 -0.213058 -0.0205615 0.976823 0.059027 0.0262448 0.709392 6 2484
0.0434403 0.0399183 0.00191299 -0.214501 -0.0286035 0.976305 0.059027 0.0324144 0.743172 6 2485
0.0420619 0.0413574 0.00213134 -0.216354 -0.0362453 0.975642 0.059027 0.0361157 0.776953 6 2486
0.0406425 0.0427559 0.00207495 -0.218358 -0.0433281 0.974906 0.059027 0.0351597 0.810734 6 2487
0.039183 0.0441128 0.00171431 -0.220217 -0.0495637 0.974191 0.059027 0.029047 0.844514 6 2488
0.0376797 0.0454218 0.00113661 -0.221977 -0.0545985 0.973522 0.059027 0.0192569 0.878295 6 2489
0.0361297 0.0466757 0.000453964 -0.2229 -0.0583291 0.973095 0.059027 0.00769086 0.912075 6 2490
0.0345335 0.0478705 -0.000206661 -0.222671 -0.0606773 0.973004 0.059027 -0.00350113 0.945856 6 2491
0.0328945 0.0490058 -0.000752199 -0.220747 -0.061815 0.97337 0.059027 -0.0127437 0.979636 6 2492
0.0312173 0.0500836 -0.00113849 -0.217653 -0.062313 0.974035 0.059027 -0.0192888 1.01342 6 2493
0.0295058 0.0511055 -0.00135087 -0.212649 -0.0627312 0.975113 0.059027 -0.0228875 1.0472 6 2494
0.0277617 0.0520706 -0.00145661 -0.205719 -0.0634616 0.976551 0.059027 -0.0246796 1.08098 6 2495
0.0259861 0.0529762 -0.00156035 -0.196296 -0.0649862 0.978389 0.059027 -0.0264376 1.11476 6 2496
0.0241801 0.0538193 -0.00173128 -0.18343 -0.0676863 0.9807 0.059027 -0.0293346 1.14854 6 2497
0.0223461 0.0545992 -0.00194102 -0.166501 -0.0724774 0.983374 0.059027 -0.0328896 1.18232 6 2498
0.0204874 0.0553176 -0.00210257 -0.146771 -0.0782241 0.986073 0.059027 -0.035628 1.2161 6 2499
0.018609 0.0559828 -0.00195285 -0.124121 -0.0853244 0.988592 0.059027 -0.0330901 1.24988 6 2500
0.0167121 0.0565944 -0.00140167 -0.0960749 -0.0957375 0.990759 0.059027 -0.0237485 1.28366 6 2501
0.0147944 0.0571395 -0.000624249 -0.0640032 -0.109543 0.991919 0.059027 -0.0105759 1.31744 6 2502
0.0128568 0.0576096 0.000157001 -0.030571 -0.124559 0.991741 0.059027 0.00265982 1.35122 6 2503
0.010902 0.0580014 0.00108132 0.00187392 -0.138637 0.990342 0.059027 0.0183202 1.385 6 2504
0.00893279 0.0583102 0.00207662 0.0307305 -0.146839 0.988683 0.059027 0.0351881 1.41878 6 2505
0.00695382 0.0585407 0.00296899 0.055583 -0.144123 0.987998 0.059027 0.05032 1.45256 6 2506
0.00496761 0.0586822 0.00398867 0.0754723 -0.131381 0.988455 0.059027 0.0676252 1.48634 6 2507
0.00297688 0.0586992 0.00545288 0.0889249 -0.112952 0.989613 0.059027 0.0925113 1.52013 6 2508
0.000990769 0.0586536 0.00655478 0.0953334 -0.0955249 0.990851 0.059027 0.111277 1.55391 6 2509
-0.000989484 0.0585775 0.00720329 0.0947027 -0.0806435 0.992234 0.059027 0.122339 1.58769 6 2510
-0.0029653 0.0584708 0.00752049 0.0881177 -0.068519 0.993751 0.059027 0.127755 1.62147 6 2511
-0.00493813 0.058334 0.00754652 0.0770354 -0.0601648 0.995211 0.059027 0.128199 1.65525 6 2512
-0.00691305 0.0581976 0.00703137 0.0641941 -0.0543304 0.996457 0.059027 0.119405 1.68903 6 2513
-0.00889668 0.0580744 0.00569165 0.0518023 -0.0504492 0.997382 0.059027 0.0965746 1.72281 6 2514
-0.0108741 0.0578528 0.00435834 0.0391298 -0.0485971 0.998052 0.059027 0.0739036 1.75659 6 2515
-0.0128329 0.0575024 0.00360232 0.0265533 -0.047806 0.998504 0.059027 0.0610663 1.79037 6 2516
-0.0147708 0.0570484 0.00339005 0.0141441 -0.0481243 0.998741 0.059027 0.0574637 1.82415 6 2517
-0.0166885 0.0565146 0.0034327 0.00209145 -0.0489006 0.998801 0.059027 0.0581875 1.85793 6 2518
-0.0185859 0.0559133 0.00352849 -0.00920679 -0.0500961 0.998702 0.059027 0.0598132 1.89171 6 2519
-0.0204615 0.0552478 0.00363203 -0.0186533 -0.0501391 0.998568 0.059027 0.0615706 1.92549 6 2520
-0.0223142 0.0545212 0.00370129 -0.0257543 -0.0498038 0.998427 0.059027 0.0627461 1.95927 6 2521
-0.024143 0.0537367 0.00369738 -0.0305394 -0.0483877 0.998362 0.059027 0.0626798 1.99305 6 2522
-0.0259487 0.0529 0.00352708 -0.033281 -0.0465788 0.99836 0.059027 0.0597893 2.02683 6 2523
-0.0277302 0.0520116 0.0031655 -0.0350369 -0.0443929 0.9984 0.059027 0.0536537 2.06061 6 2524
-0.0294821 0.0510645 0.00272224 -0.0363374 -0.0423578 0.998441 0.059027 0.0461349 2.0944 6 2525
-0.0311986 0.0500535 0.00234062 -0.0379788 -0.0411653 0.99843 0.059027 0.0396637 2.12818 6 2526
-0.0328757 0.0489779 0.00213063 -0.0393685 -0.0398311 0.998431 0.059027 0.0361037 2.16196 6 2527
-0.0345124 0.0478412 0.00207321 -0.0401484 -0.0382684 0.998461 0.059027 0.0351303 2.19574 6 2528
-0.0361081 0.0466478 0.00209122 -0.0399623 -0.0360359 0.998551 0.059027 0.0354357 2.22952 6 2529
-0.0376621 0.0454006 0.00213155 -0.038026 -0.0324976 0.998748 0.059027 0.0361193 2.2633 6 2530
-0.039174 0.0441027 0.00212923 -0.0348794 -0.0280299 0.998998 0.059027 0.0360799 2.29708 6 2531
-0.0406422 0.0427556 0.00208782 -0.0298828 -0.0216237 0.999319 0.059027 0.035378 2.33086 6 2532
-0.042065 0.0413604 0.00200917 -0.0230883 -0.0142628 0.999632 0.059027 0.0340447 2.36464 6 2533
-0.0434391 0.0399172 0.00196023 -0.014654 -0.0059696 0.999875 0.059027 0.0332152 2.39842 6 2534
-0.0447608 0.0384259 0.00202686 -0.00456596 0.00213315 0.999987 0.059027 0.0343446 2.4322 6 2535
-0.0460254 0.0368861 0.00229361 0.00622053 0.00984986 0.999932 0.059027 0.0388668 2.46598 6 2536
-0.0472299 0.0352993 0.00273445 0.018484 0.01563 0.999707 0.059027 0.0463421 2.49976 6 2537
-0.0483703 0.0336667 0.00332453 0.0318207 0.0190109 0.999313 0.059027 0.0563519 2.53354 6 2538
-0.0494426 0.0319898 0.00403336 0.0458418 0.01847 0.998778 0.059027 0.068384 2.56732 6 2539
-0.0504485 0.0302739 0.0047568 0.0596665 0.0134851 0.998127 0.059027 0.0806743 2.6011 6 2540
-0.051401 0.0285299 0.0053076 0.0733707 0.00489855 0.997293 0.059027 0.0900397 2.63488 6 2541
-0.0523175 0.0267685 0.00552334 0.0856452 -0.00736302 0.996298 0.059027 0.0937102 2.66866 6 2542
-0.0532045 0.0249922 0.00537191 0.0962573 -0.0244573 0.995056 0.059027 0.0911337 2.70245 6 2543
-0.0540558 0.0231972 0.00490363 0.104438 -0.0444343 0.993538 0.059027 0.0831703 2.73623 6 2544
-0.0548645 0.0213801 0.00411797 0.110542 -0.0665544 0.991641 0.059027 0.069821 2.77001 6 2545
-0.0556125 0.019535 0.00313375 0.114561 -0.0889954 0.989422 0.059027 0.053115 2.80379 6 2546
-0.0562866 0.01766 0.00203109 0.116848 -0.10989 0.987052 0.059027 0.0344162 2.83757 6 2547
-0.0568754 0.0157557 0.00106296 0.117565 -0.127847 0.984801 0.059027 0.018009 2.87135 6 2548
-0.0573836 0.0138278 0.000319647 0.117431 -0.142295 0.982834 0.059027 0.0054153 2.90513 6 2549
-0.0578182 0.0118819 -0.000254396 0.117739 -0.152279 0.981299 0.059027 -0.00430984 2.93891 6 2550
-0.058183 0.00992181 -0.000690534 0.119174 -0.157169 0.980355 0.059027 -0.0116989 2.97269 6 2551
-0.0584812 0.00795056 -0.000960152 0.121019 -0.157945 0.980004 0.059027 -0.016267 3.00647 6 2552
-0.0587154 0.00597077 -0.00102075 0.124716 -0.155327 0.979959 0.059027 -0.0172937 3.04025 6 2553
-0.0588851 0.00398441 -0.000921849 0.12998 -0.148246 0.980372 0.059027 -0.015618 3.07403 6 2554
-0.0589883 0.00199342 -0.000771641 0.1371 -0.138651 0.980806 0.059027 -0.013073 3.10781 6 2555
-0.0590237 7.22832e-18 -0.000624257 0.145817 -0.127329 0.981083 0.059027 -0.010576 3.14159 6 2556
-0.0589905 -0.00199349 -0.000580176 0.155991 -0.114638 0.981084 0.059027 -0.00982916 3.17537 6 2557
-0.0588889 -0.00398466 -0.000641063 0.167123 -0.101627 0.980684 0.059027 -0.0108607 3.20915 6 2558
-0.0587186 -0.0059711 -0.000813136 0.178386 -0.0885126 0.979971 0.059027 -0.0137761 3.24293 6 2559
-0.0584813 -0.00795057 -0.00095395 0.189201 -0.0750651 0.979065 0.059027 -0.0161619 3.27671 6 2560
-0.0581767 -0.00992073 -0.0011116 0.198649 -0.0612722 0.978153 0.059027 -0.0188332 3.3105 6 2561
-0.0578061 -0.0118795 -0.00123145 0.206311 -0.0472412 0.977345 0.059027 -0.020864 3.34428 6 2562
-0.05737 -0.0138246 -0.0013229 0.210949 -0.0324297 0.976959 0.059027 -0.0224137 3.37806 6 2563
-0.0568707 -0.0157544 -0.00130835 0.212216 -0.0168662 0.977077 0.059027 -0.022167 3.41184 6 2564
-0.0563078 -0.0176667 -0.00122507 0.210929 -0.00122513 0.977501 0.059027 -0.020756 3.44562 6 2565
-0.0556814 -0.0195592 -0.00109631 0.207063 0.0140989 0.978226 0.059027 -0.0185741 3.4794 6 2566
-0.0549922 -0.0214299 -0.000895269 0.200157 0.0290723 0.979332 0.059027 -0.0151677 3.51318 6 2567
-0.054241 -0.0232767 -0.000544123 0.191497 0.0435266 0.980528 0.059027 -0.00921833 3.54696 6 2568
-0.0534262 -0.0250964 2.9328e-06 0.181559 0.0572059 0.981715 0.059027 4.96858e-05 3.58074 6 2569
-0.0525446 -0.0268847 0.000677858 0.170329 0.0695073 0.982933 0.059027 0.0114841 3.61452 6 2570
-0.0515964 -0.0286383 0.00135823 0.159314 0.0806069 0.983932 0.059027 0.0230124 3.6483 6 2571
-0.0505867 -0.0303568 0.00190653 0.148171 0.0905602 0.984807 0.059027 0.0323049 3.68208 6 2572
-0.0495241 -0.0320425 0.00219719 0.137732 0.0990303 0.985506 0.059027 0.0372321 3.71586 6 2573
-0.0484103 -0.0336945 0.00230406 0.128076 0.106035 0.98608 0.059027 0.0390438 3.74964 6 2574
-0.0472451 -0.0353107 0.00228908 0.12005 0.111452 0.986492 0.059027 0.03879 3.78342 6 2575
-0.0460275 -0.0368877 0.00222477 0.114013 0.113908 0.986928 0.059027 0.0376996 3.8172 6 2576
-0.0447566 -0.0384223 0.00218219 0.110418 0.11542 0.987161 0.059027 0.0369777 3.85098 6 2577
-0.043433 -0.0399116 0.00219682 0.109171 0.114721 0.987381 0.059027 0.0372258 3.88477 6 2578
-0.0420587 -0.0413543 0.00225209 0.110753 0.112342 0.987478 0.059027 0.0381627 3.91855 6 2579
-0.0406363 -0.0427494 0.00231567 0.113494 0.108653 0.98758 0.059027 0.0392407 3.95233 6 2580
-0.0391685 -0.0440966 0.00234547 0.117125 0.104709 0.987582 0.059027 0.0397459 3.98611 6 2581
-0.0376588 -0.0453967 0.00226664 0.120698 0.101261 0.987511 0.059027 0.0384096 4.01989 6 2582
-0.0361111 -0.0466517 0.00194722 0.123541 0.0977497 0.987513 0.059027 0.0329946 4.05367 6 2583
-0.0345241 -0.0478575 0.00139234 0.123534 0.0943389 0.987846 0.059027 0.0235903 4.08745 6 2584
-0.0328946 -0.0490059 0.000743377 0.120315 0.0911296 0.988544 0.059027 0.0125942 4.12123 6 2585
-0.0312228 -0.0500924 0.000262787 0.113579 0.0884184 0.989587 0.059027 0.004452 4.15501 6 2586
-0.0295135 -0.0511189 4.23719e-05 0.103125 0.0861304 0.990932 0.059027 0.00071784 4.18879 6 2587
-0.0277702 -0.0520865 1.51988e-05 0.0896968 0.085092 0.992327 0.059027 0.00025749 4.22257 6 2588
-0.0259951 -0.0529946 0.000131854 0.0730346 0.0865055 0.993571 0.059027 0.0022338 4.25635 6 2589
-0.0241899 -0.0538412 0.000404937 0.0540376 0.0900689 0.994468 0.059027 0.00686025 4.29013 6 2590
-0.0223559 -0.0546231 0.000847845 0.0340242 0.0968284 0.994719 0.059027 0.0143642 4.32391 6 2591
-0.0204943 -0.0553364 0.00143329 0.0133278 0.105488 0.994331 0.059027 0.0242843 4.35769 6 2592
-0.0186058 -0.0559733 0.00223701 -0.00663299 0.115638 0.993269 0.059027 0.0379071 4.39147 6 2593
-0.0166917 -0.0565253 0.00323449 -0.0259257 0.126103 0.991678 0.059027 0.0548242 4.42525 6 2594
-0.0147582 -0.0569994 0.00417689 -0.0444014 0.137554 0.989499 0.059027 0.0708215 4.45903 6 2595
-0.0128131 -0.0574136 0.00486698 -0.0610772 0.148529 0.98702 0.059027 0.0825472 4.49282 6 2596
-0.0108594 -0.0577746 0.00532557 -0.0751018 0.160094 0.984241 0.059027 0.0903455 4.5266 6 2597
-0.008898 -0.0580831 0.00560067 -0.0873827 0.170436 0.981487 0.059027 0.0950261 4.56038 6 2598
-0.0069298 -0.0583385 0.00572522 -0.0978272 0.178905 0.978991 0.059027 0.097146 4.59416 6 2599
-0.00495507 -0.0585341 0.00577865 -0.10654 0.185955 0.976765 0.059027 0.0980556 4.62794 6 2600
-0.00297468 -0.0586556 0.00590394 -0.114024 0.191145 0.974916 0.059027 0.100189 4.66172 6 2601
-0.00099133 -0.0586867 0.00625073 -0.120291 0.194813 0.973436 0.059027 0.106095 4.6955 6 2602
0.000990449 -0.0586346 0.0067224 -0.125649 0.196046 0.972511 0.059027 0.114134 4.72928 6 2603
0.0029681 -0.0585259 0.00707822 -0.130314 0.195064 0.972095 0.059027 0.120204 4.76306 6 2604
0.00494148 -0.0583736 0.00723154 -0.134032 0.192361 0.972128 0.059027 0.122821 4.79684 6 2605
0.00690895 -0.058163 0.00731585 -0.136298 0.188668 0.972537 0.059027 0.12426 4.83062 6 2606
0.00886466 -0.0578654 0.00756274 -0.137041 0.183837 0.973357 0.059027 0.128477 4.8644 6 2607
0.0108029 -0.0574743 0.00801136 -0.136688 0.178097 0.974473 0.059027 0.136144 4.89818 6 2608
0.0127224 -0.0570072 0.00851484 -0.135262 0.171783 0.975805 0.059027 0.144758 4.93196 6 2609
0.0146238 -0.0564805 0.00896012 -0.132299 0.164953 0.977388 0.059027 0.152386 4.96574 6 2610
0.0165075 -0.0559016 0.00931148 -0.12778 0.158784 0.97901 0.059027 0.158411 4.99952 6 2611
0.0183762 -0.0552824 0.00950588 -0.123119 0.154593 0.980277 0.059027 0.161747 5.0333 6 2612
0.0202362 -0.0546393 0.00944608 -0.118842 0.153115 0.981036 0.059027 0.160721 5.06708 6 2613
0.0220882 -0.0539692 0.00914449 -0.114297 0.152913 0.981608 0.059027 0.155547 5.10087 6 2614
0.0239214 -0.0532435 0.00877969 -0.109913 0.153964 0.981944 0.059027 0.149294 5.13465 6 2615
0.0257188 -0.0524314 0.00858337 -0.10535 0.156175 0.982095 0.059027 0.145932 5.16843 6 2616
0.0274688 -0.0515212 0.00867269 -0.100929 0.158919 0.982119 0.059027 0.147461 5.20221 6 2617
0.0291898 -0.0505582 0.0087187 -0.0970001 0.161822 0.982041 0.059027 0.148249 5.23599 6 2618
0.0308909 -0.0495598 0.00858862 -0.0938797 0.16437 0.981921 0.059027 0.146022 5.26977 6 2619
0.0325655 -0.0485157 0.00836067 -0.0917386 0.166572 0.981752 0.059027 0.142119 5.30355 6 2620
0.0342001 -0.0474083 0.00818502 -0.0915776 0.167715 0.981573 0.059027 0.139114 5.33733 6 2621
0.0357854 -0.0462309 0.00814187 -0.0932512 0.168913 0.98121 0.059027 0.138376 5.37111 6 2622
0.0373209 -0.0449893 0.00820337 -0.0966372 0.169688 0.980748 0.059027 0.139428 5.40489 6 2623
0.0388107 -0.0436938 0.00829268 -0.101945 0.170168 0.980128 0.059027 0.140956 5.43867 6 2624
0.0402541 -0.0423472 0.00839686 -0.10824 0.1711 0.97929 0.059027 0.142739 5.47245 6 2625
0.0416488 -0.0409512 0.00851812 -0.114982 0.171968 0.978369 0.059027 0.144815 5.50623 6 2626
0.042998 -0.0395119 0.00861227 -0.122342 0.17289 0.977313 0.059027 0.146427 5.54001 6 2627
0.0443068 -0.0380362 0.00862208 -0.130584 0.173407 0.976155 0.059027 0.146595 5.57379 6 2628
0.0455755 -0.0365255 0.00854106 -0.139696 0.173497 0.974876 0.059027 0.145207 5.60757 6 2629
0.0467993 -0.0349775 0.00840124 -0.149006 0.173416 0.973511 0.059027 0.142814 5.64135 6 2630
0.0479781 -0.0333938 0.00819413 -0.158076 0.173092 0.972137 0.059027 0.13927 5.67514 6 2631
0.0491021 -0.0317695 0.00799212 -0.167186 0.172515 0.970715 0.059027 0.135815 5.70892 6 2632
0.0501612 -0.0301014 0.00787061 -0.175459 0.17165 0.969407 0.059027 0.133737 5.7427 6 2633
0.0511533 -0.0283924 0.00783595 -0.183189 0.170217 0.968229 0.059027 0.133145 5.77648 6 2634
0.052077 -0.0266455 0.00788594 -0.190018 0.168537 0.967207 0.059027 0.134 5.81026 6 2635
0.0529295 -0.0248631 0.00802988 -0.196152 0.16678 0.966286 0.059027 0.13646 5.84404 6 2636
0.0537101 -0.0230488 0.00825637 -0.201505 0.164903 0.965506 0.059027 0.140335 5.87782 6 2637
0.0544242 -0.0212085 0.00850826 -0.206279 0.16302 0.964818 0.059027 0.144646 5.9116 6 2638
0.0550949 -0.0193532 0.00861376 -0.210076 0.1616 0.964237 0.059027 0.146452 5.94538 6 2639
0.0557315 -0.0174859 0.00851039 -0.213213 0.160831 0.963677 0.059027 0.144682 5.97916 6 2640
0.0563292 -0.0156044 0.00822893 -0.215572 0.160736 0.963168 0.059027 0.139865 6.01294 6 2641
0.0568733 -0.0137049 0.00786035 -0.21717 0.161329 0.96271 0.059027 0.133562 6.04672 6 2642
0.0573508 -0.0117859 0.00749417 -0.218375 0.162652 0.962214 0.059027 0.127305 6.0805 6 2643
0.0577588 -0.00984946 0.00714814 -0.219084 0.16466 0.961712 0.059027 0.121397 6.11428 6 2644
0.0580982 -0.00789849 0.00681137 -0.2197 0.16743 0.961093 0.059027 0.115652 6.14806 6 2645
0.0583764 -0.0059363 0.00641383 -0.219975 0.170829 0.960431 0.059027 0.108874 6.18184 6 2646
0.0585877 -0.00396429 0.00599561 -0.220293 0.17404 0.959782 0.059027 0.101749 6.21562 6 2647
0.0587297 -0.00198468 0.00557377 -0.220591 0.176498 0.959264 0.059027 0.0945684 6.2494 6 2648
0.0568303 0 0.00473185 -0.219246 0.17725 0.959434 0.057027 0.0830712 0 6 2649
0.0548581 0 0.00430836 -0.217037 0.177723 0.959849 0.055027 0.0783755 0 6 2650
0.0528856 0 0.00386972 -0.214815 0.177865 0.960322 0.053027 0.0730413 0 6 2651
0.0509094 0 0.00346235 -0.213282 0.177612 0.96071 0.051027 0.0679055 0 6 2652
0.0489324 0 0.00304475 -0.212795 0.177147 0.960904 0.049027 0.0621436 0 6 2653
0.0469538 0 0.00262214 -0.213329 0.176389 0.960925 0.047027 0.0557871 0 6 2654
0.0449744 0 0.00217666 -0.214531 0.175308 0.960856 0.045027 0.0483602 0 6 2655
0.0429931 0 0.00170718 -0.215818 0.174203 0.960768 0.043027 0.0396873 0 6 2656
0.0410088 0 0.00122221 -0.217021 0.173133 0.960691 0.041027 0.0297949 0 6 2657
0.0390208 0 0.000695257 -0.218098 0.17201 0.960649 0.039027 0.0178157 0 7 2658
0.0389608 -0.00199196 0.00109327 -0.219311 0.170954 0.960561 0.039027 0.0280169 6.2321 7 2659
0.0387942 -0.00397729 0.00151466 -0.220611 0.169653 0.960494 0.039027 0.0388204 6.18102 7 2660
0.0385234 -0.0059503 0.00191077 -0.221757 0.167926 0.960533 0.039027 0.0489799 6.12994 7 2661
0.0381498 -0.00790553 0.0022799 -0.222348 0.165426 0.960831 0.039027 0.0584518 6.07885 7 2662
0.0376785 -0.0098385 0.00257687 -0.222704 0.162898 0.96118 0.039027 0.0660758 6.02777 7 2663
0.0371174 -0.0117465 0.00272518 -0.222554 0.161003 0.961534 0.039027 0.0698851 5.97669 7 2664
0.0364724 -0.0136276 0.00267537 -0.221305 0.159916 0.962003 0.039027 0.0686057 5.92561 7 2665
0.0357421 -0.0154778 0.00245926 -0.219167 0.15964 0.962539 0.039027 0.063056 5.87452 7 2666
0.0349153 -0.0172877 0.00227165 -0.215612 0.16046 0.963205 0.039027 0.0582401 5.82344 7 2667
0.0339939 -0.0190518 0.00213371 -0.211436 0.162364 0.963812 0.039027 0.0546999 5.77236 7 2668
0.0329751 -0.0207616 0.00216927 -0.205809 0.165246 0.964539 0.039027 0.0556124 5.72127 7 2669
0.0318623 -0.0224114 0.00237281 -0.19944 0.168659 0.965286 0.039027 0.0608367 5.67019 7 2670
0.0306593 -0.0239957 0.00270615 -0.192396 0.172598 0.966019 0.039027 0.0693963 5.61911 7 2671
0.0293681 -0.0255074 0.00316166 -0.184677 0.17723 0.966687 0.039027 0.0811009 5.56803 7 2672
0.0279984 -0.0269458 0.00362217 -0.17649 0.182074 0.967316 0.039027 0.0929457 5.51694 7 2673
0.0265598 -0.0283122 0.00401282 -0.16787 0.187025 0.967906 0.039027 0.103004 5.46586 7 2674
0.025057 -0.0296049 0.00433638 -0.158442 0.1923 0.968461 0.039027 0.111342 5.41478 7 2675
0.0235046 -0.0308352 0.00445309 -0.14896 0.19742 0.968936 0.039027 0.114352 5.36369 7 2676
0.0218997 -0.0319954 0.00445026 -0.139733 0.202485 0.969265 0.039027 0.114279 5.31261 7 2677
0.0202395 -0.0330752 0.00441603 -0.131275 0.207209 0.969449 0.039027 0.113396 5.26153 7 2678
0.0185227 -0.0340627 0.00444434 -0.123553 0.211232 0.969596 0.039027 0.114126 5.21045 7 2679
0.0167542 -0.0349535 0.00454497 -0.11703 0.214004 0.969797 0.039027 0.116722 5.15936 7 2680
0.0149392 -0.0357433 0.00472659 -0.111571 0.215537 0.970101 0.039027 0.121409 5.10828 7 2681
0.0130873 -0.0364389 0.00490264 -0.107229 0.215887 0.970513 0.039027 0.125954 5.0572 7 2682
0.0112032 -0.0370383 0.00507575 -0.104255 0.215057 0.971021 0.039027 0.130427 5.00612 7 2683
0.00929127 -0.0375374 0.00526511 -0.102241 0.212983 0.971692 0.039027 0.135322 4.95503 7 2684
0.00736056 -0.037953 0.00533807 -0.101381 0.20995 0.972442 0.039027 0.137209 4.90395 7 2685
0.00541529 -0.0382952 0.00522103 -0.102039 0.206084 0.9732 0.039027 0.134182 4.85287 7 2686
0.00345743 -0.0385728 0.00482585 -0.104136 0.201296 0.973979 0.039027 0.123972 4.80178 7 2687
0.0014852 -0.0387468 0.00442596 -0.107577 0.195912 0.974703 0.039027 0.113652 4.7507 7 2688
-0.000495638 -0.0388085 0.00409448 -0.112053 0.190044 0.97536 0.039027 0.105107 4.69962 7 2689
-0.00247826 -0.0387589 0.00383556 -0.117386 0.183957 0.9759 0.039027 0.0984386 4.64854 7 2690
-0.00445694 -0.0386066 0.00357378 -0.122903 0.177611 0.976396 0.039027 0.0917004 4.59745 7 2691
-0.0064278 -0.0383609 0.00319884 -0.127851 0.171052 0.976932 0.039027 0.0820569 4.54637 7 2692
-0.00838625 -0.0380194 0.00270274 -0.132098 0.164396 0.977509 0.039027 0.0693087 4.49529 7 2693
-0.0103267 -0.0375782 0.00208427 -0.134804 0.157188 0.978325 0.039027 0.0534314 4.4442 7 2694
-0.0122408 -0.0370287 0.0014651 -0.135378 0.149311 0.979479 0.039027 0.0375494 4.39312 7 2695
-0.0141215 -0.0363708 0.000924395 -0.133122 0.141239 0.980984 0.039027 0.0236883 4.34204 7 2696
-0.0159636 -0.0356097 0.000466451 -0.128425 0.132409 0.98284 0.039027 0.0119523 4.29096 7 2697
-0.0177621 -0.0347503 0.000162695 -0.121095 0.123505 0.984928 0.039027 0.00416879 4.23987 7 2698
-0.0195135 -0.0337983 6.22684e-05 -0.11109 0.1142 0.987227 0.039027 0.00159552 4.18879 7 2699
-0.0212136 -0.0327576 0.000169944 -0.0993139 0.105888 0.989406 0.039027 0.00435453 4.13771 7 2700
-0.0228577 -0.0316305 0.000381534 -0.0865618 0.0982502 0.99139 0.039027 0.00977631 4.08662 7 2701
-0.0244423 -0.0304213 0.000476022 -0.0737569 0.0922772 0.992998 0.039027 0.0121976 4.03554 7 2702
-0.0259631 -0.0291328 0.000548648 -0.0624227 0.0891552 0.99406 0.039027 0.0140586 3.98446 7 2703
-0.0274133 -0.0277656 0.00083058 -0.0526355 0.0882898 0.994703 0.039027 0.0212838 3.93338 7 2704
-0.0287868 -0.0263219 0.00125794 -0.0450005 0.0894669 0.994973 0.039027 0.0322381 3.88229 7 2705
-0.0300813 -0.0248078 0.0016718 -0.0393074 0.0931974 0.994871 0.039027 0.0428502 3.83121 7 2706
-0.031301 -0.0232338 0.00188368 -0.0356204 0.098562 0.994493 0.039027 0.0482847 3.78013 7 2707
-0.0324513 -0.0216084 0.0017587 -0.0341766 0.105817 0.993798 0.039027 0.0450789 3.72904 7 2708
-0.0335291 -0.0199332 0.00125388 -0.0348048 0.113585 0.992919 0.039027 0.0321341 3.67796 7 2709
-0.03452 -0.0182041 0.000290721 -0.0367463 0.121268 0.991939 0.039027 0.0074493 3.62688 7 2710
-0.0353973 -0.0164144 -0.00084058 -0.039459 0.12811 0.990975 0.039027 -0.0215401 3.5758 7 2711
-0.0361552 -0.0145718 -0.00188992 -0.0426994 0.133498 0.990129 0.039027 -0.048445 3.52471 7 2712
-0.0368109 -0.0126925 -0.00263903 -0.046332 0.136913 0.989499 0.039027 -0.0676723 3.47363 7 2713
-0.0373729 -0.0107854 -0.00316982 -0.0497154 0.137679 0.989228 0.039027 -0.0813107 3.42255 7 2714
-0.037852 -0.00885772 -0.00344537 -0.0531365 0.13533 0.989375 0.039027 -0.0883967 3.37147 7 2715
-0.0382543 -0.00691331 -0.0034523 -0.0558411 0.129974 0.989944 0.039027 -0.088575 3.32038 7 2716
-0.0385754 -0.00495331 -0.00324184 -0.0572272 0.121207 0.990976 0.039027 -0.0831625 3.2693 7 2717
-0.0388002 -0.00297886 -0.00296326 -0.0574229 0.109116 0.992369 0.039027 -0.0760017 3.21822 7 2718
-0.0389177 -0.000994228 -0.00274456 -0.0566592 0.0947984 0.993883 0.039027 -0.0703828 3.16713 7 2719
-0.0389306 0.000994559 -0.00255391 -0.0548007 0.0785817 0.9954 0.039027 -0.0654864 3.11605 7 2720
-0.0388402 0.00298194 -0.00237776 -0.0516072 0.0612674 0.996786 0.039027 -0.0609637 3.06497 7 2721
-0.038649 0.00496276 -0.00217525 -0.0474595 0.0432125 0.997938 0.039027 -0.055766 3.01389 7 2722
-0.0383537 0.00693127 -0.00201363 -0.042604 0.0248187 0.998784 0.039027 -0.0516187 2.9628 7 2723
-0.0379545 0.00888169 -0.00191853 -0.0368244 0.00606892 0.999303 0.039027 -0.0491789 2.91172 7 2724
-0.0374626 0.0108113 -0.00166701 -0.0306059 -0.0127467 0.99945 0.039027 -0.0427274 2.86064 7 2725
-0.0368746 0.0127145 -0.00130833 -0.0242101 -0.030345 0.999246 0.039027 -0.03353 2.80955 7 2726
-0.0361899 0.0145858 -0.000807378 -0.0178968 -0.0464396 0.998761 0.039027 -0.0206892 2.75847 7 2727
-0.0354041 0.0164175 -0.000351592 -0.0124481 -0.0611456 0.998051 0.039027 -0.00900907 2.70739 7 2728
-0.034521 0.0182046 -3.89679e-05 -0.00814365 -0.0738533 0.997236 0.039027 -0.000998486 2.65631 7 2729
-0.033546 0.0199432 0.000204697 -0.00448806 -0.0845645 0.996408 0.039027 0.00524502 2.60522 7 2730
-0.032482 0.0216289 0.000466862 -0.0032001 -0.0932979 0.995633 0.039027 0.0119628 2.55414 7 2731
-0.0313289 0.0232545 0.000913589 -0.00331298 -0.100114 0.99497 0.039027 0.0234113 2.50306 7 2732
-0.0300901 0.0248152 0.00137785 -0.005253 -0.105353 0.994421 0.039027 0.0353124 2.45197 7 2733
-0.0287735 0.0263098 0.0017286 -0.00905217 -0.10856 0.994049 0.039027 0.044307 2.40089 7 2734
-0.0273844 0.0277363 0.00197431 -0.0147896 -0.110222 0.993797 0.039027 0.0506099 2.34981 7 2735
-0.0259236 0.0290886 0.00221932 -0.0212467 -0.110358 0.993665 0.039027 0.0568971 2.29873 7 2736
-0.0243956 0.0303632 0.00245735 -0.0289721 -0.109047 0.993614 0.039027 0.0630071 2.24764 7 2737
-0.0228089 0.0315629 0.00257789 -0.0372521 -0.106751 0.993588 0.039027 0.0661021 2.19656 7 2738
-0.0211616 0.0326773 0.00273573 -0.0459837 -0.103136 0.993604 0.039027 0.0701559 2.14548 7 2739
-0.0194523 0.0336924 0.00308834 -0.0545402 -0.0986375 0.993628 0.039027 0.0792162 2.0944 7 2740
-0.0176922 0.0346136 0.00346264 -0.0621055 -0.0929025 0.993736 0.039027 0.0888409 2.04331 7 2741
-0.0158916 0.0354491 0.00373148 -0.0685792 -0.0865193 0.993887 0.039027 0.095759 1.99223 7 2742
-0.0140517 0.036191 0.00398346 -0.0736765 -0.0795277 0.994106 0.039027 0.102247 1.94115 7 2743
-0.0121747 0.0368287 0.00430472 -0.0778877 -0.07235 0.994333 0.039027 0.110526 1.89006 7 2744
-0.0102645 0.037352 0.00475113 -0.0802346 -0.0648751 0.994663 0.039027 0.122042 1.83898 7 2745
-0.00833003 0.0377645 0.00524969 -0.0794161 -0.0569101 0.995216 0.039027 0.134923 1.7879 7 2746
-0.00637885 0.0380688 0.00576077 -0.0752547 -0.0497788 0.995921 0.039027 0.148151 1.73682 7 2747
-0.00442037 0.0382898 0.00612032 -0.0667921 -0.0424682 0.996863 0.039027 0.157473 1.68573 7 2748
-0.00246029 0.0384779 0.0060422 -0.0542087 -0.035894 0.997884 0.039027 0.155446 1.63465 7 2749
-0.00049308 0.0386081 0.00568111 -0.0356272 -0.0297869 0.998921 0.039027 0.146088 1.58357 7 2750
0.00148095 0.0386361 0.00530739 -0.0119626 -0.0244137 0.99963 0.039027 0.136415 1.53248 7 2751
0.00346062 0.0386084 0.00453033 0.0149353 -0.0188328 0.999711 0.039027 0.116344 1.4814 7 2752
0.00544677 0.0385178 0.00313289 0.0433791 -0.0150493 0.998945 0.039027 0.0803614 1.43032 7 2753
0.00742662 0.0382937 0.00124412 0.0706105 -0.0110321 0.997443 0.039027 0.0318838 1.37924 7 2754
0.00937699 0.0378837 -2.03137e-05 0.0949209 -0.00750198 0.995457 0.039027 -0.000520504 1.32815 7 2755
0.011298 0.0373519 -0.000544368 0.115831 -0.00463984 0.993258 0.039027 -0.0139489 1.27707 7 2756
0.013185 0.0367109 -0.00125443 0.131829 -0.00200936 0.99127 0.039027 -0.0321482 1.22599 7 2757
0.0150293 0.0359587 -0.00204896 0.140994 -0.00165411 0.990009 0.039027 -0.0525253 1.1749 7 2758
0.0168348 0.0351215 -0.00248537 0.143076 -0.00255661 0.989708 0.039027 -0.0637265 1.12382 7 2759
0.0185975 0.0342002 -0.00275398 0.13781 -0.00608213 0.99044 0.039027 -0.0706247 1.07274 7 2760
0.0203126 0.0331948 -0.00293412 0.125523 -0.010293 0.992037 0.039027 -0.0752528 1.02166 7 2761
0.0219885 0.0321251 -0.00275443 0.108904 -0.0155986 0.99393 0.039027 -0.0706363 0.970573 7 2762
0.0236198 0.0309862 -0.00225098 0.0893357 -0.0213107 0.995774 0.039027 -0.0577095 0.919491 7 2763
0.0251897 0.0297618 -0.0016796 0.0706871 -0.0270599 0.997131 0.039027 -0.0430503 0.868408 7 2764
0.0266867 0.0284475 -0.00129166 0.0527315 -0.0325704 0.998077 0.039027 -0.0331026 0.817325 7 2765
0.0281059 0.0270492 -0.00122573 0.0347219 -0.0369594 0.998713 0.039027 -0.0314125 0.766242 7 2766
0.0294463 0.0255753 -0.00138726 0.0177601 -0.0400631 0.999039 0.039027 -0.0355536 0.715159 7 2767
0.0307083 0.0240341 -0.00157142 0.00122275 -0.0421063 0.999112 0.039027 -0.0402759 0.664076 7 2768
0.031889 0.0224302 -0.00175534 -0.0146034 -0.043154 0.998962 0.039027 -0.0449928 0.612994 7 2769
0.0329867 0.0207689 -0.0019072 -0.0302707 -0.042925 0.99862 0.039027 -0.0488883 0.561911 7 2770
0.0340091 0.0190603 -0.00178726 -0.0452124 -0.0408759 0.998141 0.039027 -0.0458115 0.510828 7 2771
0.034947 0.0173034 -0.00155155 -0.0600568 -0.0373506 0.997496 0.039027 -0.0397662 0.459745 7 2772
0.0357905 0.0154988 -0.00139124 -0.0740302 -0.0318741 0.996746 0.039027 -0.0356557 0.408662 7 2773
0.0365281 0.0136484 -0.00158835 -0.0871229 -0.0250794 0.995882 0.039027 -0.0407101 0.35758 7 2774
0.0371737 0.0117643 -0.00167924 -0.0995551 -0.0165698 0.994894 0.039027 -0.043041 0.306497 7 2775
0.0377407 0.00985474 -0.00127623 -0.111131 -0.00655881 0.993784 0.039027 -0.0327071 0.255414 7 2776
0.0382095 0.0079179 -0.000668649 -0.121963 0.00498506 0.992522 0.039027 -0.0171338 0.204331 7 2777
0.0385691 0.00595736 -0.000207924 -0.131792 0.0174164 0.991124 0.039027 -0.00532772 0.153248 7 2778
0.0388232 0.00398025 0.000151886 -0.141085 0.0301225 0.989539 0.039027 0.00389183 0.102166 7 2779
0.0389738 0.00199263 0.000420373 -0.149701 0.0427018 0.987809 0.039027 0.0107716 0.0510828 7 2780
0.0370267 0 0.000147687 -0.157237 0.0544204 0.98606 0.037027 0.00398864 0 7 2781
0.0350253 0 -0.000346376 -0.163406 0.0649488 0.984419 0.035027 -0.009889 0 7 2782
0.0330167 0 -0.000823901 -0.167698 0.0743267 0.983033 0.033027 -0.0249489 0 7 2783
0.0310019 0 -0.00124811 -0.169583 0.0829303 0.98202 0.031027 -0.0402375 0 7 2784
0.0289826 0 -0.00160539 -0.169582 0.0907499 0.981329 0.029027 -0.0553351 0 7 2785
0.026959 0 -0.00191653 -0.167924 0.0979798 0.980919 0.027027 -0.0709714 0 7 2786
0.0249349 0 -0.00214501 -0.1646 0.104836 0.980773 0.025027 -0.0858132 0 7 2787
0.0229116 0 -0.00230263 -0.159229 0.111026 0.980979 0.023027 -0.100164 0 7 2788
0.0208901 0 -0.00239562 -0.151383 0.116509 0.981585 0.021027 -0.114179 0 7 2789
0.0188705 0 -0.00243513 -0.141173 0.121426 0.98251 0.019027 -0.128335 0 8 2790
0.018658 0.00163236 -0.00335277 -0.131465 0.124589 0.98346 0.019027 -0.177136 0.0872665 8 2791
0.0184657 0.00325599 -0.00323177 -0.122123 0.125875 0.984501 0.019027 -0.170679 0.174533 8 2792
0.018056 0.00483809 -0.00354968 -0.112936 0.12483 0.98573 0.019027 -0.187659 0.261799 8 2793
0.0175031 0.0063706 -0.00388383 -0.103972 0.122352 0.987026 0.019027 -0.205567 0.349066 8 2794
0.0166326 0.0077559 -0.00502291 -0.0934501 0.117616 0.988652 0.019027 -0.267155 0.436332 8 2795
0.016129 0.0093121 -0.00389434 -0.0819611 0.11144 0.990386 0.019027 -0.206131 0.523599 8 2796
0.0152268 0.0106619 -0.00406125 -0.0692117 0.103147 0.992255 0.019027 -0.215102 0.610865 8 2797
0.0141212 0.0118491 -0.00471367 -0.0555626 0.0940671 0.994014 0.019027 -0.250342 0.698132 8 2798
0.0132316 0.0132316 -0.00344641 -0.0398747 0.08231 0.995809 0.019027 -0.182138 0.785398 8 2799
0.0118971 0.0141784 -0.00441142 -0.0216908 0.0685671 0.997411 0.019027 -0.233979 0.872665 8 2800
0.0106442 0.0152015 -0.00420014 -0.00197835 0.0531899 0.998582 0.019027 -0.222579 0.959931 8 2801
0.00933501 0.0161687 -0.00366833 0.0189221 0.0359713 0.999174 0.019027 -0.194011 1.0472 8 2802
0.00795232 0.0170538 -0.0028205 0.0421386 0.0157131 0.998988 0.019027 -0.148785 1.13446 8 2803
0.00647771 0.0177974 -0.00182211 0.0660953 -0.00590448 0.997796 0.019027 -0.0959113 1.22173 8 2804
0.00164588 0.0188125 0.00232501 0.0813526 -0.0327131 0.996148 0.019027 0.122502 1.48353 8 2805
1.1523e-18 0.0188184 0.00280959 0.0887281 -0.0577135 0.994382 0.019027 0.148206 1.5708 8 2806
-0.00163173 0.0186508 0.00339314 0.0885394 -0.0811052 0.992765 0.019027 0.179292 1.65806 8 2807
-0.00323566 0.0183503 0.00384993 0.0828838 -0.102877 0.991235 0.019027 0.203747 1.74533 8 2808
-0.0048496 0.018099 0.00330684 0.0699596 -0.122734 0.989971 0.019027 0.174685 1.8326 8 2809
-0.00643851 0.0176897 0.0027654 0.0564907 -0.140665 0.988444 0.019027 0.145858 1.91986 8 2810
-0.00797119 0.0170943 0.00250451 0.0424602 -0.156216 0.98681 0.019027 0.132012 2.00713 8 2811
-0.00946395 0.016392 0.00193944 0.027061 -0.169573 0.985146 0.019027 0.102108 2.0944 8 2812
-0.0108829 0.0155424 0.00142205 0.0120755 -0.180978 0.983413 0.019027 0.0748082 2.18166 8 2813
-0.0122188 0.0145618 0.00082498 -0.00129692 -0.189771 0.981827 0.019027 0.043372 2.26893 8 2814
-0.0134541 0.0134541 3.74955e-05 -0.0127836 -0.196071 0.980506 0.019027 0.00197065 2.35619 8 2815
-0.0145656 0.012222 -0.000702472 -0.0221397 -0.199714 0.979604 0.019027 -0.0369281 2.44346 8 2816
-0.0155552 0.0108919 -0.00119583 -0.0296096 -0.200805 0.979184 0.019027 -0.0628904 2.53073 8 2817
-0.0164034 0.00947053 -0.00180633 -0.035073 -0.198885 0.979395 0.019027 -0.0950784 2.61799 8 2818
-0.0171238 0.00798495 -0.00224581 -0.0393268 -0.193739 0.980265 0.019027 -0.118309 2.70526 8 2819
-0.0176906 0.00643886 -0.00275855 -0.0425201 -0.186226 0.981586 0.019027 -0.145494 2.79253 8 2820
-0.0181824 0.00487197 -0.00277298 -0.0444724 -0.176364 0.98332 0.019027 -0.14626 2.87979 8 2821
-0.0185394 0.003269 -0.00276228 -0.0456256 -0.1649 0.985254 0.019027 -0.145692 2.96706 8 2822
-0.018722 0.00163796 -0.00297159 -0.0460958 -0.151297 0.987413 0.019027 -0.156819 3.05433 8 2823
-0.0188009 2.30245e-18 -0.00292419 -0.0461494 -0.136971 0.989499 0.019027 -0.154298 3.14159 8 2824
-0.0187324 -0.00163888 -0.00290459 -0.0458005 -0.12143 0.991543 0.019027 -0.153255 3.22886 8 2825
-0.0185351 -0.00326824 -0.00279198 -0.0451416 -0.105408 0.993404 0.019027 -0.147269 3.31613 8 2826
-0.0182429 -0.00488816 -0.00230882 -0.0440569 -0.0891341 0.995045 0.019027 -0.121644 3.40339 8 2827
-0.0177905 -0.0064752 -0.00189684 -0.0430158 -0.0730734 0.996398 0.019027 -0.099858 3.49066 8 2828
-0.0171958 -0.00801852 -0.00142655 -0.0416666 -0.0571454 0.997496 0.019027 -0.0750453 3.57792 8 2829
-0.0164553 -0.00950045 -0.000996253 -0.0406432 -0.0413556 0.998318 0.019027 -0.0523839 3.66519 8 2830
-0.0155655 -0.0108991 -0.000974744 -0.0397513 -0.0262877 0.998864 0.019027 -0.051252 3.75246 8 2831
-0.0145632 -0.0122199 -0.000783771 -0.0395206 -0.0119472 0.999147 0.019027 -0.0412042 3.83972 8 2832
-0.0134447 -0.0134447 -0.000711826 -0.0401856 0.00152514 0.999191 0.019027 -0.0374201 3.92699 8 2833
-0.0122246 -0.0145687 -0.00058054 -0.0415866 0.0140933 0.999036 0.019027 -0.0305161 4.01426 8 2834
-0.0109111 -0.0155827 -0.00039426 -0.0436593 0.0255053 0.998721 0.019027 -0.0207226 4.10152 8 2835
-0.00951307 -0.0164771 -0.00018004 -0.0464534 0.0362702 0.998262 0.019027 -0.00946247 4.18879 8 2836
-0.00804096 -0.0172439 0.000131821 -0.0495184 0.0462433 0.997702 0.019027 0.00692815 4.27606 8 2837
-0.00650627 -0.0178758 0.000386385 -0.0520459 0.0558467 0.997082 0.019027 0.0203086 4.36332 8 2838
-0.00492171 -0.0183681 0.000645964 -0.0542314 0.064459 0.996446 0.019027 0.0339564 4.45059 8 2839
-0.00330079 -0.0187197 0.000839487 -0.055488 0.0727272 0.995807 0.019027 0.0441352 4.53786 8 2840
-0.00165654 -0.0189343 0.00088054 -0.0554619 0.0803747 0.995221 0.019027 0.046295 4.62512 8 2841
-3.49138e-18 -0.0190062 0.000889655 -0.0542036 0.087781 0.994664 0.019027 0.0467746 4.71239 8 2842
0.00165629 -0.0189315 0.000938543 -0.0517635 0.0947257 0.994157 0.019027 0.049347 4.79966 8 2843
0.00329817 -0.0187049 0.00112997 -0.0483685 0.101236 0.993686 0.019027 0.0594226 4.88692 8 2844
0.00491758 -0.0183526 0.00101202 -0.0443943 0.1073 0.993235 0.019027 0.0532138 4.97419 8 2845
0.00650039 -0.0178597 0.000896665 -0.0404811 0.113245 0.992742 0.019027 0.0471434 5.06145 8 2846
0.0080333 -0.0172275 0.000840968 -0.0367004 0.118717 0.99225 0.019027 0.0442131 5.14872 8 2847
0.00950518 -0.0164635 0.000795248 -0.0335544 0.123735 0.991748 0.019027 0.0418079 5.23599 8 2848
0.0109092 -0.01558 0.000528561 -0.0306302 0.128164 0.99128 0.019027 0.0277831 5.32325 8 2849
0.0122303 -0.0145755 -1.56047e-05 -0.0282308 0.132541 0.990775 0.019027 -0.000820134 5.41052 8 2850
0.0134537 -0.0134537 0.000149915 -0.0265532 0.136528 0.99028 0.019027 0.00787913 5.49779 8 2851
0.014572 -0.0122273 -0.000421255 -0.0254833 0.140315 0.989779 0.019027 -0.0221417 5.58505 8 2852
0.0155721 -0.0109037 -0.000803123 -0.0247619 0.143863 0.989288 0.019027 -0.0422222 5.67232 8 2853
0.0164605 -0.0095035 -0.000872139 -0.0246879 0.14704 0.988822 0.019027 -0.045853 5.75959 8 2854
0.0172173 -0.00802856 -0.00106434 -0.024776 0.149918 0.988388 0.019027 -0.0559678 5.84685 8 2855
0.0178532 -0.00649803 -0.00103243 -0.0256146 0.152563 0.987962 0.019027 -0.054288 5.93412 8 2856
0.0183494 -0.00491671 -0.00107295 -0.0270855 0.155036 0.987537 0.019027 -0.0564208 6.02139 8 2857
0.0186513 -0.00328872 -0.0018277 -0.0287506 0.15731 0.987131 0.019027 -0.0962067 6.10865 8 2858
0.0188528 -0.00164941 -0.00196879 -0.0303795 0.158639 0.986869 0.019027 -0.103659 6.19592 8 2859
