-0.450851 -0.0420882 0.051746 2.15471 2.15519 0.0701793
-0.450863 -0.0401073 0.0517088 2.14347 2.16887 0.074518
-0.450897 -0.0381266 0.0516724 2.13199 2.18228 0.0782801
-0.450953 -0.0361464 0.0516368 2.12024 2.19538 0.08131
-0.451033 -0.034167 0.051602 2.10824 2.20817 0.0835471
-0.451135 -0.0321886 0.0515681 2.09599 2.22065 0.0850222
-0.45126 -0.0302115 0.0515351 2.08354 2.23287 0.085855
-0.451407 -0.028236 0.0515029 2.07094 2.24489 0.086251
-0.451577 -0.0262622 0.0514716 2.05823 2.25678 0.0863779
-0.45177 -0.0242905 0.0514411 2.04543 2.26856 0.0863671
-0.451985 -0.0223212 0.0514116 2.03257 2.28027 0.0863148
-0.452223 -0.0203544 0.0513831 2.01965 2.29193 0.086283
-0.452483 -0.0183904 0.0513553 2.00668 2.30354 0.0863012
-0.452766 -0.0164296 0.0513284 1.99367 2.3151 0.086367
-0.453071 -0.0144721 0.0513023 1.9806 2.32662 0.0864782
-0.453399 -0.0125183 0.0512771 1.96748 2.33808 0.0866328
-0.453749 -0.0105683 0.0512526 1.95431 2.34948 0.0868286
-0.454121 -0.00862239 0.0512291 1.94108 2.36084 0.0870636
-0.454516 -0.00668091 0.0512065 1.9278 2.37214 0.0873358
-0.454933 -0.00474406 0.0511848 1.91447 2.38338 0.0876434
-0.455372 -0.00281211 0.051164 1.90108 2.39457 0.0879846
-0.455833 -0.000885309 0.0511441 1.88764 2.40569 0.0883577
-0.456316 0.00103609 0.0511251 1.87415 2.41676 0.0887613
-0.456821 0.00295184 0.051107 1.86059 2.42777 0.089194
-0.457348 0.00486168 0.0510897 1.84699 2.43872 0.0896546
-0.457897 0.00676537 0.0510734 1.83332 2.4496 0.0901417
-0.458468 0.00866265 0.051058 1.8196 2.46043 0.0906541
-0.45906 0.0105533 0.0510435 1.80582 2.47118 0.0911906
-0.459674 0.012437 0.0510299 1.79199 2.48188 0.0917497
-0.46031 0.0143136 0.0510173 1.7781 2.4925 0.0923302
-0.460967 0.0161827 0.0510055 1.76415 2.50306 0.0929308
-0.461645 0.0180442 0.0509946 1.75015 2.51355 0.0935502
-0.462345 0.0198979 0.0509846 1.73608 2.52398 0.0941873
-0.463066 0.0217434 0.0509757 1.72197 2.53433 0.094841
-0.463808 0.0235805 0.0509676 1.70779 2.54461 0.0955104
-0.464571 0.025409 0.0509604 1.69356 2.55483 0.0961943
-0.465355 0.0272287 0.0509543 1.67927 2.56497 0.096892
-0.466159 0.0290392 0.050949 1.66492 2.57504 0.0976024
-0.466985 0.0308404 0.0509446 1.65052 2.58503 0.0983246
-0.467831 0.0326321 0.0509412 1.63606 2.59495 0.099058
-0.468697 0.0344139 0.0509386 1.62155 2.6048 0.0998021
-0.469584 0.0361857 0.050937 1.60697 2.61457 0.100556
-0.470491 0.0379472 0.0509363 1.59235 2.62427 0.10132
-0.471418 0.0396982 0.0509366 1.57767 2.63389 0.102094
-0.472365 0.0414385 0.0509377 1.56293 2.64344 0.102878
-0.473332 0.0431678 0.0509398 1.54814 2.65291 0.103671
-0.474319 0.044886 0.0509428 1.53329 2.6623 0.104473
-0.475325 0.0465927 0.0509468 1.51839 2.67162 0.105283
-0.476351 0.0482877 0.0509516 1.50344 2.68085 0.106101
-0.477396 0.0499709 0.0509574 1.48843 2.69001 0.106925
-0.47846 0.051642 0.050964 1.47336 2.69909 0.107756
-0.479544 0.0533008 0.0509717 1.45825 2.70809 0.108592
-0.480646 0.0549471 0.0509802 1.44308 2.71701 0.109432
-0.481768 0.0565807 0.0509897 1.42786 2.72584 0.110277
-0.482907 0.0582012 0.0510001 1.41259 2.7346 0.111125
-0.484066 0.0598087 0.0510114 1.39726 2.74327 0.111976
-0.485242 0.0614027 0.0510236 1.38188 2.75186 0.112829
-0.486437 0.0629831 0.0510367 1.36646 2.76037 0.113685
-0.48765 0.0645498 0.0510508 1.35098 2.76879 0.114544
-0.488881 0.0661024 0.0510657 1.33545 2.77713 0.115404
-0.490129 0.0676409 0.0510815 1.31987 2.78539 0.116266
-0.491395 0.0691649 0.0510983 1.30424 2.79356 0.11713
-0.492678 0.0706743 0.051116 1.28856 2.80165 0.117995
-0.493979 0.0721689 0.0511346 1.27283 2.80965 0.118863
-0.495297 0.0736485 0.0511541 1.25706 2.81757 0.119732
-0.496631 0.0751129 0.0511745 1.24124 2.8254 0.120603
-0.497982 0.076562 0.0511957 1.22537 2.83315 0.121475
-0.49935 0.0779954 0.0512178 1.20945 2.84081 0.122348
-0.500734 0.0794131 0.0512409 1.19348 2.84838 0.123221
-0.502134 0.0808148 0.0512648 1.17747 2.85586 0.124094
-0.50355 0.0822003 0.0512897 1.16142 2.86326 0.124967
-0.504982 0.0835696 0.0513154 1.14532 2.87057 0.125839
-0.506429 0.0849223 0.051342 1.12917 2.87779 0.12671
-0.507892 0.0862584 0.0513694 1.11298 2.88492 0.12758
-0.50937 0.0875776 0.0513977 1.09674 2.89196 0.128448
-0.510863 0.0888797 0.0514268 1.08046 2.89891 0.129316
-0.512371 0.0901647 0.0514568 1.06414 2.90577 0.130182
-0.513893 0.0914323 0.0514876 1.04777 2.91255 0.131047
-0.51543 0.0926824 0.0515193 1.03137 2.91923 0.13191
-0.516981 0.0939147 0.0515519 1.01492 2.92582 0.132772
-0.518546 0.0951292 0.0515853 0.998425 2.93231 0.133632
-0.520125 0.0963257 0.0516196 0.981893 2.93872 0.13449
-0.521717 0.097504 0.0516547 0.965321 2.94504 0.135345
-0.523323 0.0986639 0.0516907 0.948709 2.95126 0.136198
-0.524942 0.0998054 0.0517275 0.932058 2.95739 0.137049
-0.526574 0.100928 0.0517652 0.915368 2.96343 0.137897
-0.528219 0.102032 0.0518036 0.89864 2.96938 0.138743
-0.529876 0.103117 0.0518429 0.881874 2.97523 0.139587
-0.531546 0.104183 0.0518829 0.86507 2.98099 0.140427
-0.533228 0.10523 0.0519237 0.848229 2.98666 0.141265
-0.534921 0.106258 0.0519652 0.831352 2.99223 0.1421
-0.536626 0.107266 0.0520076 0.814439 2.9977 0.142933
-0.538343 0.108254 0.0520508 0.797491 3.00309 0.143762
-0.540071 0.109223 0.0520947 0.780508 3.00837 0.144588
-0.54181 0.110171 0.0521395 0.76349 3.01357 0.145411
-0.543559 0.1111 0.0521851 0.746439 3.01866 0.146231
-0.545319 0.112009 0.0522314 0.729354 3.02367 0.147048
-0.54709 0.112897 0.0522785 0.712237 3.02857 0.147861
-0.54887 0.113765 0.0523262 0.695087 3.03339 0.14867
-0.55066 0.114613 0.0523747 0.677906 3.0381 0.149475
-0.55246 0.11544 0.0524239 0.660694 3.04272 0.150276
-0.554269 0.116246 0.0524739 0.643451 3.04725 0.151073
-0.556088 0.117032 0.0525246 0.626177 3.05168 0.151866
-0.557915 0.117796 0.052576 0.608874 3.05601 0.152656
-0.55975 0.11854 0.0526281 0.591542 3.06024 0.153442
-0.561595 0.119262 0.0526809 0.574181 3.06438 0.154224
-0.563447 0.119963 0.0527344 0.556792 3.06841 0.155003
-0.565307 0.120643 0.0527886 0.539375 3.07235 0.155779
-0.567175 0.121302 0.0528436 0.521932 3.07619 0.15655
-0.56905 0.121939 0.0528992 0.504462 3.07994 0.157317
-0.570933 0.122555 0.0529554 0.486966 3.08358 0.15808
-0.572822 0.123149 0.0530123 0.469444 3.08713 0.158838
-0.574718 0.123721 0.0530699 0.451898 3.09058 0.159592
-0.57662 0.124271 0.0531281 0.434327 3.09393 0.160341
-0.578529 0.1248 0.0531869 0.416733 3.09718 0.161085
-0.580443 0.125307 0.0532464 0.399116 3.10033 0.161825
-0.582364 0.125791 0.0533066 0.381475 3.10338 0.162561
-0.584289 0.126254 0.0533673 0.363813 3.10633 0.163292
-0.58622 0.126695 0.0534287 0.346129 3.10918 0.164019
-0.588156 0.127113 0.0534905 0.328424 3.11193 0.164741
-0.590096 0.127509 0.053553 0.310699 3.11458 0.165457
-0.592041 0.127883 0.0536161 0.292954 3.11713 0.166169
-0.593989 0.128235 0.0536797 0.275189 3.11958 0.166875
-0.595942 0.128564 0.0537439 0.257406 3.12193 0.167577
-0.597898 0.12887 0.0538087 0.239604 3.12418 0.168275
-0.599858 0.129155 0.053874 0.221785 3.12632 0.168968
-0.601821 0.129417 0.0539399 0.203949 3.12837 0.169657
-0.603787 0.129656 0.0540062 0.186096 3.13031 0.170341
-0.605755 0.129873 0.0540731 0.168227 3.13215 0.171021
-0.607726 0.130067 0.0541405 -0.150287 -3.1327 -0.171631
-0.609698 0.130238 0.0542084 -0.132322 -3.13262 -0.172206
-0.611673 0.130387 0.0542769 -0.114363 -3.13243 -0.172776
-0.613649 0.130513 0.0543458 -0.0964095 -3.13213 -0.173339
-0.615626 0.130617 0.0544152 -0.0784631 -3.13174 -0.173896
-0.617605 0.130697 0.0544851 -0.0605241 -3.13124 -0.174447
-0.619584 0.130756 0.0545554 -0.0425929 -3.13065 -0.174992
-0.621564 0.130791 0.0546262 -0.0246701 -3.12994 -0.175531
-0.623544 0.130804 0.0546974 -0.00675626 -3.12914 -0.176064
-0.625524 0.130794 0.054769 0.011148 -3.12824 -0.176591
-0.627503 0.130761 0.0548411 0.0290422 -3.12723 -0.177111
-0.629483 0.130706 0.0549136 0.0469257 -3.12612 -0.177624
-0.631461 0.130627 0.0549864 0.064798 -3.12491 -0.178131
-0.633438 0.130527 0.0550596 0.0826584 -3.12359 -0.178631
-0.635415 0.130403 0.0551332 0.100506 -3.12218 -0.179124
-0.637389 0.130257 0.0552072 0.118341 -3.12066 -0.179612
-0.639362 0.130088 0.0552816 0.136163 -3.11905 -0.180093
-0.641332 0.129897 0.0553564 0.15397 -3.11733 -0.180568
-0.643301 0.129683 0.0554315 0.171763 -3.11551 -0.181037
-0.645266 0.129446 0.0555069 0.18954 -3.11359 -0.181501
-0.647229 0.129187 0.0555827 0.207302 -3.11157 -0.18196
-0.649189 0.128906 0.0556587 0.225047 -3.10945 -0.182412
-0.651145 0.128602 0.0557351 0.242775 -3.10723 -0.182859
-0.653098 0.128275 0.0558118 0.260485 -3.10491 -0.183301
-0.655047 0.127926 0.0558888 0.278178 -3.10249 -0.183737
-0.656992 0.127555 0.0559661 0.295852 -3.09997 -0.184167
-0.658932 0.127161 0.0560436 0.313506 -3.09736 -0.184591
-0.660868 0.126746 0.0561214 0.331142 -3.09464 -0.185009
-0.662798 0.126308 0.0561993 0.348757 -3.09183 -0.185422
-0.664724 0.125848 0.0562774 0.366351 -3.08892 -0.185828
-0.666644 0.125366 0.0563558 0.383924 -3.0859 -0.186228
-0.668559 0.124862 0.0564344 0.401475 -3.08279 -0.186622
-0.670467 0.124336 0.0565133 0.419004 -3.07959 -0.18701
-0.67237 0.123788 0.0565924 0.436509 -3.07628 -0.18739
-0.674266 0.123218 0.0566718 0.453992 -3.07287 -0.187765
-0.676155 0.122627 0.0567513 0.47145 -3.06937 -0.188132
-0.678037 0.122014 0.056831 0.488884 -3.06577 -0.188492
-0.679912 0.121379 0.0569107 0.506293 -3.06206 -0.188847
-0.68178 0.120723 0.0569906 0.523676 -3.05827 -0.189194
-0.68364 0.120046 0.0570706 0.541033 -3.05437 -0.189535
-0.685493 0.119347 0.0571505 0.558364 -3.05038 -0.18987
-0.687337 0.118627 0.0572305 0.575667 -3.04628 -0.190199
-0.689173 0.117886 0.0573107 0.592942 -3.0421 -0.190521
-0.691 0.117124 0.0573909 0.610189 -3.03781 -0.190837
-0.692818 0.116341 0.0574713 0.627407 -3.03343 -0.191146
-0.694627 0.115537 0.0575518 0.644596 -3.02895 -0.19145
-0.696427 0.114713 0.0576325 0.661755 -3.02438 -0.191746
-0.698217 0.113867 0.0577133 0.678884 -3.01971 -0.192036
-0.699998 0.113002 0.057794 0.695982 -3.01494 -0.19232
-0.701768 0.112116 0.0578746 0.713049 -3.01008 -0.192598
-0.703528 0.11121 0.0579551 0.730084 -3.00513 -0.192869
-0.705278 0.110283 0.0580356 0.747086 -3.00008 -0.193134
-0.707017 0.109337 0.0581161 0.764055 -2.99494 -0.193393
-0.708744 0.108371 0.0581967 0.780991 -2.9897 -0.193646
-0.710461 0.107385 0.0582773 0.797893 -2.98437 -0.193892
-0.712166 0.106379 0.058358 0.814761 -2.97894 -0.194132
-0.71386 0.105354 0.0584387 0.831593 -2.97342 -0.194365
-0.715541 0.104309 0.0585194 0.848391 -2.96781 -0.194592
-0.717211 0.103246 0.0585999 0.865152 -2.9621 -0.194811
-0.718868 0.102163 0.0586804 0.881877 -2.9563 -0.195025
-0.720513 0.101061 0.0587607 0.898564 -2.95041 -0.195231
-0.722145 0.0999403 0.0588409 0.915214 -2.94443 -0.195431
-0.723764 0.0988011 0.058921 0.931826 -2.93835 -0.195624
-0.72537 0.0976433 0.0590009 0.9484 -2.93218 -0.195812
-0.726962 0.0964672 0.0590806 0.964934 -2.92591 -0.195993
-0.728541 0.0952729 0.0591602 0.981429 -2.91956 -0.196167
-0.730106 0.0940606 0.0592396 0.997884 -2.91311 -0.196336
-0.731658 0.0928303 0.0593188 1.0143 -2.90657 -0.196498
-0.733194 0.0915824 0.0593979 1.03067 -2.89995 -0.196653
-0.734717 0.0903169 0.0594768 1.047 -2.89323 -0.196802
-0.736225 0.089034 0.0595556 1.06329 -2.88642 -0.196944
-0.737718 0.0877338 0.0596342 1.07954 -2.87952 -0.197079
-0.739196 0.0864166 0.0597126 1.09575 -2.87253 -0.197209
-0.740658 0.0850826 0.0597907 1.11191 -2.86546 -0.197332
-0.742106 0.0837318 0.0598686 1.12803 -2.85829 -0.197448
-0.743538 0.0823645 0.0599462 1.1441 -2.85104 -0.197559
-0.744954 0.0809809 0.0600235 1.16013 -2.8437 -0.197663
-0.746354 0.0795811 0.0601006 1.17612 -2.83627 -0.197761
-0.747738 0.0781654 0.0601774 1.19206 -2.82875 -0.197853
-0.749105 0.0767338 0.0602539 1.20795 -2.82115 -0.197939
-0.750457 0.0752866 0.0603301 1.2238 -2.81346 -0.198018
-0.751791 0.0738241 0.0604059 1.2396 -2.80568 -0.19809
-0.753109 0.0723463 0.0604815 1.25535 -2.79782 -0.198157
-0.754409 0.0708534 0.0605567 1.27106 -2.78987 -0.198217
-0.755692 0.0693458 0.0606316 1.28671 -2.78184 -0.198271
-0.756958 0.0678235 0.0607062 1.30232 -2.77372 -0.198318
-0.758207 0.0662867 0.0607804 1.31788 -2.76552 -0.19836
-0.759437 0.0647358 0.0608543 1.33339 -2.75723 -0.198395
-0.76065 0.0631708 0.0609277 1.34885 -2.74885 -0.198424
-0.761845 0.061592 0.0610008 1.36426 -2.74039 -0.198446
-0.763022 0.0599995 0.0610734 1.37962 -2.73185 -0.198462
-0.76418 0.0583937 0.0611457 1.39493 -2.72323 -0.198471
-0.76532 0.0567747 0.0612175 1.41018 -2.71452 -0.198474
-0.766441 0.0551427 0.0612889 1.42538 -2.70572 -0.19847
-0.767544 0.0534979 0.06136 1.44053 -2.69685 -0.198459
-0.768627 0.0518406 0.0614306 1.45563 -2.68789 -0.198442
-0.769691 0.0501709 0.0615007 1.47068 -2.67885 -0.198419
-0.770737 0.0484892 0.0615704 1.48567 -2.66972 -0.19839
-0.771762 0.0467955 0.0616395 1.5006 -2.66052 -0.198354
-0.772769 0.0450902 0.0617081 1.51548 -2.65123 -0.198312
-0.773756 0.0433734 0.0617762 1.53031 -2.64187 -0.198264
-0.774722 0.0416454 0.0618438 1.54508 -2.63242 -0.198209
-0.77567 0.0399064 0.0619109 1.55979 -2.62289 -0.198149
-0.776597 0.0381567 0.0619775 1.57445 -2.61329 -0.198082
-0.777504 0.0363964 0.0620436 1.58905 -2.6036 -0.198008
-0.77839 0.0346258 0.0621092 1.60359 -2.59384 -0.197929
-0.779257 0.0328452 0.0621743 1.61808 -2.58399 -0.197843
-0.780103 0.0310547 0.0622388 1.63251 -2.57407 -0.19775
-0.780928 0.0292546 0.0623028 1.64688 -2.56407 -0.197651
-0.781733 0.0274451 0.0623661 1.66119 -2.554 -0.197546
-0.782517 0.0256266 0.0624289 1.67544 -2.54384 -0.197434
-0.78328 0.0237991 0.0624911 1.68963 -2.53361 -0.197316
-0.784022 0.021963 0.0625527 1.70377 -2.5233 -0.197191
-0.784742 0.0201185 0.0626137 1.71784 -2.51292 -0.19706
-0.785442 0.0182658 0.0626741 1.73185 -2.50246 -0.196922
-0.786121 0.0164052 0.0627339 1.7458 -2.49192 -0.196778
-0.786778 0.014537 0.0627931 1.75969 -2.48131 -0.196627
-0.787413 0.0126613 0.0628516 1.77352 -2.47063 -0.196471
-0.788027 0.0107784 0.0629095 1.78728 -2.45987 -0.196308
-0.78862 0.00888856 0.0629668 1.80098 -2.44903 -0.196139
-0.78919 0.00699207 0.0630234 1.81462 -2.43812 -0.195965
-0.789739 0.00508913 0.0630793 1.8282 -2.42714 -0.195785
-0.790266 0.00318001 0.0631345 1.84171 -2.41609 -0.195599
-0.790771 0.00126495 0.0631891 1.85516 -2.40496 -0.195407
-0.791255 -0.000655785 0.063243 1.86854 -2.39376 -0.195209
-0.791716 -0.00258196 0.0632961 1.88186 -2.38249 -0.195005
-0.792155 -0.00451331 0.0633486 1.89511 -2.37115 -0.194795
-0.792571 -0.00644958 0.0634004 1.9083 -2.35974 -0.194579
-0.792966 -0.00839052 0.0634515 1.92142 -2.34825 -0.194357
-0.793338 -0.0103359 0.0635018 1.93447 -2.3367 -0.194128
-0.793689 -0.0122854 0.0635514 1.94746 -2.32507 -0.193893
-0.794016 -0.0142388 0.0636003 1.96038 -2.31338 -0.193653
-0.794321 -0.0161959 0.0636484 1.97324 -2.30161 -0.193406
-0.794604 -0.0181563 0.0636958 1.98602 -2.28978 -0.193153
-0.794865 -0.0201199 0.0637425 1.99874 -2.27788 -0.192893
-0.795102 -0.0220864 0.0637884 2.01139 -2.26592 -0.192628
-0.795318 -0.0240554 0.0638336 2.02398 -2.25388 -0.192356
-0.79551 -0.0260269 0.0638779 2.03649 -2.24178 -0.192078
-0.79568 -0.0280004 0.0639215 2.04893 -2.22961 -0.191794
-0.795828 -0.0299757 0.0639643 2.06131 -2.21738 -0.191504
-0.795953 -0.0319527 0.0640062 2.07361 -2.20508 -0.191208
-0.796055 -0.0339309 0.0640474 2.08585 -2.19271 -0.190908
-0.796134 -0.0359102 0.0640878 2.09801 -2.18028 -0.190602
-0.796191 -0.0378903 0.0641274 2.1101 -2.16778 -0.19029
-0.796225 -0.039871 0.0641662 2.12212 -2.15522 -0.189973
-0.796236 -0.0418519 0.0642042 2.13407 -2.14259 -0.18965
-0.796225 -0.0438328 0.0642414 2.14595 -2.1299 -0.189321
-0.796191 -0.0458135 0.0642777 2.15775 -2.11715 -0.188985
-0.796134 -0.0477937 0.0643132 2.16948 -2.10434 -0.188643
-0.796055 -0.0497731 0.064348 2.18114 -2.09146 -0.188294
-0.795953 -0.0517515 0.0643818 2.19273 -2.07852 -0.187938
-0.795828 -0.0537286 0.0644149 2.20425 -2.06552 -0.187577
-0.79568 -0.0557041 0.0644471 2.21569 -2.05246 -0.18721
-0.79551 -0.0576779 0.0644784 2.22705 -2.03934 -0.186838
-0.795318 -0.0596496 0.0645088 2.23834 -2.02616 -0.18646
-0.795102 -0.0616189 0.0645384 2.24956 -2.01291 -0.186077
-0.794865 -0.0635857 0.0645671 2.2607 -1.99961 -0.185689
-0.794604 -0.0655497 0.0645949 2.27177 -1.98625 -0.185296
-0.794321 -0.0675105 0.0646219 2.28276 -1.97283 -0.184896
-0.794016 -0.069468 0.064648 2.29367 -1.95935 -0.184492
-0.793689 -0.0714219 0.0646733 2.30451 -1.94582 -0.184081
-0.793338 -0.0733719 0.0646976 2.31528 -1.93223 -0.183665
-0.792966 -0.0753177 0.0647212 2.32596 -1.91858 -0.183243
-0.792571 -0.0772592 0.0647438 2.33657 -1.90487 -0.182815
-0.792155 -0.079196 0.0647654 2.3471 -1.89111 -0.182381
-0.791716 -0.081128 0.0647862 2.35756 -1.87729 -0.181941
-0.791255 -0.0830548 0.0648061 2.36793 -1.86342 -0.181494
-0.790771 -0.0849762 0.0648251 2.37823 -1.84949 -0.181042
-0.790266 -0.0868919 0.0648432 2.38845 -1.83551 -0.180584
-0.789739 -0.0888018 0.0648605 2.39859 -1.82147 -0.18012
-0.78919 -0.0907055 0.0648768 2.40866 -1.80738 -0.17965
-0.78862 -0.0926028 0.0648922 2.41864 -1.79324 -0.179175
-0.788027 -0.0944934 0.0649066 2.42855 -1.77904 -0.178695
-0.787413 -0.0963771 0.0649202 2.43837 -1.7648 -0.178209
-0.786778 -0.0982537 0.0649328 2.44812 -1.7505 -0.177718
-0.786121 -0.100123 0.0649445 2.45778 -1.73615 -0.177222
-0.785442 -0.101984 0.0649553 2.46737 -1.72175 -0.17672
-0.784742 -0.103838 0.0649653 2.47687 -1.70729 -0.176213
-0.784022 -0.105683 0.0649743 2.4863 -1.69279 -0.175699
-0.78328 -0.107521 0.0649823 2.49564 -1.67824 -0.17518
-0.782517 -0.109349 0.0649895 2.5049 -1.66364 -0.174655
-0.781733 -0.111169 0.0649958 2.51408 -1.64899 -0.174125
-0.780928 -0.112979 0.0650011 2.52318 -1.63429 -0.173589
-0.780103 -0.114781 0.0650054 2.53219 -1.61955 -0.173048
-0.779257 -0.116572 0.0650089 2.54113 -1.60475 -0.172503
-0.77839 -0.118354 0.0650114 2.54998 -1.58991 -0.171953
-0.777504 -0.120126 0.065013 2.55874 -1.57503 -0.171398
-0.776597 -0.121887 0.0650137 2.56743 -1.56009 -0.170838
-0.77567 -0.123638 0.0650135 2.57603 -1.54512 -0.170273
-0.774722 -0.125379 0.0650123 2.58455 -1.53009 -0.169702
-0.773756 -0.127108 0.0650103 2.59298 -1.51502 -0.169127
-0.772769 -0.128826 0.0650074 2.60133 -1.49991 -0.168546
-0.771762 -0.130533 0.0650036 2.6096 -1.48476 -0.167959
-0.770737 -0.132228 0.0649987 2.61778 -1.46956 -0.167367
-0.769691 -0.133911 0.0649929 2.62588 -1.45432 -0.16677
-0.768627 -0.135582 0.0649862 2.6339 -1.43903 -0.166167
-0.767544 -0.137241 0.0649785 2.64183 -1.42371 -0.165559
-0.766441 -0.138887 0.0649699 2.64967 -1.40834 -0.164945
-0.76532 -0.140521 0.0649604 2.65743 -1.39293 -0.164326
-0.76418 -0.142141 0.06495 2.6651 -1.37748 -0.163701
-0.763022 -0.143749 0.0649387 2.67269 -1.36199 -0.163071
-0.761845 -0.145343 0.0649265 2.68019 -1.34646 -0.162436
-0.76065 -0.146923 0.0649134 2.68761 -1.33089 -0.161796
-0.759437 -0.14849 0.0648993 2.69494 -1.31529 -0.161152
-0.758207 -0.150043 0.0648843 2.70218 -1.29964 -0.160503
-0.756958 -0.151581 0.0648684 2.70934 -1.28396 -0.159849
-0.755692 -0.153105 0.0648517 2.71641 -1.26824 -0.159191
-0.754409 -0.154614 0.064834 2.72339 -1.25248 -0.158528
-0.753109 -0.156109 0.0648155 2.73029 -1.23669 -0.157862
-0.751791 -0.157589 0.064796 2.7371 -1.22086 -0.15719
-0.750457 -0.159053 0.0647757 2.74382 -1.20499 -0.156515
-0.749105 -0.160502 0.0647545 2.75045 -1.18909 -0.155835
-0.747738 -0.161936 0.0647323 2.757 -1.17316 -0.155152
-0.746354 -0.163353 0.0647092 2.76346 -1.15719 -0.154463
-0.744954 -0.164755 0.0646853 2.76983 -1.14119 -0.153771
-0.743538 -0.16614 0.0646605 2.77611 -1.12516 -0.153073
-0.742106 -0.16751 0.0646348 2.78231 -1.10909 -0.152372
-0.740658 -0.168862 0.0646082 2.78841 -1.09299 -0.151665
-0.739196 -0.170198 0.0645808 2.79443 -1.07686 -0.150953
-0.737718 -0.171518 0.0645524 2.80036 -1.06069 -0.150237
-0.736225 -0.17282 0.0645231 2.80619 -1.0445 -0.149515
-0.734717 -0.174105 0.0644931 2.81194 -1.02827 -0.148789
-0.733194 -0.175372 0.0644622 2.8176 -1.01202 -0.148057
-0.731658 -0.176622 0.0644305 2.82317 -0.995737 -0.14732
-0.730106 -0.177855 0.064398 2.82865 -0.979424 -0.146577
-0.728541 -0.179069 0.0643647 2.83405 -0.963083 -0.14583
-0.726962 -0.180266 0.0643304 2.83935 -0.946714 -0.145077
-0.72537 -0.181444 0.0642954 2.84456 -0.930317 -0.144319
-0.723764 -0.182604 0.0642595 2.84968 -0.913893 -0.143556
-0.722145 -0.183745 0.0642227 2.85471 -0.897443 -0.142787
-0.720513 -0.184868 0.064185 2.85965 -0.880966 -0.142014
-0.718868 -0.185972 0.0641465 2.8645 -0.864464 -0.141236
-0.717211 -0.187058 0.0641072 2.86926 -0.847937 -0.140453
-0.715541 -0.188124 0.0640671 2.87393 -0.831384 -0.139665
-0.71386 -0.18917 0.0640261 2.87851 -0.814808 -0.138873
-0.712166 -0.190198 0.0639843 2.883 -0.798208 -0.138077
-0.710461 -0.191206 0.0639419 2.88739 -0.781584 -0.137278
-0.708744 -0.192194 0.0638987 2.89169 -0.764938 -0.136474
-0.707017 -0.193163 0.0638548 2.89591 -0.74827 -0.135667
-0.705278 -0.194112 0.0638102 2.90003 -0.73158 -0.134856
-0.703528 -0.19504 0.0637649 2.90406 -0.714869 -0.134041
-0.701768 -0.195949 0.0637188 2.908 -0.698137 -0.133223
-0.699998 -0.196837 0.0636719 2.91184 -0.681385 -0.132402
-0.698217 -0.197705 0.0636241 2.9156 -0.664613 -0.131576
-0.696427 -0.198553 0.0635754 2.91926 -0.647821 -0.130747
-0.694627 -0.19938 0.0635261 2.92283 -0.631011 -0.129914
-0.692818 -0.200186 0.0634761 2.92631 -0.614182 -0.129078
-0.691 -0.200972 0.0634254 2.9297 -0.597336 -0.128237
-0.689173 -0.201736 0.0633742 2.93299 -0.580472 -0.127392
-0.687337 -0.20248 0.0633222 2.9362 -0.56359 -0.126544
-0.685493 -0.203202 0.0632696 2.9393 -0.546693 -0.125691
-0.68364 -0.203903 0.0632162 2.94232 -0.529779 -0.124833
-0.68178 -0.204583 0.063162 2.94525 -0.51285 -0.123972
-0.679912 -0.205242 0.063107 2.94808 -0.495905 -0.123107
-0.678037 -0.205879 0.0630514 2.95082 -0.478947 -0.122237
-0.676155 -0.206495 0.062995 2.95346 -0.461973 -0.121364
-0.674266 -0.207089 0.0629379 2.95602 -0.444987 -0.120487
-0.67237 -0.207661 0.0628802 2.95848 -0.427987 -0.119606
-0.670467 -0.208212 0.062822 2.96084 -0.410975 -0.118722
-0.668559 -0.20874 0.0627631 2.96312 -0.39395 -0.117835
-0.666644 -0.209247 0.0627037 2.9653 -0.376914 -0.116944
-0.664724 -0.209732 0.0626436 2.96738 -0.359867 -0.116051
-0.662798 -0.210194 0.062583 2.96938 -0.34281 -0.115155
-0.660868 -0.210635 0.0625218 2.97128 -0.325742 -0.114256
-0.658932 -0.211053 0.0624598 2.97309 -0.308665 -0.113355
-0.656992 -0.211449 0.0623973 2.9748 -0.291578 -0.112452
-0.655047 -0.211823 0.0623342 2.97642 -0.274483 -0.111547
-0.653098 -0.212175 0.0622704 2.97795 -0.25738 -0.11064
-0.651145 -0.212504 0.0622061 2.97939 -0.240269 -0.10973
-0.649189 -0.212811 0.0621413 2.98073 -0.223151 -0.108818
-0.647229 -0.213095 0.062076 2.98198 -0.206026 -0.107902
-0.645266 -0.213357 0.0620102 2.98313 -0.188895 -0.106984
-0.643301 -0.213596 0.0619437 2.9842 -0.171758 -0.106061
-0.641332 -0.213813 0.0618768 2.98516 -0.154616 -0.105135
-0.639362 -0.214007 0.0618094 2.98604 -0.137469 -0.104205
-0.637389 -0.214178 0.0617415 2.98682 -0.120317 -0.103271
-0.635415 -0.214327 0.0616731 2.98751 -0.103162 -0.102332
-0.633438 -0.214453 0.0616042 2.9881 -0.0860025 -0.10139
-0.631461 -0.214557 0.0615349 2.9886 -0.0688404 -0.100444
-0.629483 -0.214638 0.061465 2.989 -0.0516759 -0.0994934
-0.627503 -0.214696 0.0613947 2.98931 -0.0345093 -0.0985395
-0.625524 -0.214731 0.0613239 2.98952 -0.0173414 -0.0975818
-0.623544 -0.214744 0.0612527 2.98965 -0.000172434 -0.0966206
-0.621564 -0.214734 0.061181 2.98967 0.0169969 -0.0956561
-0.619584 -0.214701 0.061109 2.98961 0.0341663 -0.0946884
-0.617605 -0.214646 0.0610365 2.98945 0.0513351 -0.0937179
-0.615626 -0.214568 0.0609636 2.98919 0.0685028 -0.0927446
-0.613649 -0.214467 0.0608904 2.98885 0.085669 -0.0917688
-0.611673 -0.214343 0.0608167 2.9884 0.102833 -0.0907904
-0.609698 -0.214197 0.0607427 2.98787 0.119995 -0.0898092
-0.607726 -0.214028 0.0606683 2.98724 0.137153 -0.0888252
-0.605755 -0.213837 0.0605936 2.98652 0.154309 -0.0878383
-0.603787 -0.213623 0.0605185 2.9857 0.17146 -0.0868484
-0.601821 -0.213386 0.0604431 2.98479 0.188607 -0.0858555
-0.599858 -0.213127 0.0603674 2.98379 0.205749 -0.0848597
-0.597898 -0.212846 0.0602913 2.98269 0.222886 -0.083861
-0.595942 -0.212542 0.060215 2.9815 0.240016 -0.0828595
-0.593989 -0.212215 0.0601383 2.98022 0.257141 -0.0818553
-0.592041 -0.211866 0.0600614 2.97884 0.274258 -0.0808483
-0.590096 -0.211495 0.0599842 2.97737 0.291368 -0.0798386
-0.588156 -0.211102 0.0599068 2.9758 0.308471 -0.078826
-0.58622 -0.210686 0.059829 2.97414 0.325565 -0.0778104
-0.584289 -0.210248 0.0597511 2.97239 0.34265 -0.076792
-0.582364 -0.209788 0.0596728 2.97054 0.359726 -0.0757705
-0.580443 -0.209306 0.0595943 2.9686 0.376792 -0.0747462
-0.578529 -0.208802 0.0595156 2.96657 0.393848 -0.0737191
-0.57662 -0.208276 0.0594368 2.96444 0.410893 -0.0726891
-0.574718 -0.207728 0.0593577 2.96222 0.427927 -0.0716564
-0.572822 -0.207158 0.0592785 2.95991 0.444949 -0.0706211
-0.570933 -0.206567 0.0591992 2.9575 0.461958 -0.0695831
-0.56905 -0.205954 0.0591196 2.955 0.478956 -0.0685425
-0.567175 -0.205319 0.0590399 2.95241 0.495939 -0.0674994
-0.565307 -0.204663 0.05896 2.94972 0.512909 -0.0664541
-0.563447 -0.203986 0.05888 2.94694 0.529865 -0.0654066
-0.561595 -0.203287 0.0587999 2.94407 0.546807 -0.0643571
-0.55975 -0.202567 0.0587197 2.94111 0.563733 -0.0633059
-0.557915 -0.201826 0.0586395 2.93805 0.580644 -0.0622528
-0.556088 -0.201064 0.0585591 2.9349 0.597538 -0.0611979
-0.554269 -0.200281 0.0584787 2.93166 0.614416 -0.060141
-0.55246 -0.199477 0.0583982 2.92832 0.631276 -0.0590818
-0.55066 -0.198653 0.0583176 2.9249 0.648119 -0.0580201
-0.54887 -0.197808 0.058237 2.92137 0.664944 -0.0569559
-0.54709 -0.196942 0.0581564 2.91776 0.681751 -0.055889
-0.545319 -0.196056 0.0580757 2.91406 0.698538 -0.0548197
-0.543559 -0.19515 0.0579949 2.91026 0.715306 -0.0537481
-0.54181 -0.194223 0.0579142 2.90637 0.732053 -0.0526746
-0.540071 -0.193277 0.0578334 2.90239 0.74878 -0.0515996
-0.538343 -0.192311 0.0577527 2.89831 0.765487 -0.0505233
-0.536626 -0.191325 0.0576721 2.89415 0.782171 -0.0494461
-0.534921 -0.190319 0.0575915 2.88989 0.798834 -0.048368
-0.533228 -0.189294 0.057511 2.88554 0.815474 -0.0472889
-0.531546 -0.188249 0.0574306 2.8811 0.832091 -0.0462089
-0.529876 -0.187186 0.0573502 2.87657 0.848685 -0.0451276
-0.528219 -0.186103 0.0572698 2.87194 0.865255 -0.044045
-0.526574 -0.185001 0.0571895 2.86723 0.881801 -0.0429608
-0.524942 -0.18388 0.0571093 2.86243 0.898321 -0.0418751
-0.523323 -0.182741 0.0570292 2.85753 0.914817 -0.0407878
-0.521717 -0.181583 0.0569493 2.85254 0.931286 -0.0396989
-0.520125 -0.180407 0.0568695 2.84746 0.947729 -0.0386085
-0.518546 -0.179213 0.0567898 2.84229 0.964146 -0.0375168
-0.516981 -0.178001 0.0567104 2.83703 0.980535 -0.036424
-0.51543 -0.17677 0.0566311 2.83169 0.996896 -0.0353301
-0.513893 -0.175522 0.056552 2.82625 1.01323 -0.0342353
-0.512371 -0.174257 0.0564731 2.82072 1.02953 -0.0331396
-0.510863 -0.172974 0.0563944 2.8151 1.04581 -0.0320432
-0.50937 -0.171674 0.0563159 2.80939 1.06205 -0.0309459
-0.507892 -0.170357 0.0562376 2.80359 1.07827 -0.0298479
-0.506429 -0.169023 0.0561595 2.7977 1.09445 -0.0287489
-0.504982 -0.167672 0.0560816 2.79172 1.11061 -0.027649
-0.50355 -0.166305 0.056004 2.78565 1.12673 -0.0265479
-0.502134 -0.164921 0.0559266 2.77949 1.14282 -0.0254457
-0.500734 -0.163521 0.0558495 2.77325 1.15888 -0.0243423
-0.49935 -0.162105 0.0557727 2.76691 1.1749 -0.0232375
-0.497982 -0.160674 0.0556963 2.76049 1.19089 -0.0221312
-0.496631 -0.159227 0.0556201 2.75398 1.20685 -0.0210235
-0.495297 -0.157764 0.0555442 2.74738 1.22277 -0.019914
-0.493979 -0.156286 0.0554686 2.74069 1.23866 -0.018803
-0.492678 -0.154794 0.0553933 2.73391 1.25452 -0.0176903
-0.491395 -0.153286 0.0553184 2.72705 1.27033 -0.0165761
-0.490129 -0.151764 0.0552438 2.7201 1.28612 -0.0154607
-0.488881 -0.150227 0.0551696 2.71306 1.30186 -0.0143443
-0.48765 -0.148676 0.0550958 2.70593 1.31757 -0.0132275
-0.486437 -0.147111 0.0550224 2.69872 1.33324 -0.0121104
-0.485242 -0.145532 0.0549493 2.69142 1.34887 -0.0109933
-0.484066 -0.14394 0.0548767 2.68403 1.36446 -0.00987645
-0.482907 -0.142334 0.0548044 2.67656 1.38001 -0.00875974
-0.481768 -0.140715 0.0547325 2.66899 1.39553 -0.00764309
-0.480646 -0.139083 0.0546611 2.66135 1.411 -0.00652626
-0.479544 -0.137438 0.0545901 2.65361 1.42643 -0.00540901
-0.47846 -0.135781 0.0545196 2.64579 1.44182 -0.00429105
-0.477396 -0.134111 0.0544496 2.63788 1.45717 -0.00317216
-0.476351 -0.132429 0.05438 2.62989 1.47248 -0.00205218
-0.475325 -0.130736 0.0543108 2.62182 1.48775 -0.000931028
-0.474319 -0.12903 0.0542421 2.61366 1.50298 0.000191257
-0.473332 -0.127314 0.054174 2.60541 1.51816 0.00131455
-0.472365 -0.125586 0.0541063 2.59709 1.5333 0.00243866
-0.471418 -0.123847 0.0540392 2.58867 1.54839 0.0035633
-0.470491 -0.122097 0.0539725 2.58018 1.56344 0.00468816
-0.469584 -0.120337 0.0539064 2.57159 1.57844 0.00581295
-0.468697 -0.118566 0.0538408 2.56293 1.5934 0.00693739
-0.467831 -0.116785 0.0537757 2.55418 1.60832 0.00806127
-0.466985 -0.114995 0.0537112 2.54534 1.62318 0.00918444
-0.466159 -0.113195 0.0536473 2.53643 1.638 0.0103069
-0.465355 -0.111385 0.0535839 2.52743 1.65277 0.0114286
-0.464571 -0.109567 0.053521 2.51834 1.66749 0.0125497
-0.463808 -0.107739 0.0534588 2.50918 1.68217 0.0136703
-0.463066 -0.105903 0.0533972 2.49993 1.69679 0.0147907
-0.462345 -0.104059 0.0533362 2.4906 1.71137 0.0159109
-0.461645 -0.102206 0.0532758 2.48118 1.7259 0.0170311
-0.460967 -0.100345 0.0532161 2.47169 1.74037 0.0181513
-0.46031 -0.0984771 0.053157 2.46211 1.7548 0.0192716
-0.459674 -0.0966014 0.0530985 2.45246 1.76918 0.0203919
-0.45906 -0.0947185 0.0530406 2.44272 1.7835 0.0215122
-0.458468 -0.0928287 0.0529834 2.4329 1.79777 0.0226324
-0.457897 -0.0909322 0.0529268 2.423 1.81199 0.0237525
-0.457348 -0.0890292 0.0528709 2.41303 1.82616 0.0248724
-0.456821 -0.0871201 0.0528157 2.40297 1.84028 0.025992
-0.456316 -0.0852051 0.0527611 2.39283 1.85434 0.0271115
-0.455833 -0.0832843 0.0527073 2.38262 1.86835 0.0282309
-0.455372 -0.0813582 0.0526541 2.37232 1.8823 0.02935
-0.454933 -0.0794268 0.0526016 2.36195 1.8962 0.0304689
-0.454516 -0.0774905 0.0525498 2.35149 1.91004 0.0315874
-0.454121 -0.0755496 0.0524988 2.34096 1.92383 0.0327054
-0.453749 -0.0736042 0.0524485 2.33035 1.93756 0.0338227
-0.453399 -0.0716547 0.0523989 2.31967 1.95123 0.034939
-0.453071 -0.0697013 0.0523501 2.3089 1.96485 0.0360544
-0.452766 -0.0677442 0.0523019 2.29806 1.97841 0.0371686
-0.452483 -0.0657838 0.0522544 2.28714 1.99191 0.0382819
-0.452223 -0.0638202 0.0522077 2.27615 2.00535 0.0393941
-0.451985 -0.0618538 0.0521616 2.26508 2.01874 0.0405334
-0.45177 -0.0598847 0.0521164 2.25397 2.03211 0.0417548
-0.451577 -0.0579133 0.052072 2.24282 2.04547 0.0431397
-0.451407 -0.0559397 0.0520285 2.23168 2.05886 0.0447949
-0.45126 -0.0539644 0.0519857 2.22056 2.07232 0.0468523
-0.451135 -0.0519875 0.0519437 2.20951 2.0859 0.049468
-0.451033 -0.0500092 0.0519026 2.19854 2.09962 0.0527074
-0.450953 -0.0480299 0.0518622 2.18761 2.11347 0.056548
-0.450897 -0.0460498 0.0518227 2.17671 2.12739 0.0608816
-0.450863 -0.0440691 0.051784 2.16577 2.14133 0.0655164
-0.450878 -0.0420883 0.0517437 2.15016 2.14918 0.0516489
-0.451049 -0.0420885 0.0517299 2.15062 2.14978 0.0535454
-0.451462 -0.0420892 0.051696 2.15104 2.15034 0.0553697
-0.452175 -0.0420899 0.0516559 2.15143 2.15086 0.0571254
-0.453204 -0.0420913 0.0515836 2.15178 2.15134 0.0588181
-0.454534 -0.0420933 0.05148 2.15212 2.15179 0.0604337
-0.456127 -0.0420956 0.0513564 2.15243 2.15222 0.0619717
-0.45792 -0.0420985 0.0512055 2.15273 2.15263 0.0634311
-0.459839 -0.0421017 0.0510367 2.15301 2.15302 0.064818
-0.461801 -0.042105 0.0508593 2.15328 2.15339 0.0661355
-0.46372 -0.0421084 0.0506819 2.15354 2.15374 0.0673867
-0.465511 -0.0421116 0.0505134 2.15378 2.15407 0.068576
-0.467101 -0.0421145 0.0503596 2.15401 2.15439 0.069707
-0.468429 -0.042117 0.0502294 2.15423 2.15469 0.0707799
-0.469455 -0.0421189 0.0501312 2.15443 2.15497 0.0717992
-0.470166 -0.0421202 0.0500603 2.15463 2.15525 0.0727696
-0.470578 -0.042121 0.0500201 2.15481 2.1555 0.0736903
-0.470749 -0.0421213 0.0500031 2.15499 2.15575 0.0745645
-0.470775 -0.0421213 0.0500003 2.16589 2.16903 0.0968572
-0.470788 -0.0441025 0.0500384 2.17732 2.15212 0.0926287
-0.470827 -0.0460833 0.0500773 2.18894 2.13553 0.0891238
-0.470891 -0.0480634 0.0501172 2.20085 2.11937 0.0864832
-0.470981 -0.0500425 0.0501579 2.2131 2.10367 0.0847389
-0.471096 -0.0520202 0.0501996 2.22568 2.0884 0.0838241
-0.471237 -0.0539963 0.0502422 2.23853 2.07348 0.0835832
-0.471403 -0.0559703 0.0502857 2.25155 2.05877 0.0837789
-0.471596 -0.057942 0.05033 2.26463 2.04416 0.084224
-0.471813 -0.0599111 0.0503753 2.27771 2.02955 0.0847762
-0.472056 -0.0618771 0.0504213 2.29072 2.01489 0.0853352
-0.472325 -0.0638398 0.0504683 2.30363 2.00014 0.0858386
-0.472619 -0.0657988 0.050516 2.31642 1.98527 0.0862589
-0.472938 -0.0677539 0.0505646 2.32909 1.9703 0.0866006
-0.473283 -0.0697046 0.0506141 2.34164 1.95521 0.0868677
-0.473652 -0.0716507 0.0506643 2.35406 1.94002 0.0870643
-0.474047 -0.0735918 0.0507154 2.36637 1.92473 0.087194
-0.474467 -0.0755276 0.0507673 2.37856 1.90934 0.0872603
-0.474913 -0.0774578 0.05082 2.39062 1.89384 0.0872666
-0.475383 -0.079382 0.0508734 2.40257 1.87825 0.0872158
-0.475878 -0.0813 0.0509277 2.4144 1.86257 0.0871111
-0.476397 -0.0832113 0.0509827 2.4261 1.84679 0.0869552
-0.476942 -0.0851158 0.0510385 2.43769 1.83093 0.0867508
-0.477511 -0.087013 0.051095 2.44915 1.81497 0.0865003
-0.478105 -0.0889027 0.0511523 2.4605 1.79892 0.0862062
-0.478723 -0.0907845 0.0512103 2.47173 1.78279 0.0858708
-0.479365 -0.0926581 0.051269 2.48283 1.76658 0.0854962
-0.480031 -0.0945232 0.0513285 2.49382 1.75028 0.0850845
-0.480722 -0.0963796 0.0513886 2.50469 1.73391 0.0846379
-0.481437 -0.0982267 0.0514494 2.51543 1.71745 0.0841582
-0.482175 -0.100064 0.0515109 2.52606 1.70092 0.0836472
-0.482938 -0.101892 0.0515731 2.53657 1.68431 0.0831065
-0.483723 -0.10371 0.0516359 2.54696 1.66763 0.0825378
-0.484533 -0.105518 0.0516994 2.55723 1.65087 0.0819424
-0.485365 -0.107315 0.0517636 2.56738 1.63405 0.0813216
-0.486221 -0.109101 0.0518283 2.57742 1.61715 0.0806767
-0.4871 -0.110876 0.0518937 2.58733 1.60019 0.0800088
-0.488002 -0.112639 0.0519597 2.59713 1.58315 0.0793191
-0.488927 -0.11439 0.0520263 2.6068 1.56605 0.0786085
-0.489874 -0.116129 0.0520934 2.61636 1.54889 0.077878
-0.490844 -0.117856 0.0521612 2.62579 1.53166 0.0771287
-0.491836 -0.11957 0.0522295 2.63511 1.51437 0.0763613
-0.49285 -0.121271 0.0522984 2.64431 1.49701 0.0755768
-0.493886 -0.122959 0.0523678 2.65338 1.4796 0.074776
-0.494944 -0.124633 0.0524378 2.66234 1.46213 0.0739599
-0.496023 -0.126293 0.0525082 2.67118 1.4446 0.0731293
-0.497124 -0.127939 0.0525792 2.6799 1.42701 0.0722852
-0.498246 -0.129571 0.0526506 2.6885 1.40937 0.0714283
-0.499389 -0.131188 0.0527225 2.69698 1.39167 0.0705596
-0.500553 -0.13279 0.0527949 2.70534 1.37392 0.0696797
-0.501738 -0.134377 0.0528678 2.71358 1.35611 0.0687893
-0.502943 -0.135948 0.052941 2.72171 1.33826 0.0678889
-0.504168 -0.137504 0.0530148 2.72971 1.32035 0.0669788
-0.505413 -0.139043 0.0530889 2.73759 1.3024 0.0660592
-0.506679 -0.140566 0.0531634 2.74536 1.28439 0.0651303
-0.507964 -0.142073 0.0532384 2.753 1.26634 0.0641924
-0.509268 -0.143563 0.0533137 2.76053 1.24824 0.0632458
-0.510591 -0.145036 0.0533894 2.76794 1.2301 0.0622907
-0.511934 -0.146491 0.0534654 2.77522 1.21191 0.0613277
-0.513295 -0.147929 0.0535418 2.78239 1.19368 0.0603572
-0.514675 -0.149349 0.0536186 2.78943 1.1754 0.0593797
-0.516073 -0.150752 0.0536956 2.79636 1.15708 0.0583958
-0.517489 -0.152136 0.053773 2.80316 1.13872 0.057406
-0.518922 -0.153501 0.0538506 2.80985 1.12032 0.0564106
-0.520374 -0.154848 0.0539285 2.81642 1.10188 0.05541
-0.521843 -0.156176 0.0540067 2.82286 1.0834 0.0544046
-0.523328 -0.157484 0.0540852 2.82919 1.06488 0.0533948
-0.524831 -0.158774 0.0541638 2.83539 1.04633 0.0523808
-0.52635 -0.160043 0.0542428 2.84148 1.02774 0.0513628
-0.527886 -0.161293 0.0543219 2.84745 1.00912 0.0503411
-0.529438 -0.162523 0.0544012 2.85329 0.99046 0.0493158
-0.531005 -0.163733 0.0544807 2.85902 0.971767 0.048287
-0.532588 -0.164922 0.0545604 2.86462 0.953043 0.0472546
-0.534186 -0.166091 0.0546402 2.87011 0.934286 0.0462188
-0.5358 -0.167238 0.0547202 2.87547 0.915498 0.0451794
-0.537428 -0.168365 0.0548003 2.88072 0.89668 0.0441365
-0.53907 -0.169471 0.0548806 2.88584 0.877833 0.0430903
-0.540727 -0.170555 0.0549609 2.89085 0.858956 0.0420407
-0.542397 -0.171618 0.0550413 2.89573 0.840052 0.0409879
-0.544082 -0.172658 0.0551218 2.90049 0.82112 0.0399322
-0.545779 -0.173677 0.0552024 2.90514 0.802162 0.0388735
-0.54749 -0.174674 0.0552831 2.90966 0.783179 0.0378121
-0.549213 -0.175649 0.0553638 2.91406 0.76417 0.0367482
-0.550949 -0.176601 0.0554445 2.91834 0.745138 0.0356819
-0.552697 -0.17753 0.0555252 2.9225 0.726082 0.0346132
-0.554457 -0.178437 0.0556059 2.92653 0.707004 0.0335423
-0.556229 -0.179321 0.0556866 2.93045 0.687903 0.0324693
-0.558012 -0.180182 0.0557673 2.93425 0.668782 0.0313942
-0.559806 -0.18102 0.0558479 2.93792 0.649641 0.0303172
-0.561611 -0.181834 0.0559284 2.94148 0.63048 0.0292384
-0.563426 -0.182625 0.0560089 2.94491 0.611301 0.028158
-0.565251 -0.183392 0.0560894 2.94823 0.592103 0.0270761
-0.567086 -0.184136 0.0561697 2.95142 0.572889 0.0259929
-0.56893 -0.184855 0.0562499 2.95449 0.553658 0.0249086
-0.570784 -0.185551 0.05633 2.95744 0.534411 0.0238234
-0.572647 -0.186223 0.0564099 2.96027 0.515149 0.0227375
-0.574518 -0.18687 0.0564897 2.96298 0.495874 0.0216509
-0.576397 -0.187493 0.0565693 2.96557 0.476584 0.0205638
-0.578284 -0.188092 0.0566488 2.96803 0.457282 0.0194762
-0.580179 -0.188666 0.0567281 2.97038 0.437969 0.0183883
-0.582081 -0.189216 0.0568071 2.9726 0.418644 0.0173
-0.58399 -0.189741 0.056886 2.97471 0.399308 0.0162111
-0.585906 -0.190241 0.0569646 2.97669 0.379963 0.0151215
-0.587828 -0.190716 0.057043 2.97856 0.360608 0.0140311
-0.589757 -0.191166 0.0571211 2.9803 0.341246 0.0129397
-0.59169 -0.191591 0.057199 2.98192 0.321875 0.0118474
-0.59363 -0.191992 0.0572765 2.98342 0.302498 0.0107542
-0.595574 -0.192366 0.0573538 2.9848 0.283114 0.00966034
-0.597523 -0.192716 0.0574307 2.98606 0.263725 0.00856612
-0.599476 -0.193041 0.0575073 2.9872 0.244332 0.00747185
-0.601433 -0.19334 0.0575836 2.98822 0.224934 0.00637786
-0.603394 -0.193613 0.0576596 2.98912 0.205533 0.00528441
-0.605359 -0.193862 0.0577352 2.98989 0.18613 0.00419171
-0.607326 -0.194084 0.0578104 2.99055 0.166725 0.00309986
-0.609297 -0.194282 0.0578852 2.99108 0.147319 0.00200892
-0.611269 -0.194453 0.0579597 2.9915 0.127913 0.000918851
-0.613244 -0.194599 0.0580337 2.99179 0.108507 -0.000170459
-0.615221 -0.19472 0.0581073 2.99196 0.0891017 -0.00125915
-0.617199 -0.194815 0.0581805 2.99202 0.0696985 -0.00234743
-0.619178 -0.194884 0.0582532 2.99195 0.0502978 -0.00343549
-0.621157 -0.194927 0.0583255 2.99176 0.0309002 -0.00452358
-0.623137 -0.194945 0.0583973 2.99146 0.0115065 -0.00561191
-0.625118 -0.194938 0.0584686 2.99103 -0.00788278 -0.00670062
-0.627098 -0.194904 0.0585394 2.99048 -0.0272668 -0.0077898
-0.629077 -0.194845 0.0586097 2.98982 -0.0466449 -0.0088794
-0.631056 -0.19476 0.0586795 2.98903 -0.0660165 -0.00996932
-0.633033 -0.19465 0.0587488 2.98813 -0.0853807 -0.0110593
-0.635009 -0.194514 0.0588175 2.9871 -0.104737 -0.012149
-0.636982 -0.194352 0.0588856 2.98596 -0.124084 -0.0132381
-0.638954 -0.194165 0.0589532 2.98469 -0.143422 -0.014326
-0.640923 -0.193952 0.0590202 2.98331 -0.16275 -0.0154125
-0.642889 -0.193714 0.0590866 2.98181 -0.182066 -0.0164972
-0.644852 -0.193451 0.0591525 2.98019 -0.201371 -0.0175798
-0.646811 -0.193162 0.0592177 2.97845 -0.220663 -0.0186603
-0.648766 -0.192847 0.0592822 2.97659 -0.239943 -0.0197386
-0.650717 -0.192507 0.0593462 2.97461 -0.259208 -0.0208148
-0.652664 -0.192142 0.0594095 2.97251 -0.278459 -0.0218892
-0.654606 -0.191752 0.0594722 2.97029 -0.297695 -0.0229617
-0.656542 -0.191337 0.0595342 2.96795 -0.316915 -0.0240325
-0.658473 -0.190896 0.0595955 2.9655 -0.336118 -0.0251016
-0.660398 -0.190431 0.0596561 2.96293 -0.355305 -0.0261689
-0.662317 -0.189941 0.0597161 2.96024 -0.374473 -0.0272343
-0.66423 -0.189426 0.0597753 2.95743 -0.393622 -0.0282979
-0.666136 -0.188886 0.0598339 2.9545 -0.412753 -0.0293596
-0.668034 -0.188321 0.0598918 2.95146 -0.431863 -0.0304195
-0.669925 -0.187732 0.0599489 2.94829 -0.450953 -0.0314779
-0.671809 -0.187119 0.0600052 2.94501 -0.470021 -0.0325349
-0.673684 -0.186481 0.0600607 2.94162 -0.489068 -0.0335907
-0.675551 -0.185819 0.0601154 2.9381 -0.508092 -0.0346454
-0.677409 -0.185133 0.0601693 2.93447 -0.527093 -0.0356992
-0.679258 -0.184422 0.0602225 2.93073 -0.54607 -0.0367521
-0.681098 -0.183688 0.060275 2.92686 -0.565022 -0.037804
-0.682928 -0.18293 0.0603267 2.92288 -0.583949 -0.0388548
-0.684748 -0.182149 0.0603776 2.91879 -0.60285 -0.0399045
-0.686558 -0.181344 0.0604277 2.91458 -0.621725 -0.040953
-0.688357 -0.180515 0.0604769 2.91025 -0.640572 -0.042
-0.690146 -0.179663 0.0605253 2.90581 -0.659391 -0.0430456
-0.691923 -0.178788 0.0605729 2.90125 -0.678181 -0.0440897
-0.693689 -0.177891 0.0606196 2.89657 -0.696943 -0.0451322
-0.695443 -0.17697 0.0606654 2.89178 -0.715674 -0.0461732
-0.697185 -0.176027 0.0607104 2.88688 -0.734374 -0.0472127
-0.698915 -0.175061 0.0607544 2.88186 -0.753043 -0.0482508
-0.700632 -0.174073 0.0607975 2.87673 -0.77168 -0.0492876
-0.702336 -0.173063 0.0608398 2.87148 -0.790285 -0.0503231
-0.704027 -0.172031 0.0608812 2.86612 -0.808857 -0.0513573
-0.705705 -0.170977 0.0609218 2.86064 -0.827394 -0.0523902
-0.707368 -0.169901 0.0609614 2.85505 -0.845897 -0.0534217
-0.709018 -0.168804 0.0610002 2.84935 -0.864365 -0.0544518
-0.710653 -0.167685 0.061038 2.84354 -0.882796 -0.0554804
-0.712274 -0.166546 0.0610749 2.83761 -0.901192 -0.0565074
-0.71388 -0.165385 0.0611108 2.83157 -0.91955 -0.0575328
-0.71547 -0.164204 0.0611459 2.82541 -0.937869 -0.0585565
-0.717046 -0.163003 0.0611799 2.81915 -0.956151 -0.0595784
-0.718605 -0.161781 0.061213 2.81277 -0.974393 -0.0605984
-0.720149 -0.160539 0.0612451 2.80627 -0.992595 -0.0616165
-0.721676 -0.159277 0.0612762 2.79967 -1.01076 -0.0626325
-0.723187 -0.157995 0.0613064 2.79296 -1.02888 -0.0636463
-0.724682 -0.156694 0.0613357 2.78613 -1.04695 -0.0646575
-0.726159 -0.155374 0.061364 2.77919 -1.06499 -0.0656659
-0.727619 -0.154034 0.0613913 2.77214 -1.08298 -0.0666712
-0.729062 -0.152676 0.0614176 2.76499 -1.10093 -0.0676731
-0.730487 -0.1513 0.0614429 2.75772 -1.11883 -0.0686713
-0.731894 -0.149905 0.0614672 2.75034 -1.13669 -0.0696656
-0.733283 -0.148491 0.0614905 2.74285 -1.1545 -0.070656
-0.734653 -0.14706 0.0615128 2.73525 -1.17227 -0.0716424
-0.736005 -0.145612 0.0615341 2.72754 -1.18999 -0.0726248
-0.737338 -0.144146 0.0615544 2.71972 -1.20766 -0.0736032
-0.738652 -0.142663 0.0615736 2.7118 -1.22528 -0.0745778
-0.739946 -0.141162 0.0615919 2.70377 -1.24286 -0.0755486
-0.741221 -0.139646 0.0616091 2.69563 -1.26038 -0.0765157
-0.742477 -0.138113 0.0616253 2.68738 -1.27786 -0.0774793
-0.743712 -0.136563 0.0616405 2.67902 -1.29528 -0.0784396
-0.744927 -0.134998 0.0616546 2.67056 -1.31265 -0.0793966
-0.746122 -0.133418 0.0616677 2.66199 -1.32997 -0.0803506
-0.747297 -0.131822 0.0616798 2.65331 -1.34724 -0.0813018
-0.74845 -0.13021 0.0616909 2.64453 -1.36445 -0.0822504
-0.749583 -0.128585 0.0617009 2.63564 -1.38161 -0.0831963
-0.750694 -0.126944 0.0617099 2.62665 -1.39872 -0.0841396
-0.751784 -0.125289 0.0617179 2.61755 -1.41577 -0.0850799
-0.752853 -0.123621 0.0617248 2.60835 -1.43277 -0.0860172
-0.7539 -0.121938 0.0617307 2.59904 -1.4497 -0.0869509
-0.754925 -0.120243 0.0617355 2.58963 -1.46659 -0.0878807
-0.755928 -0.118534 0.0617393 2.58011 -1.48341 -0.0888064
-0.756909 -0.116812 0.061742 2.57049 -1.50017 -0.0897278
-0.757867 -0.115078 0.0617437 2.56077 -1.51688 -0.0906447
-0.758803 -0.113331 0.0617443 2.55094 -1.53353 -0.0915573
-0.759717 -0.111573 0.0617438 2.54101 -1.55011 -0.0924658
-0.760607 -0.109802 0.0617424 2.53098 -1.56664 -0.0933704
-0.761475 -0.108021 0.0617399 2.52084 -1.58311 -0.0942715
-0.762319 -0.106228 0.0617363 2.51061 -1.59951 -0.0951693
-0.76314 -0.104425 0.0617318 2.50027 -1.61585 -0.096064
-0.763938 -0.102611 0.0617262 2.48984 -1.63213 -0.0969557
-0.764712 -0.100787 0.0617195 2.4793 -1.64834 -0.0978443
-0.765462 -0.0989527 0.0617118 2.46866 -1.66449 -0.0987296
-0.766189 -0.0971092 0.061703 2.45793 -1.68058 -0.0996115
-0.766891 -0.0952565 0.0616932 2.44709 -1.6966 -0.10049
-0.76757 -0.0933948 0.0616824 2.43615 -1.71255 -0.101364
-0.768224 -0.0915245 0.0616705 2.42512 -1.72844 -0.102234
-0.768855 -0.0896459 0.0616576 2.41399 -1.74426 -0.1031
-0.76946 -0.0877593 0.0616437 2.40276 -1.76001 -0.103962
-0.770042 -0.085865 0.0616288 2.39143 -1.7757 -0.104819
-0.770599 -0.0839633 0.0616128 2.38001 -1.79131 -0.105673
-0.771131 -0.0820546 0.0615958 2.36849 -1.80686 -0.106523
-0.771638 -0.0801392 0.0615777 2.35687 -1.82234 -0.107368
-0.772121 -0.0782174 0.0615587 2.34516 -1.83775 -0.108211
-0.772578 -0.0762896 0.0615386 2.33335 -1.85308 -0.109049
-0.773011 -0.0743559 0.0615176 2.32144 -1.86834 -0.109884
-0.773418 -0.0724169 0.0614955 2.30945 -1.88354 -0.110714
-0.773801 -0.0704727 0.0614724 2.29735 -1.89865 -0.111541
-0.774158 -0.0685238 0.0614483 2.28517 -1.9137 -0.112363
-0.77449 -0.0665704 0.0614232 2.27289 -1.92867 -0.11318
-0.774796 -0.0646129 0.0613971 2.26052 -1.94357 -0.113992
-0.775078 -0.0626516 0.0613701 2.24805 -1.95839 -0.114799
-0.775333 -0.0606869 0.0613421 2.23549 -1.97313 -0.115601
-0.775564 -0.058719 0.061313 2.22284 -1.9878 -0.116398
-0.775769 -0.0567483 0.0612831 2.2101 -2.00239 -0.117191
-0.775948 -0.0547751 0.0612521 2.19727 -2.01691 -0.117979
-0.776102 -0.0527998 0.0612201 2.18435 -2.03135 -0.118762
-0.77623 -0.0508227 0.0611872 2.17134 -2.04571 -0.119542
-0.776333 -0.0488441 0.0611534 2.15823 -2.05999 -0.120318
-0.77641 -0.0468643 0.0611186 2.14504 -2.07419 -0.121091
-0.776461 -0.0448838 0.0610829 2.13176 -2.08831 -0.121859
-0.776486 -0.0429027 0.0610463 2.1184 -2.10235 -0.122623
-0.776486 -0.0409216 0.0610087 2.10494 -2.11631 -0.123382
-0.776461 -0.0389406 0.0609702 2.0914 -2.13019 -0.124137
-0.77641 -0.0369601 0.0609307 2.07777 -2.14398 -0.124887
-0.776333 -0.0349804 0.0608904 2.06405 -2.1577 -0.125632
-0.77623 -0.033002 0.0608491 2.05025 -2.17133 -0.126372
-0.776102 -0.031025 0.060807 2.03637 -2.18488 -0.127107
-0.775948 -0.0290499 0.060764 2.0224 -2.19834 -0.127837
-0.775769 -0.027077 0.0607202 2.00834 -2.21172 -0.128563
-0.775564 -0.0251066 0.0606754 1.9942 -2.22501 -0.129283
-0.775333 -0.023139 0.0606297 1.97998 -2.23822 -0.129998
-0.775078 -0.0211746 0.0605832 1.96567 -2.25134 -0.130707
-0.774796 -0.0192137 0.0605359 1.95128 -2.26437 -0.131412
-0.77449 -0.0172566 0.0604877 1.93681 -2.27732 -0.13211
-0.774158 -0.0153037 0.0604386 1.92225 -2.29018 -0.132804
-0.773801 -0.0133552 0.0603888 1.90762 -2.30295 -0.133491
-0.773418 -0.0114116 0.0603382 1.8929 -2.31563 -0.134174
-0.773011 -0.00947312 0.0602867 1.87811 -2.32822 -0.134851
-0.772578 -0.00754008 0.0602344 1.86323 -2.34072 -0.135524
-0.772121 -0.00561283 0.0601813 1.84828 -2.35313 -0.136191
-0.771638 -0.00369169 0.0601275 1.83325 -2.36545 -0.136854
-0.771131 -0.00177698 0.0600728 1.81814 -2.37768 -0.137511
-0.770599 0.000130973 0.0600174 1.80295 -2.38982 -0.138164
-0.770042 0.00203185 0.0599613 1.78769 -2.40187 -0.138811
-0.76946 0.00392534 0.0599044 1.77235 -2.41382 -0.139452
-0.768855 0.00581112 0.0598467 1.75693 -2.42568 -0.140089
-0.768224 0.00768887 0.0597884 1.74144 -2.43745 -0.140719
-0.76757 0.00955828 0.0597293 1.72587 -2.44912 -0.141345
-0.766891 0.011419 0.0596695 1.71023 -2.4607 -0.141964
-0.766189 0.0132708 0.059609 1.69451 -2.47218 -0.142579
-0.765462 0.0151133 0.0595478 1.67872 -2.48357 -0.143187
-0.764712 0.0169462 0.059486 1.66286 -2.49486 -0.143791
-0.763938 0.0187693 0.0594235 1.64692 -2.50605 -0.144388
-0.76314 0.0205821 0.0593603 1.63092 -2.51715 -0.144981
-0.762319 0.0223844 0.0592965 1.61484 -2.52815 -0.145567
-0.761475 0.0241759 0.059232 1.5987 -2.53906 -0.146148
-0.760607 0.0259563 0.0591669 1.58248 -2.54986 -0.146723
-0.759717 0.0277253 0.0591012 1.56619 -2.56057 -0.147291
-0.758803 0.0294826 0.059035 1.54984 -2.57117 -0.147854
-0.757867 0.0312279 0.0589681 1.53341 -2.58168 -0.148411
-0.756909 0.0329608 0.0589007 1.51692 -2.59209 -0.148962
-0.755928 0.0346813 0.0588327 1.50036 -2.60239 -0.149506
-0.754925 0.0363888 0.0587641 1.48374 -2.61259 -0.150045
-0.7539 0.0380832 0.0586949 1.46704 -2.6227 -0.150578
-0.752853 0.0397641 0.0586252 1.45029 -2.63269 -0.151104
-0.751784 0.0414313 0.058555 1.43346 -2.64259 -0.151625
-0.750694 0.0430845 0.0584843 1.41658 -2.65239 -0.15214
-0.749583 0.0447234 0.0584131 1.39963 -2.66208 -0.152648
-0.74845 0.0463478 0.0583414 1.38261 -2.67167 -0.153151
-0.747297 0.0479573 0.0582693 1.36554 -2.68116 -0.153648
-0.746122 0.0495518 0.0581967 1.3484 -2.69054 -0.154139
-0.744927 0.0511308 0.0581236 1.3312 -2.69981 -0.154624
-0.743712 0.0526943 0.0580501 1.31395 -2.70899 -0.155103
-0.742477 0.0542418 0.0579762 1.29663 -2.71805 -0.155575
-0.741221 0.0557732 0.0579019 1.27925 -2.72701 -0.156042
-0.739946 0.0572881 0.0578271 1.26181 -2.73586 -0.156503
-0.738652 0.0587864 0.057752 1.24431 -2.74461 -0.156958
-0.737338 0.0602678 0.0576765 1.22676 -2.75325 -0.157407
-0.736005 0.061732 0.0576006 1.20915 -2.76178 -0.15785
-0.734653 0.0631789 0.0575244 1.19148 -2.7702 -0.158287
-0.733283 0.064608 0.0574478 1.17376 -2.77851 -0.158717
-0.731894 0.0660193 0.0573709 1.15598 -2.78672 -0.159141
-0.730487 0.0674124 0.0572937 1.13814 -2.79481 -0.159558
-0.729062 0.0687871 0.0572162 1.12026 -2.8028 -0.159969
-0.727619 0.0701433 0.0571384 1.10232 -2.81067 -0.160373
-0.726159 0.0714806 0.0570604 1.08432 -2.81844 -0.16077
-0.724682 0.0727989 0.056982 1.06628 -2.82609 -0.161161
-0.723187 0.074098 0.0569034 1.04818 -2.83364 -0.161545
-0.721676 0.0753775 0.0568247 1.03003 -2.84107 -0.161923
-0.720149 0.0766373 0.0567457 1.01184 -2.84839 -0.162294
-0.718605 0.0778772 0.0566665 0.993592 -2.8556 -0.162659
-0.717046 0.079097 0.0565871 0.975297 -2.8627 -0.163018
-0.71547 0.0802965 0.0565075 0.956955 -2.86969 -0.163371
-0.71388 0.0814754 0.0564277 0.938565 -2.87657 -0.163717
-0.712274 0.0826337 0.0563478 0.920129 -2.88333 -0.164057
-0.710653 0.083771 0.0562677 0.901647 -2.88998 -0.164391
-0.709018 0.0848871 0.0561875 0.883119 -2.89652 -0.164719
-0.707368 0.085982 0.0561071 0.864546 -2.90294 -0.165041
-0.705705 0.0870554 0.0560267 0.845929 -2.90925 -0.165357
-0.704027 0.0881072 0.0559462 0.827269 -2.91544 -0.165667
-0.702336 0.0891371 0.0558656 0.808566 -2.92152 -0.165971
-0.700632 0.090145 0.055785 0.789821 -2.92749 -0.166268
-0.698915 0.0911307 0.0557045 0.771035 -2.93333 -0.166559
-0.697185 0.092094 0.0556239 0.752207 -2.93907 -0.166844
-0.695443 0.0930349 0.0555432 0.73334 -2.94468 -0.167122
-0.693689 0.0939531 0.0554625 0.714433 -2.95018 -0.167393
-0.691923 0.0948485 0.0553818 0.695487 -2.95556 -0.167658
-0.690146 0.0957209 0.055301 0.676503 -2.96082 -0.167916
-0.688357 0.0965702 0.0552204 0.657482 -2.96597 -0.168167
-0.686558 0.0973962 0.0551398 0.638424 -2.971 -0.168412
-0.684748 0.0981988 0.0550592 0.619331 -2.97591 -0.16865
-0.682928 0.0989779 0.0549787 0.600202 -2.9807 -0.168881
-0.681098 0.0997333 0.0548983 0.581038 -2.98537 -0.169106
-0.679258 0.100465 0.054818 0.56184 -2.98992 -0.169325
-0.677409 0.101173 0.0547379 0.54261 -2.99436 -0.169536
-0.675551 0.101856 0.0546579 0.523346 -2.99867 -0.169741
-0.673684 0.102516 0.0545782 0.504052 -3.00287 -0.16994
-0.671809 0.103151 0.0544985 0.484726 -3.00694 -0.170131
-0.669925 0.103762 0.054419 0.465369 -3.01089 -0.170315
-0.668034 0.104349 0.0543396 0.445984 -3.01472 -0.170492
-0.666136 0.104911 0.0542604 0.426569 -3.01843 -0.170662
-0.66423 0.105448 0.0541813 0.407126 -3.02202 -0.170824
-0.662317 0.10596 0.0541026 0.387656 -3.02549 -0.170979
-0.660398 0.106448 0.0540241 0.368159 -3.02883 -0.171127
-0.658473 0.106911 0.0539459 0.348636 -3.03205 -0.171267
-0.656542 0.107348 0.0538679 0.329088 -3.03515 -0.1714
-0.654606 0.107761 0.0537902 0.309516 -3.03813 -0.171526
-0.652664 0.108149 0.0537128 0.28992 -3.04098 -0.171644
-0.650717 0.108511 0.0536356 0.270301 -3.04371 -0.171756
-0.648766 0.108848 0.0535588 0.25066 -3.04632 -0.171859
-0.646811 0.10916 0.0534824 0.230997 -3.0488 -0.171956
-0.644852 0.109446 0.0534063 0.211314 -3.05116 -0.172045
-0.642889 0.109707 0.0533305 0.191611 -3.0534 -0.172127
-0.640923 0.109943 0.0532551 0.171888 -3.05551 -0.172202
-0.638954 0.110153 0.0531801 0.152147 -3.0575 -0.17227
-0.636982 0.110337 0.0531054 0.132389 -3.05936 -0.172331
-0.635009 0.110496 0.0530312 0.112613 -3.0611 -0.172385
-0.633033 0.110629 0.0529574 0.0928216 -3.06271 -0.172432
-0.631056 0.110737 0.052884 0.0730144 -3.06421 -0.172473
-0.629077 0.110819 0.052811 0.0531925 -3.06557 -0.172507
-0.627098 0.110875 0.0527386 0.0333566 -3.06682 -0.172535
-0.625118 0.110906 0.0526665 0.0135075 -3.06794 -0.172556
-0.623137 0.110911 0.052595 -0.00635411 -3.06893 -0.172571
-0.621157 0.110891 0.0525239 -0.0262274 -3.0698 -0.172579
-0.619178 0.110844 0.0524533 -0.0461116 -3.07055 -0.17258
-0.617199 0.110772 0.0523833 -0.0660059 -3.07116 -0.172574
-0.615221 0.110675 0.0523138 -0.0859095 -3.07166 -0.172561
-0.613244 0.110552 0.0522448 -0.105822 -3.07202 -0.172541
-0.611269 0.110403 0.0521763 -0.125742 -3.07226 -0.172513
-0.609297 0.110228 0.0521084 -0.145668 -3.07238 -0.172478
-0.607326 0.110029 0.0520411 -0.165601 -3.07236 -0.172435
-0.605359 0.109803 0.0519744 -0.18554 -3.07222 -0.172385
-0.603394 0.109552 0.0519083 -0.205483 -3.07196 -0.172327
-0.601433 0.109276 0.0518428 -0.22543 -3.07156 -0.172262
-0.599476 0.108974 0.0517779 -0.245379 -3.07104 -0.172189
-0.597523 0.108647 0.0517136 -0.265332 -3.07039 -0.172109
-0.595574 0.108295 0.05165 -0.285285 -3.06962 -0.172023
-0.59363 0.107917 0.051587 -0.30524 -3.06872 -0.171929
-0.59169 0.107514 0.0515247 -0.325194 -3.06769 -0.171828
-0.589757 0.107086 0.051463 -0.345148 -3.06654 -0.17172
-0.587828 0.106633 0.0514021 -0.3651 -3.06526 -0.171606
-0.585906 0.106156 0.0513418 -0.38505 -3.06385 -0.171484
-0.58399 0.105653 0.0512822 -0.404997 -3.06231 -0.171356
-0.582081 0.105125 0.0512233 -0.424939 -3.06065 -0.171221
-0.580179 0.104573 0.0511651 -0.444877 -3.05886 -0.171079
-0.578284 0.103996 0.0511076 -0.464809 -3.05694 -0.17093
-0.576397 0.103395 0.0510509 -0.484734 -3.0549 -0.170773
-0.574518 0.102769 0.050995 -0.504652 -3.05272 -0.17061
-0.572647 0.102119 0.0509398 -0.524562 -3.05042 -0.170439
-0.570784 0.101445 0.0508854 -0.544463 -3.04799 -0.170261
-0.56893 0.100747 0.0508318 -0.564355 -3.04544 -0.170076
-0.567086 0.100025 0.0507789 -0.584236 -3.04275 -0.169883
-0.565251 0.0992787 0.0507269 -0.604106 -3.03994 -0.169683
-0.563426 0.0985089 0.0506756 -0.623963 -3.037 -0.169476
-0.561611 0.0977155 0.0506252 -0.643808 -3.03393 -0.169261
-0.559806 0.0968987 0.0505755 -0.663639 -3.03074 -0.16904
-0.558012 0.0960586 0.0505267 -0.683456 -3.02742 -0.168811
-0.556229 0.0951953 0.0504788 -0.703257 -3.02397 -0.168575
-0.554457 0.094309 0.0504317 -0.723042 -3.02039 -0.168332
-0.552697 0.0933998 0.0503854 -0.742811 -3.01668 -0.168082
-0.550949 0.0924678 0.05034 -0.762561 -3.01285 -0.167825
-0.549213 0.0915133 0.0502955 -0.782293 -3.00889 -0.16756
-0.54749 0.0905364 0.0502518 -0.802006 -3.00481 -0.167288
-0.545779 0.0895372 0.050209 -0.821698 -3.00059 -0.167008
-0.544082 0.088516 0.0501672 -0.84137 -2.99625 -0.166721
-0.542397 0.0874729 0.0501262 -0.861019 -2.99178 -0.166427
-0.540727 0.086408 0.0500861 -0.880646 -2.98718 -0.166126
-0.53907 0.0853215 0.0500469 -0.900249 -2.98246 -0.165818
-0.537428 0.0842137 0.0500087 -0.919828 -2.97761 -0.165503
-0.5358 0.0830847 0.0499714 -0.939382 -2.97263 -0.165181
-0.534186 0.0819347 0.049935 -0.958909 -2.96752 -0.164853
-0.532588 0.080764 0.0498996 -0.97841 -2.96229 -0.164518
-0.531005 0.0795726 0.049865 -0.997883 -2.95693 -0.164176
-0.529438 0.0783608 0.0498315 -1.01733 -2.95144 -0.163827
-0.527886 0.0771287 0.0497989 -1.03674 -2.94582 -0.163471
-0.52635 0.0758767 0.0497672 -1.05613 -2.94008 -0.163108
-0.524831 0.074605 0.0497365 -1.07548 -2.93421 -0.162738
-0.523328 0.0733136 0.0497067 -1.0948 -2.92822 -0.16236
-0.521843 0.0720029 0.049678 -1.11409 -2.9221 -0.161976
-0.520374 0.070673 0.0496502 -1.13334 -2.91585 -0.161585
-0.518922 0.0693243 0.0496234 -1.15256 -2.90947 -0.161187
-0.517489 0.0679568 0.0495976 -1.17175 -2.90297 -0.160782
-0.516073 0.0665709 0.0495728 -1.1909 -2.89634 -0.16037
-0.514675 0.0651668 0.049549 -1.21001 -2.88959 -0.15995
-0.513295 0.0637446 0.0495262 -1.22908 -2.88271 -0.159524
-0.511934 0.0623048 0.0495044 -1.24812 -2.87571 -0.15909
-0.510591 0.0608474 0.0494836 -1.26712 -2.86858 -0.158648
-0.509268 0.0593728 0.0494638 -1.28607 -2.86133 -0.158199
-0.507964 0.0578811 0.0494451 1.30455 2.85299 0.15769
-0.506679 0.0563727 0.0494273 1.32252 2.84356 0.15712
-0.505413 0.0548477 0.0494106 1.34042 2.83401 0.156544
-0.504168 0.0533065 0.049395 1.35825 2.82436 0.155963
-0.502943 0.0517493 0.0493803 1.37602 2.81459 0.155376
-0.501738 0.0501764 0.0493666 1.39371 2.80471 0.154783
-0.500553 0.048588 0.049354 1.41133 2.79472 0.154185
-0.499389 0.0469844 0.0493424 1.42889 2.78462 0.153582
-0.498246 0.0453659 0.0493319 1.44637 2.77441 0.152972
-0.497124 0.0437326 0.0493224 1.46378 2.76409 0.152357
-0.496023 0.042085 0.0493139 1.48112 2.75367 0.151735
-0.494944 0.0404233 0.0493065 1.49838 2.74313 0.151108
-0.493886 0.0387478 0.0493001 1.51557 2.73249 0.150473
-0.49285 0.0370587 0.0492947 1.53268 2.72174 0.149833
-0.491836 0.0353563 0.0492904 1.54972 2.71089 0.149186
-0.490844 0.0336409 0.0492872 1.56669 2.69993 0.148532
-0.489874 0.0319128 0.049285 1.58357 2.68886 0.147873
-0.488927 0.0301724 0.0492838 1.60038 2.67769 0.147208
-0.488002 0.0284198 0.0492837 1.61711 2.66641 0.146537
-0.4871 0.0266554 0.0492846 1.63376 2.65503 0.14586
-0.486221 0.0248795 0.0492866 1.65034 2.64355 0.145178
-0.485365 0.0230923 0.0492896 1.66683 2.63197 0.144492
-0.484533 0.0212942 0.0492937 1.68324 2.62028 0.1438
-0.483723 0.0194855 0.0492988 1.69958 2.6085 0.143103
-0.482938 0.0176665 0.049305 1.71583 2.59661 0.142401
-0.482175 0.0158374 0.0493122 1.732 2.58462 0.141694
-0.481437 0.0139986 0.0493204 1.74808 2.57254 0.140982
-0.480722 0.0121505 0.0493297 1.76409 2.56035 0.140264
-0.480031 0.0102932 0.04934 1.78001 2.54807 0.139541
-0.479365 0.0084272 0.0493513 1.79584 2.53569 0.138812
-0.478723 0.0065527 0.0493637 1.81159 2.52321 0.138078
-0.478105 0.00467005 0.0493771 1.82726 2.51063 0.137338
-0.477511 0.00277956 0.0493916 1.84284 2.49796 0.136593
-0.476942 0.000881561 0.049407 1.85833 2.4852 0.135843
-0.476397 -0.00102364 0.0494235 1.87373 2.47234 0.135087
-0.475878 -0.00293572 0.049441 1.88905 2.45938 0.134326
-0.475383 -0.00485437 0.0494596 1.90428 2.44634 0.13356
-0.474913 -0.00677924 0.0494791 1.91942 2.4332 0.132789
-0.474467 -0.00871004 0.0494997 1.93447 2.41996 0.132013
-0.474047 -0.0106464 0.0495213 1.94943 2.40664 0.131233
-0.473652 -0.0125881 0.0495439 1.96431 2.39322 0.130447
-0.473283 -0.0145347 0.0495675 1.97909 2.37972 0.129657
-0.472938 -0.0164859 0.0495921 1.99378 2.36612 0.128863
-0.472619 -0.0184413 0.0496176 2.00837 2.35244 0.128063
-0.472325 -0.0204008 0.0496442 2.02288 2.33867 0.127259
-0.472056 -0.0223638 0.0496717 2.03728 2.32479 0.126414
-0.471813 -0.0243302 0.0497003 2.05154 2.31077 0.12546
-0.471596 -0.0262995 0.0497298 2.06563 2.29654 0.124296
-0.471403 -0.0282715 0.0497602 2.07948 2.28205 0.122797
-0.471237 -0.0302458 0.0497916 2.09302 2.2672 0.120813
-0.471096 -0.0322221 0.049824 2.10616 2.25188 0.118171
-0.470981 -0.0342 0.0498574 2.11886 2.23607 0.114819
-0.470891 -0.0361792 0.0498917 2.1311 2.21977 0.110813
-0.470827 -0.0381594 0.049927 2.14295 2.20306 0.106308
-0.470788 -0.0401402 0.0499632 2.1545 2.18609 0.101548
-0.470802 -0.0421214 0.0499977 2.17616 2.18147 0.118273
-0.470972 -0.0421217 0.0499807 2.17526 2.18043 0.116911
-0.471385 -0.0421225 0.0499385 2.17441 2.17943 0.115618
-0.472095 -0.0421238 0.0498688 2.1736 2.17849 0.11439
-0.473121 -0.0421258 0.0497661 2.17283 2.17759 0.113225
-0.474449 -0.0421283 0.0496325 2.1721 2.17674 0.112117
-0.476038 -0.0421314 0.0494715 2.17141 2.17593 0.111066
-0.477828 -0.0421348 0.0492889 2.17075 2.17516 0.110065
-0.479745 -0.0421386 0.0490922 2.17013 2.17442 0.109115
-0.481704 -0.0421424 0.0488903 2.16953 2.17373 0.108213
-0.483621 -0.0421462 0.048692 2.16897 2.17307 0.107356
-0.485411 -0.0421497 0.0485056 2.16844 2.17244 0.106543
-0.486999 -0.0421528 0.0483417 2.16793 2.17184 0.10577
-0.488326 -0.0421555 0.0482024 2.16745 2.17127 0.105038
-0.489352 -0.0421575 0.0480958 2.16699 2.17073 0.104342
-0.490062 -0.0421588 0.0480235 2.16655 2.17022 0.10368
-0.490475 -0.0421597 0.0479794 2.16614 2.16973 0.103051
-0.490645 -0.04216 0.0479621 2.16575 2.16927 0.102454
-0.490671 -0.0421601 0.0479594 2.15686 2.15758 0.0704961
-0.490686 -0.040178 0.0479223 2.14261 2.17583 0.0772872
-0.49073 -0.0381964 0.0478864 2.1279 2.1936 0.0831595
-0.490804 -0.0362157 0.0478515 2.1127 2.2108 0.0878518
-0.490907 -0.0342363 0.0478177 2.09701 2.22742 0.0912564
-0.49104 -0.0322586 0.047785 2.08089 2.24348 0.0934163
-0.491202 -0.030283 0.0477533 2.0644 2.25906 0.0945217
-0.491394 -0.0283101 0.0477227 2.04765 2.27429 0.0949059
-0.491614 -0.0263403 0.0476932 2.0307 2.28926 0.0948425
-0.491864 -0.0243739 0.0476649 2.01362 2.30406 0.0945464
-0.492144 -0.0224114 0.0476378 1.99643 2.31873 0.0941757
-0.492452 -0.0204533 0.0476118 1.97915 2.33331 0.0938329
-0.49279 -0.0185 0.047587 1.96181 2.3478 0.0935666
-0.493156 -0.0165519 0.0475633 1.94439 2.36222 0.0933733
-0.493552 -0.0146095 0.0475407 1.9269 2.37655 0.0932496
-0.493976 -0.0126732 0.0475192 1.90932 2.3908 0.0931922
-0.494429 -0.0107434 0.047499 1.89167 2.40496 0.0931983
-0.494911 -0.00882047 0.0474799 1.87394 2.41902 0.0932648
-0.495422 -0.00690497 0.0474619 1.85612 2.433 0.0933891
-0.49596 -0.00499726 0.0474452 1.83822 2.44687 0.0935686
-0.496527 -0.00309776 0.0474296 1.82024 2.46065 0.0938008
-0.497123 -0.00120691 0.0474152 1.80218 2.47434 0.0940832
-0.497746 0.000674888 0.0474021 1.78402 2.48791 0.0944137
-0.498398 0.00254721 0.04739 1.76579 2.50139 0.09479
-0.499077 0.00440964 0.0473792 1.74746 2.51476 0.0952099
-0.499783 0.00626177 0.0473696 1.72905 2.52802 0.0956714
-0.500518 0.00810318 0.0473611 1.71055 2.54118 0.0961724
-0.501279 0.00993347 0.0473539 1.69197 2.55422 0.0967112
-0.502068 0.0117522 0.0473478 1.67329 2.56715 0.0972858
-0.502884 0.0135591 0.047343 1.65453 2.57996 0.0978944
-0.503726 0.0153536 0.0473393 1.63568 2.59266 0.0985353
-0.504595 0.0171353 0.0473369 1.61675 2.60524 0.0992067
-0.505491 0.018904 0.0473357 1.59772 2.61771 0.0999069
-0.506412 0.0206591 0.0473357 1.57861 2.63005 0.100634
-0.50736 0.0224003 0.0473368 1.55942 2.64227 0.101387
-0.508333 0.0241273 0.0473392 1.54013 2.65436 0.102164
-0.509333 0.0258395 0.0473427 1.52076 2.66633 0.102964
-0.510357 0.0275367 0.0473475 1.5013 2.67818 0.103786
-0.511407 0.0292185 0.0473535 1.48175 2.68989 0.104628
-0.512481 0.0308845 0.0473606 1.46212 2.70148 0.105489
-0.51358 0.0325343 0.047369 1.44241 2.71294 0.106369
-0.514704 0.0341675 0.0473785 1.42261 2.72426 0.107265
-0.515851 0.0357839 0.0473893 1.40273 2.73545 0.108178
-0.517023 0.037383 0.0474012 1.38276 2.74651 0.109106
-0.518218 0.0389645 0.0474144 1.36271 2.75743 0.110048
-0.519437 0.040528 0.0474287 1.34258 2.76822 0.111004
-0.520679 0.0420732 0.0474442 1.32236 2.77887 0.111971
-0.521943 0.0435998 0.0474609 1.30207 2.78938 0.11295
-0.523231 0.0451074 0.0474787 1.28169 2.79975 0.11394
-0.52454 0.0465956 0.0474977 1.26124 2.80999 0.11494
-0.525872 0.0480642 0.0475179 1.24071 2.82008 0.11595
-0.527225 0.0495128 0.0475392 1.2201 2.83003 0.116968
-0.528599 0.0509411 0.0475617 1.19941 2.83984 0.117994
-0.529995 0.0523488 0.0475853 1.17865 2.8495 0.119027
-0.531411 0.0537356 0.0476102 1.15781 2.85902 0.120067
-0.532848 0.0551011 0.0476361 1.1369 2.86839 0.121113
-0.534305 0.0564451 0.0476632 1.11591 2.87761 0.122163
-0.535782 0.0577672 0.0476915 1.09486 2.88669 0.123219
-0.537278 0.0590672 0.0477208 1.07372 2.89562 0.124278
-0.538794 0.0603448 0.0477513 1.05252 2.90439 0.12534
-0.540328 0.0615997 0.0477828 1.03125 2.91302 0.126405
-0.541881 0.0628316 0.0478155 1.00991 2.9215 0.127473
-0.543452 0.0640403 0.0478492 0.988502 2.92982 0.128543
-0.545041 0.0652254 0.047884 0.967026 2.93799 0.129614
-0.546647 0.0663867 0.04792 0.945485 2.94601 0.130687
-0.54827 0.067524 0.047957 0.923878 2.95387 0.13176
-0.549911 0.068637 0.0479951 0.902208 2.96159 0.132834
-0.551567 0.0697255 0.0480342 0.880475 2.96914 0.133907
-0.553239 0.0707892 0.0480744 0.85868 2.97654 0.134981
-0.554927 0.0718278 0.0481156 0.836825 2.98379 0.136055
-0.556631 0.0728413 0.0481578 0.814909 2.99088 0.137127
-0.558349 0.0738292 0.048201 0.792936 2.99781 0.138199
-0.560081 0.0747915 0.0482453 0.770904 3.00459 0.139269
-0.561828 0.0757278 0.0482906 0.748816 3.0112 0.140338
-0.563589 0.076638 0.0483368 0.726673 3.01766 0.141405
-0.565363 0.077522 0.0483841 0.704475 3.02395 0.142469
-0.567149 0.0783794 0.0484323 0.682225 3.03009 0.143531
-0.568949 0.0792101 0.0484814 0.659921 3.03607 0.14459
-0.57076 0.0800139 0.0485316 0.637567 3.04188 0.145645
-0.572583 0.0807906 0.0485826 0.615163 3.04753 0.146697
-0.574418 0.0815402 0.0486346 0.59271 3.05302 0.147746
-0.576263 0.0822623 0.0486875 0.570209 3.05834 0.14879
-0.578119 0.0829568 0.0487413 0.547662 3.0635 0.149829
-0.579985 0.0836237 0.048796 0.52507 3.0685 0.150865
-0.581861 0.0842627 0.0488515 0.502433 3.07333 0.151895
-0.583746 0.0848736 0.048908 0.479753 3.07799 0.15292
-0.58564 0.0854565 0.0489653 0.457032 3.08249 0.15394
-0.587542 0.086011 0.0490234 0.434269 3.08683 0.154955
-0.589453 0.0865372 0.0490823 0.411467 3.09099 0.155964
-0.591371 0.0870348 0.0491421 0.388627 3.09499 0.156967
-0.593296 0.0875039 0.0492027 0.36575 3.09882 0.157964
-0.595228 0.0879442 0.049264 0.342837 3.10249 0.158955
-0.597166 0.0883557 0.0493261 0.31989 3.10599 0.159939
-0.59911 0.0887383 0.049389 0.296908 3.10932 0.160918
-0.60106 0.0890919 0.0494526 0.273895 3.11248 0.16189
-0.603015 0.0894164 0.049517 0.25085 3.11547 0.162856
-0.604974 0.0897117 0.0495821 0.227776 3.1183 0.163816
-0.606937 0.0899779 0.0496479 0.204673 3.12095 0.16477
-0.608904 0.0902148 0.0497144 0.181543 3.12343 0.165717
-0.610875 0.0904223 0.0497815 0.158386 3.12574 0.166658
-0.612848 0.0906005 0.0498494 0.135205 3.12787 0.167592
-0.614823 0.0907493 0.0499178 0.112 3.12984 0.168518
-0.616801 0.0908686 0.0499869 0.0887731 3.13163 0.169437
-0.61878 0.0909585 0.0500566 0.0655249 3.13325 0.170348
-0.62076 0.0910188 0.0501269 0.0422567 3.1347 0.17125
-0.622741 0.0910497 0.0501979 0.01897 3.13598 0.172144
-0.624723 0.091051 0.0502693 0.00433338 -3.13656 -0.173
-0.626703 0.0910229 0.0503413 0.0276304 -3.1353 -0.173755
-0.628684 0.0909652 0.0504139 0.0509098 -3.13387 -0.174499
-0.630663 0.0908781 0.0504869 0.0741701 -3.13226 -0.175234
-0.63264 0.0907615 0.0505605 0.0974102 -3.13048 -0.17596
-0.634616 0.0906154 0.0506345 0.120629 -3.12853 -0.176676
-0.636589 0.0904399 0.050709 0.143824 -3.12641 -0.177384
-0.63856 0.0902351 0.050784 0.166996 -3.12411 -0.178082
-0.640527 0.0900009 0.0508595 0.190142 -3.12165 -0.178771
-0.64249 0.0897374 0.0509353 0.213261 -3.11901 -0.17945
-0.644449 0.0894447 0.0510116 0.236353 -3.11621 -0.180121
-0.646404 0.0891229 0.0510882 0.259415 -3.11323 -0.180782
-0.648354 0.088772 0.0511653 0.282447 -3.11009 -0.181434
-0.650298 0.0883921 0.0512426 0.305448 -3.10678 -0.182076
-0.652236 0.0879832 0.0513203 0.328416 -3.1033 -0.182708
-0.654168 0.0875455 0.0513983 0.35135 -3.09965 -0.183331
-0.656093 0.0870791 0.0514766 0.374249 -3.09584 -0.183944
-0.658011 0.0865841 0.0515552 0.397111 -3.09186 -0.184547
-0.659921 0.0860605 0.0516341 0.419937 -3.08771 -0.18514
-0.661824 0.0855086 0.0517132 0.442723 -3.0834 -0.185724
-0.663718 0.0849283 0.0517926 0.46547 -3.07891 -0.186297
-0.665603 0.0843199 0.0518722 0.488176 -3.07427 -0.18686
-0.667479 0.0836835 0.0519519 0.510839 -3.06946 -0.187413
-0.669345 0.0830193 0.0520318 0.533459 -3.06448 -0.187955
-0.671201 0.0823273 0.0521118 0.556034 -3.05933 -0.188486
-0.673046 0.0816077 0.052192 0.578564 -3.05403 -0.189007
-0.674881 0.0808607 0.0522724 0.601046 -3.04855 -0.189517
-0.676704 0.0800864 0.0523529 0.623481 -3.04291 -0.190016
-0.678515 0.079285 0.0524335 0.645865 -3.03711 -0.190504
-0.680315 0.0784568 0.0525142 0.6682 -3.03115 -0.19098
-0.682101 0.0776018 0.052595 0.690482 -3.02502 -0.191446
-0.683875 0.0767203 0.0526757 0.712712 -3.01873 -0.1919
-0.685636 0.0758125 0.0527565 0.734888 -3.01227 -0.192342
-0.687382 0.0748786 0.0528372 0.757008 -3.00566 -0.192773
-0.689115 0.0739187 0.0529179 0.779072 -2.99888 -0.193193
-0.690833 0.0729331 0.0529984 0.801079 -2.99195 -0.193602
-0.692537 0.071922 0.053079 0.823027 -2.98485 -0.194
-0.694225 0.0708857 0.0531596 0.844916 -2.9776 -0.194387
-0.695897 0.0698243 0.0532401 0.866744 -2.97019 -0.194763
-0.697553 0.0687381 0.0533205 0.88851 -2.96262 -0.195128
-0.699193 0.0676273 0.0534008 0.910213 -2.95489 -0.195483
-0.700817 0.0664922 0.0534809 0.931853 -2.94701 -0.195827
-0.702423 0.0653331 0.0535609 0.953426 -2.93897 -0.19616
-0.704012 0.0641501 0.0536406 0.974934 -2.93078 -0.196483
-0.705583 0.0629436 0.0537203 0.996374 -2.92243 -0.196795
-0.707136 0.0617138 0.0537997 1.01775 -2.91392 -0.197097
-0.70867 0.060461 0.0538788 1.03905 -2.90526 -0.197387
-0.710185 0.0591855 0.0539577 1.06028 -2.89645 -0.197668
-0.711682 0.0578876 0.0540363 1.08144 -2.88749 -0.197937
-0.713159 0.0565675 0.0541145 1.10253 -2.87838 -0.198196
-0.714616 0.0552255 0.0541925 1.12354 -2.86911 -0.198444
-0.716053 0.0538619 0.0542702 1.14448 -2.8597 -0.198681
-0.717469 0.0524771 0.0543476 1.16535 -2.85013 -0.198907
-0.718865 0.0510713 0.0544247 1.18613 -2.84042 -0.199123
-0.720239 0.0496449 0.0545014 1.20684 -2.83056 -0.199327
-0.721592 0.0481981 0.0545777 1.22748 -2.82055 -0.199521
-0.722924 0.0467313 0.0546536 1.24803 -2.8104 -0.199705
-0.724233 0.0452449 0.0547291 1.2685 -2.8001 -0.199877
-0.725521 0.0437391 0.0548041 1.28889 -2.78965 -0.200039
-0.726785 0.0422143 0.0548786 1.3092 -2.77907 -0.200191
-0.728027 0.0406707 0.0549526 1.32943 -2.76833 -0.200332
-0.729246 0.0391089 0.0550263 1.34957 -2.75746 -0.200462
-0.730441 0.037529 0.0550994 1.36962 -2.74644 -0.200581
-0.731613 0.0359315 0.0551719 1.38959 -2.73528 -0.20069
-0.73276 0.0343167 0.055244 1.40947 -2.72398 -0.200788
-0.733884 0.032685 0.0553155 1.42927 -2.71254 -0.200875
-0.734983 0.0310367 0.0553864 1.44897 -2.70095 -0.200951
-0.736057 0.0293722 0.0554567 1.46858 -2.68923 -0.201016
-0.737107 0.0276919 0.0555265 1.48811 -2.67737 -0.20107
-0.738131 0.0259961 0.0555956 1.50754 -2.66537 -0.201114
-0.73913 0.0242852 0.0556641 1.52687 -2.65324 -0.201146
-0.740104 0.0225596 0.055732 1.54612 -2.64096 -0.201168
-0.741052 0.0208197 0.0557992 1.56527 -2.62856 -0.201179
-0.741973 0.0190658 0.0558657 1.58432 -2.61601 -0.201178
-0.742869 0.0172984 0.0559315 1.60328 -2.60334 -0.201168
-0.743738 0.0155178 0.0559967 1.62214 -2.59053 -0.201146
-0.74458 0.0137245 0.0560611 1.6409 -2.57758 -0.201113
-0.745396 0.0119187 0.0561248 1.65956 -2.56451 -0.20107
-0.746185 0.0101011 0.0561877 1.67812 -2.5513 -0.201016
-0.746946 0.00827181 0.0562499 1.69658 -2.53796 -0.200951
-0.74768 0.0064314 0.0563113 1.71493 -2.5245 -0.200875
-0.748387 0.00458024 0.056372 1.73319 -2.5109 -0.200789
-0.749066 0.00271874 0.0564318 1.75134 -2.49718 -0.200692
-0.749718 0.000847308 0.0564908 1.76939 -2.48333 -0.200584
-0.750341 -0.00103363 0.056549 1.78733 -2.46935 -0.200466
-0.750936 -0.00292367 0.0566063 1.80517 -2.45525 -0.200336
-0.751504 -0.00482239 0.0566627 1.8229 -2.44103 -0.200196
-0.752042 -0.00672937 0.0567184 1.84052 -2.42668 -0.200044
-0.752553 -0.00864417 0.0567731 1.85803 -2.41221 -0.199881
-0.753035 -0.0105664 0.056827 1.87543 -2.39761 -0.199708
-0.753488 -0.0124956 0.0568799 1.89273 -2.38289 -0.199523
-0.753912 -0.0144314 0.056932 1.90991 -2.36806 -0.199328
-0.754308 -0.0163732 0.0569831 1.92698 -2.3531 -0.199122
-0.754674 -0.0183208 0.0570333 1.94394 -2.33802 -0.198906
-0.755012 -0.0202737 0.0570825 1.96078 -2.32283 -0.19868
-0.75532 -0.0222313 0.0571308 1.97751 -2.30752 -0.198443
-0.7556 -0.0241934 0.0571781 1.99413 -2.29209 -0.198196
-0.75585 -0.0261594 0.0572244 2.01063 -2.27655 -0.197938
-0.75607 -0.028129 0.0572698 2.02701 -2.26089 -0.19767
-0.756262 -0.0301017 0.0573141 2.04328 -2.24512 -0.197392
-0.756424 -0.032077 0.0573574 2.05943 -2.22924 -0.197103
-0.756556 -0.0340545 0.0573996 2.07546 -2.21324 -0.196803
-0.75666 -0.0360338 0.0574409 2.09137 -2.19713 -0.196494
-0.756733 -0.0380144 0.0574812 2.10716 -2.18092 -0.196173
-0.756778 -0.039996 0.0575203 2.12283 -2.16459 -0.195843
-0.756792 -0.041978 0.0575585 2.13838 -2.14816 -0.195502
-0.756778 -0.04396 0.0575955 2.15381 -2.13162 -0.195151
-0.756733 -0.0459416 0.0576315 2.16911 -2.11497 -0.19479
-0.75666 -0.0479223 0.0576664 2.1843 -2.09821 -0.194418
-0.756556 -0.0499017 0.0577003 2.19935 -2.08136 -0.194036
-0.756424 -0.0518794 0.057733 2.21429 -2.06439 -0.193644
-0.756262 -0.053855 0.0577647 2.22909 -2.04733 -0.193241
-0.75607 -0.0558279 0.0577952 2.24378 -2.03016 -0.192828
-0.75585 -0.0577978 0.0578246 2.25833 -2.01289 -0.192405
-0.7556 -0.0597641 0.0578529 2.27276 -1.99552 -0.191972
-0.75532 -0.0617266 0.0578801 2.28706 -1.97806 -0.19153
-0.755012 -0.0636847 0.0579061 2.30123 -1.96049 -0.191078
-0.754674 -0.065638 0.0579309 2.31527 -1.94283 -0.190616
-0.754308 -0.0675861 0.0579547 2.32918 -1.92507 -0.190144
-0.753912 -0.0695285 0.0579772 2.34296 -1.90721 -0.189661
-0.753488 -0.0714648 0.0579986 2.35661 -1.88926 -0.189168
-0.753035 -0.0733947 0.0580189 2.37013 -1.87122 -0.188665
-0.752553 -0.0753175 0.0580379 2.38352 -1.85309 -0.188151
-0.752042 -0.0772331 0.0580559 2.39677 -1.83486 -0.187627
-0.751504 -0.0791408 0.0580726 2.40989 -1.81654 -0.187094
-0.750936 -0.0810403 0.0580882 2.42288 -1.79813 -0.186551
-0.750341 -0.0829311 0.0581026 2.43573 -1.77964 -0.185998
-0.749718 -0.0848129 0.0581158 2.44844 -1.76105 -0.185437
-0.749066 -0.0866852 0.0581278 2.46102 -1.74238 -0.184866
-0.748387 -0.0885477 0.0581387 2.47347 -1.72362 -0.184286
-0.74768 -0.0903998 0.0581483 2.48578 -1.70478 -0.183696
-0.746946 -0.0922412 0.0581567 2.49795 -1.68585 -0.183097
-0.746185 -0.0940715 0.058164 2.50998 -1.66684 -0.182488
-0.745396 -0.0958903 0.05817 2.52187 -1.64775 -0.181869
-0.74458 -0.0976971 0.0581749 2.53363 -1.62858 -0.18124
-0.743738 -0.0994916 0.0581785 2.54525 -1.60933 -0.180601
-0.742869 -0.101273 0.0581809 2.55672 -1.59 -0.179953
-0.741973 -0.103042 0.0581822 2.56806 -1.57059 -0.179295
-0.741052 -0.104797 0.0581822 2.57925 -1.5511 -0.178629
-0.740104 -0.106538 0.0581811 2.59031 -1.53154 -0.177953
-0.73913 -0.108265 0.0581787 2.60122 -1.5119 -0.177269
-0.738131 -0.109978 0.0581751 2.61199 -1.49219 -0.176576
-0.737107 -0.111675 0.0581704 2.62262 -1.47241 -0.175874
-0.736057 -0.113357 0.0581644 2.6331 -1.45255 -0.175162
-0.734983 -0.115022 0.0581572 2.64344 -1.43263 -0.174441
-0.733884 -0.116672 0.0581489 2.65364 -1.41263 -0.173711
-0.73276 -0.118306 0.0581393 2.66369 -1.39256 -0.172971
-0.731613 -0.119922 0.0581286 2.6736 -1.37243 -0.172223
-0.730441 -0.121521 0.0581167 2.68336 -1.35223 -0.171465
-0.729246 -0.123102 0.0581035 2.69298 -1.33196 -0.170699
-0.728027 -0.124666 0.0580892 2.70245 -1.31163 -0.169925
-0.726785 -0.126211 0.0580737 2.71178 -1.29123 -0.169143
-0.725521 -0.127738 0.0580571 2.72096 -1.27078 -0.168353
-0.724233 -0.129245 0.0580393 2.72999 -1.25026 -0.167556
-0.722924 -0.130734 0.0580203 2.73887 -1.22967 -0.16675
-0.721592 -0.132202 0.0580001 2.7476 -1.20903 -0.165936
-0.720239 -0.133651 0.0579787 2.75619 -1.18833 -0.165115
-0.718865 -0.135079 0.0579561 2.76463 -1.16758 -0.164285
-0.717469 -0.136487 0.0579324 2.77292 -1.14676 -0.163447
-0.716053 -0.137874 0.0579076 2.78106 -1.12589 -0.1626
-0.714616 -0.139239 0.0578817 2.78904 -1.10497 -0.161745
-0.713159 -0.140583 0.0578546 2.79688 -1.08399 -0.16088
-0.711682 -0.141905 0.0578265 2.80457 -1.06296 -0.160006
-0.710185 -0.143205 0.0577972 2.81211 -1.04188 -0.159124
-0.70867 -0.144483 0.0577668 2.8195 -1.02074 -0.158231
-0.707136 -0.145738 0.0577352 2.82673 -0.99956 -0.15733
-0.705583 -0.14697 0.0577025 2.83382 -0.978328 -0.156419
-0.704012 -0.148178 0.0576687 2.84075 -0.957049 -0.155498
-0.702423 -0.149363 0.0576338 2.84753 -0.935724 -0.154569
-0.700817 -0.150525 0.0575979 2.85416 -0.914353 -0.153631
-0.699193 -0.151662 0.0575609 2.86063 -0.892938 -0.152684
-0.697553 -0.152775 0.0575228 2.86695 -0.87148 -0.151728
-0.695897 -0.153864 0.0574836 2.87312 -0.84998 -0.150764
-0.694225 -0.154927 0.0574434 2.87913 -0.828438 -0.149792
-0.692537 -0.155966 0.0574022 2.88499 -0.806856 -0.148812
-0.690833 -0.156979 0.0573601 2.8907 -0.785235 -0.147824
-0.689115 -0.157967 0.0573169 2.89625 -0.763576 -0.146827
-0.687382 -0.158929 0.0572728 2.90164 -0.74188 -0.145822
-0.685636 -0.159866 0.0572275 2.90688 -0.720148 -0.144808
-0.683875 -0.160776 0.0571812 2.91197 -0.698381 -0.143786
-0.682101 -0.16166 0.0571339 2.9169 -0.67658 -0.142755
-0.680315 -0.162517 0.0570857 2.92167 -0.654746 -0.141716
-0.678515 -0.163348 0.0570364 2.92629 -0.632881 -0.140669
-0.676704 -0.164152 0.0569863 2.93075 -0.610985 -0.139614
-0.674881 -0.164929 0.0569352 2.93506 -0.58906 -0.138551
-0.673046 -0.165678 0.0568833 2.93921 -0.567106 -0.13748
-0.671201 -0.1664 0.0568304 2.9432 -0.545125 -0.136403
-0.669345 -0.167095 0.0567766 2.94704 -0.523118 -0.135319
-0.667479 -0.167762 0.0567221 2.95072 -0.501086 -0.134228
-0.665603 -0.168401 0.0566665 2.95424 -0.47903 -0.133131
-0.663718 -0.169012 0.0566101 2.95761 -0.456951 -0.132029
-0.661824 -0.169594 0.0565528 2.96082 -0.43485 -0.130921
-0.659921 -0.170149 0.0564946 2.96387 -0.412729 -0.129809
-0.658011 -0.170675 0.0564356 2.96677 -0.390588 -0.128691
-0.656093 -0.171173 0.0563758 2.96951 -0.368428 -0.127569
-0.654168 -0.171642 0.0563153 2.97209 -0.34625 -0.126443
-0.652236 -0.172082 0.056254 2.97451 -0.324057 -0.125311
-0.650298 -0.172494 0.0561918 2.97678 -0.301847 -0.124174
-0.648354 -0.172876 0.0561289 2.97889 -0.279624 -0.123032
-0.646404 -0.17323 0.0560653 2.98084 -0.257387 -0.121884
-0.644449 -0.173554 0.0560009 2.98263 -0.235137 -0.120731
-0.64249 -0.17385 0.0559358 2.98427 -0.212877 -0.119572
-0.640527 -0.174116 0.05587 2.98574 -0.190606 -0.118407
-0.63856 -0.174353 0.0558035 2.98706 -0.168326 -0.117236
-0.636589 -0.17456 0.0557363 2.98822 -0.146038 -0.116059
-0.634616 -0.174739 0.0556685 2.98923 -0.123743 -0.114874
-0.63264 -0.174887 0.0556 2.99007 -0.101442 -0.113683
-0.630663 -0.175007 0.055531 2.99076 -0.0791362 -0.112485
-0.628684 -0.175096 0.0554613 2.99128 -0.0568262 -0.111279
-0.626703 -0.175157 0.055391 2.99165 -0.0345134 -0.110066
-0.624723 -0.175188 0.0553201 2.99186 -0.0121989 -0.108847
-0.622741 -0.175189 0.0552486 2.99191 0.0101162 -0.107621
-0.62076 -0.175161 0.0551766 2.9918 0.0324309 -0.106389
-0.61878 -0.175103 0.055104 2.99153 0.0547439 -0.105151
-0.616801 -0.175016 0.055031 2.99111 0.0770542 -0.103909
-0.614823 -0.174899 0.0549574 2.99052 0.0993607 -0.102662
-0.612848 -0.174753 0.0548834 2.98978 0.121662 -0.101411
-0.610875 -0.174578 0.0548088 2.98888 0.143958 -0.100156
-0.608904 -0.174373 0.0547338 2.98782 0.166247 -0.0988964
-0.606937 -0.174139 0.0546584 2.9866 0.188527 -0.0976325
-0.604974 -0.173875 0.0545825 2.98523 0.210799 -0.0963639
-0.603015 -0.173583 0.0545063 2.98369 0.23306 -0.0950898
-0.60106 -0.173261 0.0544297 2.982 0.25531 -0.09381
-0.59911 -0.17291 0.0543527 2.98015 0.277548 -0.0925239
-0.597166 -0.17253 0.0542753 2.97814 0.299773 -0.0912316
-0.595228 -0.172121 0.0541976 2.97598 0.321983 -0.0899331
-0.593296 -0.171684 0.0541196 2.97366 0.344178 -0.0886285
-0.591371 -0.171217 0.0540414 2.97117 0.366357 -0.0873185
-0.589453 -0.170722 0.0539628 2.96854 0.388517 -0.0860034
-0.587542 -0.170199 0.0538839 2.96574 0.410659 -0.0846836
-0.58564 -0.169647 0.0538048 2.96278 0.432781 -0.0833597
-0.583746 -0.169066 0.0537254 2.95967 0.454883 -0.0820318
-0.581861 -0.168458 0.0536458 2.9564 0.476962 -0.0807
-0.579985 -0.167822 0.0535661 2.95298 0.499018 -0.0793643
-0.578119 -0.167157 0.0534861 2.94939 0.52105 -0.0780246
-0.576263 -0.166465 0.053406 2.94565 0.543057 -0.0766809
-0.574418 -0.165746 0.0533258 2.94176 0.565038 -0.075333
-0.572583 -0.164999 0.0532454 2.9377 0.586991 -0.073981
-0.57076 -0.164224 0.053165 2.93349 0.608916 -0.0726249
-0.568949 -0.163423 0.0530844 2.92913 0.630812 -0.0712646
-0.567149 -0.162595 0.0530038 2.92461 0.652677 -0.0699001
-0.565363 -0.16174 0.0529231 2.91993 0.674511 -0.0685315
-0.563589 -0.160858 0.0528423 2.9151 0.696312 -0.0671586
-0.561828 -0.159951 0.0527616 2.91011 0.71808 -0.0657813
-0.560081 -0.159017 0.0526808 2.90497 0.739813 -0.0643996
-0.558349 -0.158057 0.0526001 2.89967 0.76151 -0.0630134
-0.556631 -0.157071 0.0525194 2.89422 0.783171 -0.0616228
-0.554927 -0.15606 0.0524388 2.88861 0.804794 -0.0602279
-0.553239 -0.155024 0.0523582 2.88285 0.826378 -0.0588288
-0.551567 -0.153962 0.0522777 2.87693 0.847923 -0.0574259
-0.549911 -0.152876 0.0521973 2.87086 0.869426 -0.0560193
-0.54827 -0.151765 0.0521171 2.86464 0.890887 -0.0546094
-0.546647 -0.15063 0.052037 2.85827 0.912305 -0.0531964
-0.545041 -0.149471 0.051957 2.85174 0.933679 -0.0517807
-0.543452 -0.148288 0.0518772 2.84506 0.955007 -0.0503624
-0.541881 -0.147082 0.0517977 2.83822 0.976289 -0.0489419
-0.540328 -0.145852 0.0517184 2.83123 0.997524 -0.0475193
-0.538794 -0.144599 0.0516392 2.8241 1.01871 -0.0460948
-0.537278 -0.143324 0.0515603 2.81681 1.03985 -0.0446685
-0.535782 -0.142026 0.0514817 2.80936 1.06093 -0.0432404
-0.534305 -0.140705 0.0514033 2.80177 1.08197 -0.0418105
-0.532848 -0.139363 0.0513253 2.79403 1.10295 -0.0403787
-0.531411 -0.138 0.0512475 2.78613 1.12388 -0.0389448
-0.529995 -0.136615 0.0511701 2.77809 1.14475 -0.0375085
-0.528599 -0.135209 0.0510931 2.7699 1.16557 -0.0360696
-0.527225 -0.133783 0.0510165 2.76155 1.18633 -0.0346279
-0.525872 -0.132336 0.0509402 2.75306 1.20703 -0.0331834
-0.52454 -0.130869 0.0508644 2.74442 1.22768 -0.031736
-0.523231 -0.129383 0.0507889 2.73563 1.24827 -0.0302858
-0.521943 -0.127877 0.0507139 2.7267 1.26879 -0.028833
-0.520679 -0.126352 0.0506394 2.71762 1.28925 -0.0273779
-0.519437 -0.124809 0.0505653 2.70838 1.30965 -0.0259207
-0.518218 -0.123247 0.0504916 2.69901 1.32999 -0.0244618
-0.517023 -0.121667 0.0504185 2.68948 1.35026 -0.0230012
-0.515851 -0.12007 0.050346 2.67981 1.37047 -0.0215392
-0.514704 -0.118455 0.0502739 2.67 1.39061 -0.0200758
-0.51358 -0.116823 0.0502024 2.66004 1.41068 -0.0186111
-0.512481 -0.115175 0.0501315 2.64993 1.43068 -0.0171452
-0.511407 -0.11351 0.0500611 2.63968 1.45061 -0.0156782
-0.510357 -0.11183 0.0499914 2.62929 1.47047 -0.01421
-0.509333 -0.110134 0.0499223 2.61875 1.49026 -0.0127408
-0.508333 -0.108423 0.0498538 2.60807 1.50998 -0.0112706
-0.50736 -0.106698 0.0497859 2.59725 1.52962 -0.00979941
-0.506412 -0.104958 0.0497187 2.58628 1.54918 -0.00832722
-0.505491 -0.103204 0.0496522 2.57518 1.56868 -0.00685397
-0.504595 -0.101436 0.0495863 2.56393 1.58809 -0.00537962
-0.503726 -0.0996558 0.0495212 2.55254 1.60743 -0.00390414
-0.502884 -0.0978625 0.0494567 2.54101 1.62668 -0.00242759
-0.502068 -0.0960568 0.049393 2.52935 1.64586 -0.00095008
-0.501279 -0.0942391 0.0493301 2.51754 1.66496 0.000528223
-0.500518 -0.0924098 0.0492679 2.5056 1.68397 0.00200715
-0.499783 -0.0905694 0.0492065 2.49351 1.7029 0.00348653
-0.499077 -0.0887183 0.0491459 2.48129 1.72175 0.00496624
-0.498398 -0.0868568 0.0490861 2.46894 1.74052 0.00644616
-0.497746 -0.0849853 0.0490271 2.45644 1.75919 0.00792622
-0.497123 -0.0831044 0.0489689 2.44381 1.77779 0.00940632
-0.496527 -0.0812143 0.0489116 2.43105 1.79629 0.0108863
-0.49596 -0.0793156 0.0488551 2.41814 1.8147 0.0123661
-0.495422 -0.0774087 0.0487994 2.40511 1.83303 0.0138456
-0.494911 -0.0754938 0.0487447 2.39194 1.85126 0.0153244
-0.494429 -0.0735716 0.0486909 2.37864 1.8694 0.0168026
-0.493976 -0.0716424 0.0486379 2.3652 1.88745 0.01828
-0.493552 -0.0697067 0.0485859 2.35164 1.90541 0.0197566
-0.493156 -0.0677648 0.0485348 2.33794 1.92327 0.0212322
-0.49279 -0.0658172 0.0484846 2.32411 1.94103 0.022707
-0.492452 -0.0638644 0.0484354 2.31014 1.9587 0.024181
-0.492144 -0.0619067 0.0483871 2.29607 1.97629 0.0256984
-0.491864 -0.0599446 0.0483397 2.28192 1.99384 0.0273466
-0.491614 -0.0579786 0.0482934 2.26773 2.01139 0.0292559
-0.491394 -0.056009 0.0482481 2.25355 2.02901 0.0315986
-0.491202 -0.0540364 0.0482039 2.23946 2.04678 0.0345883
-0.49104 -0.052061 0.0481606 2.22551 2.06479 0.0384798
-0.490907 -0.0500835 0.0481183 2.21173 2.08306 0.043385
-0.490804 -0.0481042 0.048077 2.19807 2.10158 0.0492752
-0.49073 -0.0461236 0.0480368 2.18445 2.12027 0.0559828
-0.490686 -0.0441421 0.0479975 2.17076 2.13899 0.0632033
-0.490695 -0.0421601 0.047957 2.14806 2.14633 0.0404698
-0.490842 -0.0421604 0.047942 2.1486 2.14704 0.0429909
-0.491201 -0.0421611 0.0479055 2.1491 2.14771 0.0453899
-0.491824 -0.0421623 0.04784 2.14958 2.14835 0.047666
-0.492731 -0.0421641 0.0477455 2.15004 2.14896 0.049829
-0.493916 -0.0421664 0.0476228 2.15047 2.14953 0.0518855
-0.49535 -0.0421693 0.0474736 2.15087 2.15008 0.0538409
-0.496987 -0.0421725 0.0473038 2.15126 2.1506 0.055696
-0.498766 -0.042176 0.0471184 2.15163 2.15109 0.0574604
-0.500618 -0.0421797 0.0469255 2.15197 2.15156 0.0591392
-0.502471 -0.0421833 0.0467325 2.1523 2.15201 0.060732
-0.50425 -0.0421868 0.0465494 2.15261 2.15243 0.0622466
-0.505887 -0.0421901 0.0463783 2.1529 2.15283 0.0636829
-0.507321 -0.0421929 0.0462303 2.15318 2.15322 0.0650497
-0.508506 -0.0421952 0.0461053 2.15345 2.15358 0.0663469
-0.509413 -0.042197 0.046012 2.1537 2.15392 0.0675812
-0.510036 -0.0421982 0.0459476 2.15394 2.15425 0.0687497
-0.510395 -0.0421989 0.0459099 2.15416 2.15456 0.0698647
-0.510542 -0.0421992 0.0458937 2.15437 2.15486 0.0709219
-0.510565 -0.0421993 0.0458916 2.16927 2.17265 0.0968574
-0.510583 -0.044177 0.0459298 2.18459 2.14982 0.0920274
-0.510634 -0.0461541 0.0459691 2.20011 2.12739 0.0880727
-0.510721 -0.0481299 0.0460097 2.21598 2.10549 0.0851437
-0.510841 -0.0501039 0.0460514 2.23227 2.08417 0.0832624
-0.510996 -0.0520755 0.0460942 2.24896 2.06341 0.0823374
-0.511186 -0.0540441 0.0461383 2.266 2.04307 0.0821777
-0.51141 -0.056009 0.0461836 2.28321 2.02298 0.082504
-0.511668 -0.0579697 0.0462302 2.30049 2.00298 0.0830979
-0.51196 -0.0599256 0.0462779 2.31771 1.98296 0.083796
-0.512286 -0.061876 0.0463268 2.33481 1.96283 0.084484
-0.512646 -0.0638204 0.0463767 2.35172 1.94254 0.0850926
-0.51304 -0.0657582 0.0464278 2.36842 1.92206 0.0855921
-0.513468 -0.0676888 0.0464798 2.38491 1.90141 0.0859883
-0.51393 -0.0696117 0.0465329 2.40119 1.88058 0.0862868
-0.514425 -0.0715261 0.0465871 2.41725 1.85958 0.0864929
-0.514953 -0.0734316 0.0466423 2.43311 1.83841 0.0866118
-0.515514 -0.0753276 0.0466985 2.44875 1.81708 0.086648
-0.516109 -0.0772134 0.0467557 2.46418 1.79558 0.0866062
-0.516736 -0.0790886 0.0468139 2.47939 1.77393 0.0864903
-0.517396 -0.0809525 0.046873 2.49439 1.75213 0.0863045
-0.518088 -0.0828045 0.0469331 2.50917 1.73018 0.0860522
-0.518813 -0.0846442 0.0469942 2.52374 1.70808 0.085737
-0.519569 -0.0864709 0.0470561 2.53809 1.68583 0.0853621
-0.520358 -0.0882841 0.047119 2.55222 1.66345 0.0849309
-0.521177 -0.0900833 0.0471827 2.56614 1.64093 0.0844462
-0.522029 -0.0918678 0.0472473 2.57984 1.61828 0.0839112
-0.522911 -0.0936372 0.0473127 2.59333 1.5955 0.0833285
-0.523823 -0.0953909 0.047379 2.60659 1.57259 0.0827009
-0.524767 -0.0971284 0.047446 2.61964 1.54956 0.0820307
-0.52574 -0.0988491 0.0475138 2.63247 1.52641 0.0813204
-0.526744 -0.100553 0.0475823 2.64508 1.50313 0.080572
-0.527776 -0.102238 0.0476516 2.65747 1.47975 0.0797875
-0.528839 -0.103905 0.0477216 2.66965 1.45625 0.0789686
-0.52993 -0.105554 0.0477922 2.6816 1.43264 0.0781171
-0.531049 -0.107183 0.0478635 2.69334 1.40892 0.0772346
-0.532197 -0.108793 0.0479354 2.70485 1.3851 0.0763227
-0.533373 -0.110382 0.0480079 2.71615 1.36118 0.075383
-0.534577 -0.11195 0.0480811 2.72722 1.33716 0.074417
-0.535807 -0.113497 0.0481548 2.73807 1.31304 0.0734261
-0.537065 -0.115022 0.0482291 2.7487 1.28883 0.0724117
-0.538349 -0.116525 0.048304 2.75911 1.26453 0.0713754
-0.539658 -0.118006 0.0483793 2.7693 1.24014 0.0703182
-0.540994 -0.119463 0.0484551 2.77927 1.21566 0.0692414
-0.542355 -0.120896 0.0485315 2.78902 1.1911 0.0681461
-0.54374 -0.122306 0.0486082 2.79855 1.16645 0.0670333
-0.54515 -0.123691 0.0486854 2.80785 1.14173 0.0659037
-0.546584 -0.125052 0.048763 2.81693 1.11693 0.0647581
-0.548042 -0.126387 0.0488409 2.82579 1.09205 0.0635974
-0.549522 -0.127697 0.0489192 2.83443 1.06711 0.0624222
-0.551026 -0.12898 0.0489977 2.84285 1.04209 0.0612331
-0.552551 -0.130237 0.0490766 2.85104 1.017 0.0600308
-0.554098 -0.131467 0.0491558 2.85901 0.99185 0.0588162
-0.555667 -0.13267 0.0492352 2.86676 0.966634 0.0575898
-0.557256 -0.133845 0.0493148 2.87429 0.941356 0.0563524
-0.558865 -0.134993 0.0493947 2.88159 0.916019 0.0551048
-0.560494 -0.136112 0.0494747 2.88867 0.890625 0.0538475
-0.562143 -0.137202 0.0495549 2.89553 0.865176 0.0525811
-0.56381 -0.138264 0.0496351 2.90217 0.839674 0.0513062
-0.565495 -0.139296 0.0497155 2.90858 0.81412 0.0500232
-0.567199 -0.140299 0.0497959 2.91477 0.788518 0.0487325
-0.568919 -0.141272 0.0498765 2.92074 0.762869 0.0474343
-0.570657 -0.142214 0.049957 2.92648 0.737175 0.0461291
-0.57241 -0.143126 0.0500377 2.932 0.711438 0.0448169
-0.574179 -0.144007 0.0501182 2.9373 0.68566 0.0434981
-0.575964 -0.144858 0.0501987 2.94238 0.659843 0.0421729
-0.577762 -0.145677 0.0502792 2.94723 0.63399 0.0408416
-0.579575 -0.146464 0.0503595 2.95186 0.608101 0.0395047
-0.581402 -0.14722 0.0504398 2.95627 0.582179 0.0381626
-0.583241 -0.147943 0.0505199 2.96046 0.556226 0.0368159
-0.585093 -0.148635 0.0505998 2.96442 0.530244 0.0354652
-0.586956 -0.149294 0.0506796 2.96816 0.504235 0.0341111
-0.588831 -0.14992 0.0507591 2.97167 0.478201 0.0327539
-0.590716 -0.150513 0.0508384 2.97497 0.452143 0.0313939
-0.592612 -0.151074 0.0509174 2.97804 0.426064 0.030031
-0.594517 -0.151601 0.0509961 2.98089 0.399965 0.0286652
-0.596431 -0.152095 0.0510745 2.98352 0.373848 0.0272964
-0.598353 -0.152555 0.0511525 2.98592 0.347716 0.0259244
-0.600283 -0.152982 0.0512303 2.98811 0.321569 0.0245493
-0.60222 -0.153375 0.0513077 2.99007 0.29541 0.0231713
-0.604164 -0.153734 0.0513847 2.99181 0.269241 0.0217907
-0.606113 -0.154059 0.0514612 2.99333 0.243063 0.0204079
-0.608069 -0.15435 0.0515373 2.99463 0.216878 0.0190235
-0.610029 -0.154607 0.0516129 2.9957 0.190689 0.0176377
-0.611993 -0.154829 0.051688 2.99656 0.164496 0.016251
-0.61396 -0.155018 0.0517625 2.99719 0.138303 0.0148636
-0.615931 -0.155172 0.0518366 2.9976 0.11211 0.0134754
-0.617904 -0.155291 0.0519101 2.9978 0.085919 0.0120865
-0.619879 -0.155376 0.051983 2.99777 0.0597325 0.0106968
-0.621856 -0.155426 0.0520553 2.99752 0.0335519 0.00930632
-0.623832 -0.155442 0.0521269 2.99705 0.00737903 0.00791505
-0.625809 -0.155424 0.0521978 2.99637 -0.0187844 0.00652309
-0.627785 -0.15537 0.052268 2.99546 -0.0449367 0.00513059
-0.62976 -0.155283 0.0523376 2.99433 -0.071076 0.00373778
-0.631733 -0.155161 0.0524065 2.99299 -0.0972005 0.00234486
-0.633704 -0.155004 0.0524746 2.99142 -0.123309 0.000952072
-0.635672 -0.154813 0.052542 2.98964 -0.149398 -0.000440403
-0.637636 -0.154588 0.0526087 2.98764 -0.175468 -0.00183239
-0.639596 -0.154329 0.0526745 2.98542 -0.201516 -0.00322375
-0.641551 -0.154035 0.0527395 2.98299 -0.22754 -0.00461441
-0.643501 -0.153707 0.0528037 2.98033 -0.253539 -0.00600426
-0.645445 -0.153345 0.0528669 2.97746 -0.279512 -0.00739321
-0.647382 -0.15295 0.0529293 2.97438 -0.305455 -0.00878117
-0.649312 -0.15252 0.0529908 2.97108 -0.331368 -0.0101681
-0.651234 -0.152057 0.0530514 2.96756 -0.35725 -0.0115539
-0.653148 -0.151561 0.0531111 2.96382 -0.383097 -0.0129386
-0.655053 -0.151031 0.0531698 2.95988 -0.408909 -0.0143223
-0.656948 -0.150468 0.0532275 2.95571 -0.434684 -0.0157049
-0.658834 -0.149872 0.0532843 2.95134 -0.46042 -0.0170864
-0.660708 -0.149243 0.0533399 2.94675 -0.486116 -0.0184668
-0.662572 -0.148582 0.0533945 2.94194 -0.511769 -0.0198459
-0.664424 -0.147888 0.053448 2.93693 -0.537379 -0.0212236
-0.666263 -0.147162 0.0535006 2.9317 -0.562943 -0.0225996
-0.668089 -0.146403 0.0535522 2.92626 -0.58846 -0.0239736
-0.669902 -0.145614 0.0536026 2.9206 -0.613928 -0.0253452
-0.671701 -0.144792 0.053652 2.91474 -0.639346 -0.0267143
-0.673485 -0.143939 0.0537002 2.90866 -0.664711 -0.0280804
-0.675254 -0.143056 0.0537473 2.90238 -0.690021 -0.0294435
-0.677008 -0.142141 0.0537931 2.89588 -0.715277 -0.0308033
-0.678745 -0.141196 0.0538379 2.88918 -0.740475 -0.0321598
-0.680466 -0.140221 0.0538816 2.88226 -0.765615 -0.0335128
-0.682169 -0.139216 0.0539241 2.87514 -0.790693 -0.0348625
-0.683855 -0.138182 0.0539653 2.86781 -0.81571 -0.0362089
-0.685522 -0.137118 0.0540053 2.86027 -0.840663 -0.037552
-0.68717 -0.136025 0.0540441 2.85253 -0.865551 -0.0388921
-0.6888 -0.134904 0.0540816 2.84458 -0.890372 -0.0402294
-0.690409 -0.133754 0.0541178 2.83643 -0.915124 -0.041564
-0.691998 -0.132577 0.0541528 2.82807 -0.939807 -0.0428964
-0.693566 -0.131372 0.0541865 2.81951 -0.964418 -0.0442268
-0.695114 -0.130139 0.0542189 2.81074 -0.988956 -0.0455552
-0.696639 -0.12888 0.0542501 2.80177 -1.01342 -0.0468817
-0.698142 -0.127595 0.0542799 2.7926 -1.03781 -0.0482061
-0.699623 -0.126283 0.0543085 2.78323 -1.06212 -0.0495277
-0.70108 -0.124946 0.0543357 2.77366 -1.08634 -0.0508462
-0.702514 -0.123584 0.0543616 2.76388 -1.11049 -0.0521607
-0.703924 -0.122197 0.0543861 2.75391 -1.13456 -0.0534706
-0.70531 -0.120785 0.0544093 2.74373 -1.15854 -0.0547752
-0.706671 -0.119349 0.0544311 2.73336 -1.18243 -0.056074
-0.708006 -0.11789 0.0544516 2.72279 -1.20624 -0.0573671
-0.709316 -0.116408 0.0544708 2.71203 -1.22996 -0.0586543
-0.7106 -0.114903 0.0544886 2.70107 -1.25359 -0.0599361
-0.711857 -0.113376 0.054505 2.68991 -1.27712 -0.0612127
-0.713088 -0.111828 0.0545201 2.67856 -1.30056 -0.0624847
-0.714291 -0.110258 0.0545337 2.66701 -1.32391 -0.0637523
-0.715467 -0.108667 0.054546 2.65527 -1.34716 -0.0650158
-0.716615 -0.107056 0.0545569 2.64334 -1.37031 -0.0662753
-0.717735 -0.105425 0.0545664 2.63122 -1.39337 -0.0675307
-0.718826 -0.103775 0.0545744 2.6189 -1.41632 -0.0687818
-0.719888 -0.102107 0.0545811 2.6064 -1.43917 -0.0700284
-0.720921 -0.10042 0.0545863 2.59371 -1.46191 -0.07127
-0.721924 -0.0987148 0.0545902 2.58083 -1.48455 -0.0725063
-0.722898 -0.0969928 0.0545926 2.56776 -1.50709 -0.073737
-0.723841 -0.095254 0.0545937 2.5545 -1.52951 -0.0749619
-0.724754 -0.0934991 0.0545934 2.54106 -1.55182 -0.0761808
-0.725636 -0.0917285 0.0545916 2.52744 -1.57403 -0.0773937
-0.726487 -0.0899428 0.0545884 2.51363 -1.59612 -0.0786006
-0.727307 -0.0881425 0.0545838 2.49964 -1.61809 -0.0798016
-0.728095 -0.0863282 0.0545777 2.48546 -1.63995 -0.080997
-0.728852 -0.0845005 0.0545704 2.4711 -1.66169 -0.0821869
-0.729576 -0.0826598 0.0545616 2.45657 -1.68332 -0.0833714
-0.730269 -0.0808068 0.0545514 2.44185 -1.70482 -0.0845506
-0.730928 -0.078942 0.0545399 2.42696 -1.7262 -0.0857245
-0.731556 -0.077066 0.0545269 2.41189 -1.74746 -0.0868931
-0.73215 -0.0751793 0.0545126 2.39664 -1.7686 -0.0880562
-0.732712 -0.0732826 0.0544968 2.38121 -1.78961 -0.0892136
-0.73324 -0.0713764 0.0544798 2.36562 -1.81049 -0.090365
-0.733735 -0.0694613 0.0544614 2.34984 -1.83125 -0.0915102
-0.734196 -0.0675378 0.0544416 2.3339 -1.85187 -0.0926488
-0.734624 -0.0656066 0.0544204 2.31778 -1.87237 -0.0937806
-0.735018 -0.0636682 0.0543979 2.3015 -1.89273 -0.0949054
-0.735379 -0.0617233 0.054374 2.28504 -1.91295 -0.0960231
-0.735705 -0.0597724 0.0543487 2.26841 -1.93305 -0.0971337
-0.735997 -0.0578162 0.0543221 2.25162 -1.953 -0.0982374
-0.736255 -0.0558551 0.0542941 2.23466 -1.97282 -0.099334
-0.736479 -0.0538899 0.0542649 2.21754 -1.9925 -0.100424
-0.736668 -0.0519211 0.0542344 2.20025 -2.01203 -0.101506
-0.736823 -0.0499493 0.0542026 2.18279 -2.03143 -0.102582
-0.736944 -0.0479751 0.0541695 2.16518 -2.05068 -0.103651
-0.73703 -0.0459991 0.0541351 2.1474 -2.06979 -0.104713
-0.737082 -0.044022 0.0540995 2.12946 -2.08875 -0.105767
-0.737099 -0.0420443 0.0540626 2.11137 -2.10756 -0.106814
-0.737082 -0.0400666 0.0540245 2.09311 -2.12623 -0.107854
-0.73703 -0.0380895 0.0539851 2.0747 -2.14474 -0.108886
-0.736944 -0.0361137 0.0539445 2.05614 -2.16311 -0.10991
-0.736823 -0.0341396 0.0539026 2.03742 -2.18132 -0.110927
-0.736668 -0.0321681 0.0538596 2.01855 -2.19938 -0.111935
-0.736479 -0.0301995 0.0538154 1.99952 -2.21729 -0.112935
-0.736255 -0.0282346 0.0537701 1.98035 -2.23503 -0.113928
-0.735997 -0.0262739 0.0537237 1.96102 -2.25263 -0.114912
-0.735705 -0.024318 0.0536761 1.94155 -2.27006 -0.115887
-0.735379 -0.0223676 0.0536274 1.92193 -2.28733 -0.116855
-0.735018 -0.0204232 0.0535775 1.90216 -2.30444 -0.117814
-0.734624 -0.0184853 0.0535265 1.88225 -2.32139 -0.118765
-0.734196 -0.0165547 0.0534744 1.8622 -2.33818 -0.119707
-0.733735 -0.0146319 0.0534212 1.842 -2.3548 -0.120642
-0.73324 -0.0127175 0.053367 1.82166 -2.37126 -0.121568
-0.732712 -0.010812 0.0533117 1.80118 -2.38755 -0.122486
-0.73215 -0.008916 0.0532555 1.78057 -2.40367 -0.123396
-0.731556 -0.00703015 0.0531983 1.75981 -2.41962 -0.124297
-0.730928 -0.005155 0.0531401 1.73892 -2.4354 -0.12519
-0.730269 -0.0032911 0.0530809 1.7179 -2.45102 -0.126075
-0.729576 -0.00143904 0.0530208 1.69675 -2.46646 -0.126951
-0.728852 0.000400636 0.0529597 1.67546 -2.48172 -0.127818
-0.728095 0.00222736 0.0528978 1.65404 -2.49681 -0.128676
-0.727307 0.00404057 0.052835 1.63249 -2.51173 -0.129524
-0.726487 0.00583971 0.0527713 1.61082 -2.52647 -0.130364
-0.725636 0.00762425 0.0527068 1.58901 -2.54103 -0.131193
-0.724754 0.00939364 0.0526415 1.56709 -2.55541 -0.132013
-0.723841 0.0111473 0.0525752 1.54504 -2.56961 -0.132824
-0.722898 0.0128848 0.0525082 1.52286 -2.58363 -0.133625
-0.721924 0.0146055 0.0524404 1.50057 -2.59746 -0.134417
-0.720921 0.016309 0.0523719 1.47815 -2.61111 -0.135199
-0.719888 0.0179946 0.0523026 1.45562 -2.62458 -0.135971
-0.718826 0.0196619 0.0522327 1.43297 -2.63786 -0.136734
-0.717735 0.0213104 0.0521621 1.41021 -2.65096 -0.137488
-0.716615 0.0229396 0.0520908 1.38733 -2.66387 -0.138231
-0.715467 0.024549 0.0520188 1.36434 -2.67659 -0.138965
-0.714291 0.026138 0.0519462 1.34124 -2.68912 -0.139689
-0.713088 0.0277063 0.051873 1.31803 -2.70146 -0.140403
-0.711857 0.0292533 0.0517992 1.29471 -2.71361 -0.141107
-0.7106 0.0307785 0.0517249 1.27128 -2.72557 -0.141801
-0.709316 0.0322816 0.05165 1.24775 -2.73733 -0.142484
-0.708006 0.0337619 0.0515747 1.22412 -2.7489 -0.143158
-0.706671 0.0352192 0.0514988 1.20038 -2.76027 -0.14382
-0.70531 0.0366529 0.0514225 1.17654 -2.77145 -0.144473
-0.703924 0.0380626 0.0513459 1.1526 -2.78242 -0.145115
-0.702514 0.0394479 0.0512688 1.12857 -2.7932 -0.145746
-0.70108 0.0408083 0.0511912 1.10444 -2.80379 -0.146367
-0.699623 0.0421435 0.0511133 1.08022 -2.81417 -0.146978
-0.698142 0.043453 0.051035 1.0559 -2.82435 -0.147578
-0.696639 0.0447365 0.0509564 1.03149 -2.83433 -0.148168
-0.695114 0.0459934 0.0508775 1.007 -2.84411 -0.148747
-0.693566 0.0472236 0.0507984 0.982413 -2.85369 -0.149317
-0.691998 0.0484265 0.050719 0.957742 -2.86307 -0.149875
-0.690409 0.0496019 0.0506394 0.932987 -2.87224 -0.150424
-0.6888 0.0507493 0.0505596 0.908148 -2.88121 -0.150962
-0.68717 0.0518684 0.0504796 0.883228 -2.88997 -0.151489
-0.685522 0.0529589 0.0503994 0.858227 -2.89852 -0.152005
-0.683855 0.0540204 0.0503191 0.833149 -2.90686 -0.152511
-0.682169 0.0550526 0.0502387 0.807993 -2.915 -0.153006
-0.680466 0.0560553 0.0501581 0.782762 -2.92292 -0.153489
-0.678745 0.057028 0.0500774 0.757457 -2.93064 -0.153962
-0.677008 0.0579706 0.0499969 0.73208 -2.93814 -0.154423
-0.675254 0.0588826 0.0499163 0.706634 -2.94543 -0.154872
-0.673485 0.0597639 0.0498358 0.681119 -2.95251 -0.155311
-0.671701 0.0606141 0.0497553 0.655537 -2.95938 -0.155737
-0.669902 0.061433 0.0496748 0.62989 -2.96603 -0.156152
-0.668089 0.0622205 0.0495944 0.60418 -2.97247 -0.156555
-0.666263 0.0629761 0.0495141 0.578408 -2.97869 -0.156948
-0.664424 0.0636997 0.049434 0.552576 -2.9847 -0.157329
-0.662572 0.064391 0.0493542 0.526686 -2.99049 -0.157698
-0.660708 0.0650499 0.0492746 0.50074 -2.99607 -0.158057
-0.658834 0.0656762 0.0491951 0.474739 -3.00143 -0.158405
-0.656948 0.0662697 0.0491159 0.448685 -3.00657 -0.158741
-0.655053 0.0668301 0.0490368 0.42258 -3.01149 -0.159067
-0.653148 0.0673573 0.048958 0.396425 -3.0162 -0.159381
-0.651234 0.0678512 0.0488795 0.370222 -3.02068 -0.159684
-0.649312 0.0683116 0.0488014 0.343974 -3.02495 -0.159975
-0.647382 0.0687384 0.0487237 0.317681 -3.02899 -0.160255
-0.645445 0.0691313 0.0486464 0.291346 -3.03281 -0.160523
-0.643501 0.0694904 0.0485694 0.26497 -3.03641 -0.16078
-0.641551 0.0698155 0.0484929 0.238555 -3.03979 -0.161024
-0.639596 0.0701065 0.0484168 0.212103 -3.04295 -0.161257
-0.637636 0.0703633 0.0483412 0.185617 -3.04588 -0.161478
-0.635672 0.0705859 0.048266 0.159096 -3.04859 -0.161687
-0.633704 0.0707741 0.0481914 0.132544 -3.05107 -0.161884
-0.631733 0.0709279 0.0481174 0.105962 -3.05333 -0.162069
-0.62976 0.0710473 0.0480439 0.0793527 -3.05537 -0.162242
-0.627785 0.0711323 0.0479711 0.052717 -3.05718 -0.162403
-0.625809 0.0711827 0.0478989 0.0260569 -3.05876 -0.162552
-0.623832 0.0711986 0.0478273 -0.000625445 -3.06012 -0.162689
-0.621856 0.07118 0.0477564 -0.0273283 -3.06125 -0.162814
-0.619879 0.0711268 0.0476861 -0.0540499 -3.06216 -0.162927
-0.617904 0.0710392 0.0476165 -0.0807883 -3.06284 -0.163028
-0.615931 0.0709171 0.0475475 -0.107542 -3.06329 -0.163117
-0.61396 0.0707606 0.0474793 -0.134308 -3.06351 -0.163194
-0.611993 0.0705697 0.0474119 -0.161086 -3.06351 -0.163259
-0.610029 0.0703445 0.0473454 -0.187873 -3.06328 -0.163312
-0.608069 0.070085 0.0472796 -0.214667 -3.06281 -0.163353
-0.606113 0.0697913 0.0472146 -0.241466 -3.06212 -0.163381
-0.604164 0.0694635 0.0471505 -0.268269 -3.0612 -0.163398
-0.60222 0.0691018 0.0470871 -0.295074 -3.06006 -0.163402
-0.600283 0.0687061 0.0470247 -0.321879 -3.05868 -0.163394
-0.598353 0.0682768 0.0469632 -0.348682 -3.05707 -0.163374
-0.596431 0.0678137 0.0469026 -0.375481 -3.05524 -0.163341
-0.594517 0.0673172 0.0468431 -0.402274 -3.05317 -0.163297
-0.592612 0.0667874 0.0467844 -0.429058 -3.05088 -0.163241
-0.590716 0.0662243 0.0467267 -0.455833 -3.04835 -0.163172
-0.588831 0.0656283 0.04667 -0.482596 -3.0456 -0.163092
-0.586956 0.0649995 0.0466143 -0.509345 -3.04261 -0.162999
-0.585093 0.064338 0.0465596 -0.536078 -3.03939 -0.162894
-0.583241 0.0636441 0.0465059 -0.562794 -3.03594 -0.162776
-0.581402 0.062918 0.0464533 -0.58949 -3.03227 -0.162646
-0.579575 0.0621599 0.0464018 -0.616164 -3.02836 -0.162503
-0.577762 0.06137 0.0463513 -0.642815 -3.02422 -0.162348
-0.575964 0.0605486 0.046302 -0.669441 -3.01985 -0.162181
-0.574179 0.0596959 0.0462538 -0.696039 -3.01525 -0.162001
-0.57241 0.0588122 0.0462067 -0.722608 -3.01042 -0.161809
-0.570657 0.0578978 0.0461608 -0.749145 -3.00536 -0.161604
-0.568919 0.0569529 0.046116 -0.775649 -3.00008 -0.161388
-0.567199 0.0559778 0.0460724 -0.802118 -2.99456 -0.161159
-0.565495 0.0549728 0.04603 -0.82855 -2.98881 -0.160919
-0.56381 0.0539383 0.0459889 -0.854942 -2.98283 -0.160666
-0.562143 0.0528744 0.0459489 -0.881292 -2.97662 -0.160401
-0.560494 0.0517817 0.0459102 -0.907599 -2.97018 -0.160123
-0.558865 0.0506604 0.0458727 -0.933861 -2.96351 -0.159833
-0.557256 0.0495108 0.0458364 -0.960076 -2.95661 -0.159531
-0.555667 0.0483332 0.0458014 -0.986241 -2.94949 -0.159216
-0.554098 0.0471282 0.0457677 -1.01236 -2.94213 -0.158888
-0.552551 0.0458959 0.0457352 -1.03842 -2.93455 -0.158548
-0.551026 0.0446368 0.0457041 -1.06442 -2.92674 -0.158196
-0.549522 0.0433513 0.0456742 -1.09037 -2.9187 -0.157832
-0.548042 0.0420398 0.0456457 -1.11626 -2.91043 -0.157455
-0.546584 0.0407026 0.0456185 -1.14209 -2.90193 -0.157067
-0.54515 0.0393402 0.0455926 -1.16785 -2.89321 -0.156666
-0.54374 0.037953 0.045568 -1.19355 -2.88426 -0.156253
-0.542355 0.0365414 0.0455447 -1.21918 -2.87509 -0.155829
-0.540994 0.0351058 0.0455229 -1.24474 -2.86569 -0.155392
-0.539658 0.0336467 0.0455023 -1.27023 -2.85606 -0.154943
-0.538349 0.0321646 0.0454832 -1.29565 -2.84621 -0.154483
-0.537065 0.0306598 0.0454654 -1.32099 -2.83613 -0.154009
-0.535807 0.0291328 0.045449 -1.34626 -2.82583 -0.153524
-0.534577 0.0275841 0.045434 -1.37144 -2.8153 -0.153026
-0.533373 0.0260142 0.0454204 -1.39655 -2.80455 -0.152516
-0.532197 0.0244235 0.0454081 -1.42157 -2.79358 -0.151994
-0.531049 0.0228126 0.0453973 -1.4465 -2.78239 -0.151459
-0.52993 0.0211819 0.0453879 -1.47135 -2.77097 -0.150912
-0.528839 0.0195319 0.0453799 1.49531 2.75786 0.150273
-0.527776 0.0178631 0.0453732 1.51858 2.74352 0.149568
-0.526744 0.0161761 0.0453679 1.54172 2.72899 0.148852
-0.52574 0.0144713 0.045364 1.56473 2.71426 0.148125
-0.524767 0.0127492 0.0453615 1.58759 2.69934 0.147389
-0.523823 0.0110105 0.0453604 1.61031 2.68422 0.146643
-0.522911 0.00925552 0.0453608 1.63289 2.66892 0.145886
-0.522029 0.00748493 0.0453625 1.65532 2.65343 0.145119
-0.521177 0.00569923 0.0453656 1.67761 2.63775 0.144341
-0.520358 0.00389896 0.0453702 1.69975 2.62189 0.143553
-0.519569 0.00208467 0.0453761 1.72175 2.60584 0.142754
-0.518813 0.000256909 0.0453835 1.74359 2.58961 0.141944
-0.518088 -0.00158376 0.0453923 1.76528 2.5732 0.141125
-0.517396 -0.00343677 0.0454025 1.78682 2.55661 0.140295
-0.516736 -0.00530157 0.0454141 1.80821 2.53984 0.139455
-0.516109 -0.00717758 0.0454271 1.82944 2.52289 0.138605
-0.515514 -0.00906424 0.0454414 1.85051 2.50577 0.137746
-0.514953 -0.010961 0.0454572 1.87142 2.48847 0.136877
-0.514425 -0.0128672 0.0454743 1.89218 2.47101 0.135999
-0.51393 -0.0147823 0.0454928 1.91277 2.45337 0.135112
-0.513468 -0.0167058 0.0455126 1.93321 2.43556 0.134216
-0.51304 -0.018637 0.0455338 1.95347 2.41758 0.133311
-0.512646 -0.0205753 0.0455563 1.97358 2.39944 0.132396
-0.512286 -0.0225202 0.0455802 1.99349 2.38111 0.131429
-0.51196 -0.0244711 0.0456053 2.01319 2.36253 0.130325
-0.511668 -0.0264274 0.0456318 2.03261 2.34365 0.128966
-0.51141 -0.0283884 0.0456596 2.05166 2.32435 0.127202
-0.511186 -0.0303537 0.0456889 2.07025 2.30453 0.124858
-0.510996 -0.0323225 0.0457195 2.08825 2.28405 0.121734
-0.510841 -0.0342943 0.0457515 2.10559 2.26286 0.117778
-0.510721 -0.0362685 0.0457847 2.12227 2.24097 0.113068
-0.510634 -0.0382444 0.0458191 2.13835 2.21851 0.107799
-0.510583 -0.0402216 0.0458547 2.15395 2.19566 0.102267
-0.510588 -0.0421993 0.0458891 2.18338 2.18926 0.122059
-0.510736 -0.0421996 0.0458741 2.18212 2.18784 0.120494
-0.511095 -0.0422003 0.0458377 2.18092 2.18649 0.119005
-0.511718 -0.0422016 0.045772 2.17978 2.18521 0.117596
-0.512625 -0.0422033 0.0456775 2.17871 2.18398 0.116257
-0.51381 -0.0422057 0.0455549 2.17768 2.18282 0.114985
-0.515244 -0.0422085 0.045407 2.17671 2.18171 0.113777
-0.516881 -0.0422117 0.0452359 2.17579 2.18066 0.11263
-0.51866 -0.0422152 0.0450505 2.17491 2.17966 0.111543
-0.520512 -0.0422189 0.0448575 2.17408 2.17871 0.110507
-0.522365 -0.0422225 0.0446672 2.1733 2.17781 0.109522
-0.524144 -0.042226 0.0444816 2.17255 2.17695 0.108585
-0.525781 -0.0422293 0.0443104 2.17184 2.17614 0.107701
-0.527215 -0.0422321 0.0441625 2.17117 2.17536 0.106856
-0.5284 -0.0422344 0.0440398 2.17053 2.17463 0.106052
-0.529307 -0.0422362 0.0439451 2.16992 2.17393 0.105287
-0.52993 -0.0422375 0.0438794 2.16935 2.17326 0.104565
-0.530289 -0.0422382 0.0438431 2.1688 2.17263 0.103875
-0.530437 -0.0422384 0.0438282 2.16828 2.17203 0.103222
-0.53046 -0.0422385 0.0438264 2.1581 2.15835 0.0593367
-0.530481 -0.0402602 0.0437896 2.13726 2.18363 0.0688245
-0.530543 -0.0382828 0.0437542 2.11575 2.20822 0.0770594
-0.530648 -0.0363071 0.0437204 2.09355 2.23204 0.0836739
-0.530794 -0.0343341 0.0436881 2.07069 2.25506 0.0885126
-0.530982 -0.0323646 0.0436575 2.04725 2.27733 0.0916295
-0.531212 -0.0303994 0.0436285 2.02331 2.29895 0.0932833
-0.531483 -0.0284396 0.0436012 1.999 2.32005 0.0939325
-0.531795 -0.0264858 0.0435755 1.9744 2.34077 0.0939549
-0.532149 -0.0245391 0.0435514 1.94956 2.36118 0.093648
-0.532544 -0.0226003 0.0435289 1.92454 2.38135 0.0932311
-0.532979 -0.0206703 0.043508 1.89934 2.40131 0.0928468
-0.533456 -0.0187498 0.0434888 1.87397 2.42107 0.0925637
-0.533972 -0.0168399 0.0434712 1.84845 2.44063 0.0923773
-0.53453 -0.0149413 0.0434553 1.82276 2.45999 0.0922839
-0.535127 -0.0130549 0.0434411 1.7969 2.47915 0.0922797
-0.535764 -0.0111815 0.0434285 1.77087 2.49809 0.092361
-0.53644 -0.00932199 0.0434176 1.74468 2.51681 0.0925244
-0.537155 -0.00747718 0.0434084 1.71832 2.53532 0.0927665
-0.53791 -0.00564789 0.0434008 1.69178 2.5536 0.0930836
-0.538702 -0.00383496 0.0433951 1.66508 2.57165 0.0934721
-0.539533 -0.00203918 0.043391 1.6382 2.58948 0.0939284
-0.540402 -0.000261368 0.0433886 1.61116 2.60706 0.0944488
-0.541308 0.00149769 0.043388 1.58395 2.6244 0.0950298
-0.542251 0.0032372 0.043389 1.55656 2.6415 0.095668
-0.543231 0.00495639 0.0433917 1.52901 2.65836 0.0963602
-0.544247 0.00665449 0.043396 1.5013 2.67496 0.0971039
-0.545298 0.00833073 0.0434021 1.47341 2.6913 0.0978967
-0.546385 0.00998437 0.04341 1.44536 2.70739 0.0987362
-0.547506 0.0116147 0.0434195 1.41715 2.72322 0.0996205
-0.548662 0.0132209 0.0434308 1.38878 2.73879 0.100547
-0.549851 0.0148023 0.0434437 1.36025 2.75408 0.101515
-0.551073 0.0163582 0.0434584 1.33155 2.76911 0.102521
-0.552328 0.017888 0.0434747 1.3027 2.78387 0.103562
-0.553615 0.0193908 0.0434926 1.2737 2.79834 0.104638
-0.554934 0.0208661 0.0435122 1.24454 2.81254 0.105745
-0.556283 0.0223132 0.0435335 1.21523 2.82646 0.106882
-0.557663 0.0237315 0.0435564 1.18578 2.84009 0.108047
-0.559072 0.0251202 0.0435809 1.15617 2.85344 0.109238
-0.56051 0.0264788 0.043607 1.12643 2.8665 0.110454
-0.561977 0.0278067 0.0436347 1.09654 2.87926 0.111692
-0.563472 0.0291033 0.043664 1.06651 2.89173 0.112952
-0.564993 0.030368 0.0436949 1.03634 2.90391 0.114231
-0.566541 0.0316002 0.0437274 1.00604 2.91578 0.115528
-0.568114 0.0327994 0.0437614 0.975604 2.92735 0.116842
-0.569713 0.033965 0.043797 0.945041 2.93862 0.118171
-0.571336 0.0350966 0.043834 0.914351 2.94958 0.119513
-0.572982 0.0361935 0.0438726 0.883538 2.96023 0.120867
-0.574651 0.0372554 0.0439127 0.852603 2.97057 0.122232
-0.576343 0.0382818 0.0439542 0.82155 2.9806 0.123608
-0.578055 0.0392722 0.0439972 0.790383 2.99031 0.124992
-0.579788 0.0402261 0.0440416 0.759103 2.99971 0.126385
-0.581541 0.0411431 0.0440875 0.727714 3.00879 0.127784
-0.583313 0.0420228 0.0441347 0.696219 3.01755 0.12919
-0.585103 0.0428649 0.0441834 0.664621 3.02599 0.130601
-0.58691 0.0436689 0.0442334 0.632923 3.03411 0.132016
-0.588734 0.0444344 0.0442847 0.601128 3.04191 0.133434
-0.590573 0.0451613 0.0443372 0.56924 3.04938 0.134855
-0.592428 0.045849 0.0443911 0.537261 3.05652 0.136277
-0.594297 0.0464973 0.0444462 0.505194 3.06334 0.137699
-0.596179 0.047106 0.0445025 0.473044 3.06982 0.139121
-0.598073 0.0476747 0.0445601 0.440813 3.07598 0.140542
-0.599979 0.0482032 0.0446189 0.408505 3.0818 0.141961
-0.601896 0.0486912 0.0446788 0.376122 3.08729 0.143377
-0.603822 0.0491386 0.0447398 0.343669 3.09244 0.14479
-0.605758 0.0495451 0.044802 0.311148 3.09725 0.146198
-0.607701 0.0499105 0.0448652 0.278563 3.10173 0.147602
-0.609652 0.0502348 0.0449295 0.245917 3.10587 0.149
-0.611609 0.0505177 0.0449948 0.213215 3.10967 0.150393
-0.613572 0.0507591 0.045061 0.180459 3.11313 0.151778
-0.61554 0.0509589 0.0451283 0.147652 3.11624 0.153156
-0.617511 0.051117 0.0451964 0.114799 3.11901 0.154526
-0.619485 0.0512334 0.0452653 0.0819031 3.12144 0.155887
-0.621461 0.051308 0.0453352 0.0489673 3.12353 0.15724
-0.623438 0.0513407 0.0454059 0.0159957 3.12526 0.158583
-0.625416 0.0513316 0.0454774 -0.0170083 3.12665 0.159916
-0.627392 0.0512807 0.0455497 -0.0500411 3.1277 0.161239
-0.629368 0.0511879 0.0456227 -0.083099 3.12839 0.162551
-0.63134 0.0510533 0.0456964 -0.116179 3.12874 0.163852
-0.63331 0.050877 0.0457708 -0.149276 3.12874 0.165142
-0.635275 0.0506591 0.0458458 -0.182388 3.12839 0.166419
-0.637235 0.0503996 0.0459215 -0.21551 3.12769 0.167685
-0.639189 0.0500987 0.0459978 -0.248639 3.12664 0.168937
-0.641137 0.0497565 0.0460745 0.281604 -3.12338 -0.170076
-0.643076 0.0493731 0.0461518 0.314422 -3.11871 -0.171141
-0.645008 0.0489488 0.0462296 0.347174 -3.1137 -0.172189
-0.646929 0.0484837 0.0463078 0.379857 -3.10834 -0.173222
-0.648841 0.047978 0.0463864 0.412467 -3.10264 -0.174237
-0.650741 0.047432 0.0464654 0.445 -3.0966 -0.175236
-0.652629 0.0468459 0.0465447 0.477454 -3.09022 -0.176217
-0.654505 0.0462199 0.0466242 0.509824 -3.08351 -0.177181
-0.656366 0.0455544 0.046704 0.542108 -3.07646 -0.178127
-0.658214 0.0448496 0.046784 0.574301 -3.06907 -0.179055
-0.660045 0.0441059 0.0468641 0.606401 -3.06134 -0.179964
-0.661861 0.0433236 0.0469444 0.638404 -3.05329 -0.180856
-0.66366 0.042503 0.0470248 0.670307 -3.0449 -0.181729
-0.665441 0.0416444 0.0471054 0.702107 -3.03618 -0.182583
-0.667203 0.0407484 0.047186 0.733799 -3.02714 -0.183418
-0.668946 0.0398153 0.0472667 0.76538 -3.01776 -0.184234
-0.670669 0.0388455 0.0473473 0.796848 -3.00806 -0.185031
-0.672371 0.0378394 0.0474279 0.828199 -2.99803 -0.18581
-0.674051 0.0367975 0.0475083 0.859429 -2.98768 -0.186568
-0.675709 0.0357202 0.0475885 0.890536 -2.97701 -0.187307
-0.677344 0.0346082 0.0476685 0.921516 -2.96602 -0.188027
-0.678955 0.0334617 0.0477483 0.952367 -2.95471 -0.188726
-0.680541 0.0322814 0.0478279 0.983083 -2.94308 -0.189405
-0.682102 0.0310678 0.0479072 1.01366 -2.93113 -0.190063
-0.683636 0.0298214 0.0479862 1.04411 -2.91887 -0.1907
-0.685144 0.0285427 0.0480649 1.0744 -2.9063 -0.191316
-0.686625 0.0272324 0.0481432 1.10456 -2.89341 -0.191911
-0.688078 0.0258911 0.0482211 1.13456 -2.88022 -0.192485
-0.689502 0.0245193 0.0482985 1.16441 -2.86672 -0.193038
-0.690896 0.0231176 0.0483754 1.19411 -2.85292 -0.19357
-0.692261 0.0216868 0.0484519 1.22365 -2.83882 -0.194081
-0.693595 0.0202273 0.0485277 1.25303 -2.82441 -0.19457
-0.694897 0.0187399 0.0486029 1.28224 -2.80971 -0.195037
-0.696169 0.0172253 0.0486775 1.31129 -2.79471 -0.195484
-0.697407 0.0156841 0.0487515 1.34017 -2.77941 -0.195908
-0.698613 0.0141169 0.0488247 1.36888 -2.76382 -0.196312
-0.699786 0.0125246 0.0488972 1.39741 -2.74794 -0.196693
-0.700924 0.0109078 0.048969 1.42577 -2.73177 -0.197054
-0.702028 0.00926729 0.04904 1.45394 -2.71532 -0.197394
-0.703097 0.00760372 0.0491101 1.48193 -2.69857 -0.197712
-0.704131 0.00591787 0.0491794 1.50974 -2.68155 -0.19801
-0.705129 0.0042105 0.0492477 1.53735 -2.66425 -0.198287
-0.70609 0.00248238 0.0493151 1.56477 -2.64667 -0.198543
-0.707015 0.000734262 0.0493816 1.59201 -2.62881 -0.198779
-0.707902 -0.00103306 0.0494471 1.61904 -2.61069 -0.198994
-0.708752 -0.00281879 0.0495117 1.64588 -2.59229 -0.199188
-0.709564 -0.00462214 0.0495752 1.67251 -2.57362 -0.199362
-0.710338 -0.00644229 0.0496377 1.69894 -2.55469 -0.199514
-0.711072 -0.00827843 0.0496991 1.72516 -2.53549 -0.199646
-0.711768 -0.0101297 0.0497594 1.75118 -2.51603 -0.199755
-0.712425 -0.0119954 0.0498185 1.77698 -2.49632 -0.199842
-0.713042 -0.0138746 0.0498764 1.80257 -2.47634 -0.199907
-0.713619 -0.0157664 0.0499331 1.82794 -2.45611 -0.199949
-0.714156 -0.01767 0.0499886 1.85309 -2.43562 -0.199968
-0.714653 -0.0195846 0.0500428 1.87802 -2.41488 -0.199965
-0.715109 -0.0215094 0.0500958 1.90272 -2.3939 -0.19994
-0.715524 -0.0234433 0.0501474 1.9272 -2.37267 -0.199892
-0.715898 -0.0253857 0.0501977 1.95145 -2.35119 -0.199823
-0.716231 -0.0273356 0.0502467 1.97547 -2.32948 -0.199732
-0.716523 -0.0292921 0.0502943 1.99926 -2.30753 -0.19962
-0.716773 -0.0312543 0.0503406 2.02281 -2.28534 -0.199487
-0.716982 -0.0332215 0.0503856 2.04613 -2.26292 -0.199333
-0.717149 -0.0351927 0.050429 2.0692 -2.24027 -0.199158
-0.717275 -0.0371669 0.0504709 2.09204 -2.21739 -0.198961
-0.717358 -0.0391435 0.0505114 2.11463 -2.19429 -0.198744
-0.7174 -0.0411214 0.0505504 2.13697 -2.17096 -0.198506
-0.7174 -0.0430997 0.0505879 2.15907 -2.14742 -0.198247
-0.717358 -0.0450777 0.050624 2.18092 -2.12366 -0.197967
-0.717275 -0.0470543 0.0506585 2.20252 -2.09968 -0.197666
-0.717149 -0.0490288 0.0506915 2.22386 -2.07549 -0.197344
-0.716982 -0.0510002 0.0507228 2.24494 -2.05109 -0.197002
-0.716773 -0.0529676 0.0507526 2.26577 -2.02649 -0.196639
-0.716523 -0.0549302 0.0507807 2.28634 -2.00168 -0.196255
-0.716231 -0.0568872 0.0508073 2.30665 -1.97667 -0.19585
-0.715898 -0.0588375 0.0508323 2.3267 -1.95146 -0.195424
-0.715524 -0.0607803 0.0508557 2.34648 -1.92605 -0.194976
-0.715109 -0.0627149 0.0508775 2.36599 -1.90046 -0.194507
-0.714653 -0.0646402 0.0508976 2.38524 -1.87467 -0.194016
-0.714156 -0.0665555 0.050916 2.40421 -1.84869 -0.193504
-0.713619 -0.0684599 0.0509327 2.42292 -1.82253 -0.19297
-0.713042 -0.0703525 0.0509478 2.44135 -1.79618 -0.192414
-0.712425 -0.0722325 0.0509612 2.4595 -1.76966 -0.191837
-0.711768 -0.0740991 0.0509729 2.47738 -1.74296 -0.19124
-0.711072 -0.0759513 0.0509829 2.49497 -1.71609 -0.190623
-0.710338 -0.0777885 0.0509912 2.51229 -1.68905 -0.189987
-0.709564 -0.0796097 0.0509978 2.52933 -1.66184 -0.189332
-0.708752 -0.0814142 0.0510027 2.54609 -1.63446 -0.188659
-0.707902 -0.083201 0.0510059 2.56256 -1.60693 -0.187967
-0.707015 -0.0849696 0.0510075 2.57874 -1.57923 -0.187257
-0.70609 -0.086719 0.0510073 2.59464 -1.55138 -0.186528
-0.705129 -0.0884484 0.0510055 2.61025 -1.52338 -0.18578
-0.704131 -0.0901571 0.051002 2.62558 -1.49522 -0.185013
-0.703097 -0.0918444 0.0509967 2.64061 -1.46692 -0.184225
-0.702028 -0.0935094 0.0509897 2.65534 -1.43848 -0.183417
-0.700924 -0.0951515 0.050981 2.66979 -1.40989 -0.182587
-0.699786 -0.0967698 0.0509706 2.68394 -1.38116 -0.181737
-0.698613 -0.0983638 0.0509585 2.69779 -1.3523 -0.180867
-0.697407 -0.0999325 0.0509448 2.71135 -1.32331 -0.179976
-0.696169 -0.101475 0.0509294 2.72461 -1.29418 -0.179066
-0.694897 -0.102992 0.0509123 2.73757 -1.26493 -0.178137
-0.693595 -0.104481 0.0508935 2.75022 -1.23556 -0.177189
-0.692261 -0.105942 0.0508731 2.76258 -1.20606 -0.176223
-0.690896 -0.107375 0.050851 2.77463 -1.17645 -0.175238
-0.689502 -0.108779 0.0508273 2.78638 -1.14672 -0.174235
-0.688078 -0.110152 0.0508019 2.79782 -1.11688 -0.173213
-0.686625 -0.111496 0.050775 2.80895 -1.08694 -0.172171
-0.685144 -0.112808 0.0507465 2.81978 -1.05688 -0.17111
-0.683636 -0.114089 0.0507163 2.83031 -1.02673 -0.17003
-0.682102 -0.115337 0.0506846 2.84052 -0.99647 -0.16893
-0.680541 -0.116553 0.0506514 2.85042 -0.966118 -0.167812
-0.678955 -0.117735 0.0506167 2.86002 -0.935673 -0.166674
-0.677344 -0.118884 0.0505803 2.8693 -0.905137 -0.165519
-0.675709 -0.119998 0.0505426 2.87827 -0.874514 -0.164347
-0.674051 -0.121078 0.0505033 2.88693 -0.843808 -0.163157
-0.672371 -0.122122 0.0504625 2.89528 -0.81302 -0.161951
-0.670669 -0.123131 0.0504201 2.90331 -0.782155 -0.160728
-0.668946 -0.124103 0.0503763 2.91103 -0.751215 -0.159489
-0.667203 -0.125038 0.0503311 2.91843 -0.720203 -0.158234
-0.665441 -0.125937 0.0502846 2.92552 -0.689123 -0.156964
-0.66366 -0.126798 0.0502366 2.93229 -0.657977 -0.155678
-0.661861 -0.127621 0.0501874 2.93875 -0.626768 -0.154376
-0.660045 -0.128405 0.0501368 2.94489 -0.595501 -0.153059
-0.658214 -0.129152 0.0500849 2.95071 -0.564177 -0.151727
-0.656366 -0.129859 0.0500317 2.95621 -0.5328 -0.15038
-0.654505 -0.130527 0.0499772 2.96139 -0.501373 -0.149019
-0.652629 -0.131156 0.0499215 2.96625 -0.4699 -0.147643
-0.650741 -0.131744 0.0498645 2.9708 -0.438382 -0.146253
-0.648841 -0.132293 0.0498063 2.97502 -0.406824 -0.144848
-0.646929 -0.132801 0.0497469 2.97893 -0.375228 -0.143428
-0.645008 -0.133269 0.0496864 2.98251 -0.343598 -0.141995
-0.643076 -0.133696 0.0496248 2.98577 -0.311936 -0.140546
-0.641137 -0.134082 0.0495621 2.98872 -0.280246 -0.139082
-0.639189 -0.134427 0.0494984 2.99134 -0.248531 -0.137603
-0.637235 -0.13473 0.0494336 2.99364 -0.216794 -0.13611
-0.635275 -0.134993 0.0493678 2.99562 -0.185037 -0.134601
-0.63331 -0.135213 0.049301 2.99728 -0.153265 -0.133078
-0.63134 -0.135392 0.0492334 2.99861 -0.12148 -0.131541
-0.629368 -0.135529 0.0491648 2.99963 -0.0896854 -0.12999
-0.627392 -0.135625 0.0490954 3.00032 -0.0578844 -0.128426
-0.625416 -0.135679 0.0490252 3.00069 -0.0260802 -0.126848
-0.623438 -0.13569 0.0489541 3.00074 0.00572427 -0.125258
-0.621461 -0.13566 0.0488822 3.00046 0.0375258 -0.123655
-0.619485 -0.135589 0.0488095 2.99987 0.0693215 -0.12204
-0.617511 -0.135475 0.0487362 2.99895 0.101108 -0.120411
-0.61554 -0.135319 0.0486621 2.99771 0.132882 -0.11877
-0.613572 -0.135122 0.0485874 2.99615 0.164641 -0.117115
-0.611609 -0.134884 0.048512 2.99427 0.196382 -0.115448
-0.609652 -0.134603 0.048436 2.99207 0.228101 -0.113767
-0.607701 -0.134282 0.0483595 2.98954 0.259795 -0.112074
-0.605758 -0.133919 0.0482824 2.9867 0.291462 -0.110368
-0.603822 -0.133515 0.0482049 2.98354 0.323098 -0.10865
-0.601896 -0.13307 0.048127 2.98005 0.3547 -0.106919
-0.599979 -0.132585 0.0480486 2.97625 0.386265 -0.105176
-0.598073 -0.132059 0.0479698 2.97212 0.41779 -0.103422
-0.596179 -0.131493 0.0478907 2.96768 0.449271 -0.101655
-0.594297 -0.130887 0.0478113 2.96292 0.480707 -0.0998771
-0.592428 -0.130241 0.0477316 2.95784 0.512093 -0.0980876
-0.590573 -0.129556 0.0476517 2.95244 0.543427 -0.0962867
-0.588734 -0.128832 0.0475716 2.94673 0.574704 -0.0944746
-0.58691 -0.128069 0.0474914 2.9407 0.605924 -0.0926513
-0.585103 -0.127267 0.0474109 2.93435 0.637082 -0.090817
-0.583313 -0.126427 0.0473304 2.92769 0.668175 -0.0889719
-0.581541 -0.12555 0.0472498 2.92071 0.6992 -0.0871164
-0.579788 -0.124636 0.0471691 2.91342 0.730155 -0.0852511
-0.578055 -0.123684 0.0470886 2.90582 0.761035 -0.0833765
-0.576343 -0.122696 0.0470081 2.8979 0.791839 -0.0814933
-0.574651 -0.121672 0.0469276 2.88967 0.822562 -0.0796021
-0.572982 -0.120612 0.0468473 2.88113 0.853202 -0.0777033
-0.571336 -0.119518 0.0467672 2.87227 0.883756 -0.0757972
-0.569713 -0.118388 0.0466872 2.86311 0.91422 -0.0738839
-0.568114 -0.117225 0.0466075 2.85364 0.944592 -0.0719635
-0.566541 -0.116028 0.046528 2.84385 0.974869 -0.0700356
-0.564993 -0.114798 0.0464488 2.83376 1.00505 -0.0681001
-0.563472 -0.113535 0.04637 2.82337 1.03512 -0.0661567
-0.561977 -0.112241 0.0462915 2.81267 1.0651 -0.0642054
-0.56051 -0.110915 0.0462135 2.80166 1.09496 -0.0622462
-0.559072 -0.109558 0.0461359 2.79035 1.12472 -0.0602793
-0.557663 -0.108171 0.0460587 2.77874 1.15436 -0.0583049
-0.556283 -0.106755 0.045982 2.76683 1.18389 -0.0563234
-0.554934 -0.10531 0.0459058 2.75461 1.2133 -0.0543351
-0.553615 -0.103836 0.0458303 2.7421 1.24258 -0.0523402
-0.552328 -0.102335 0.0457553 2.72928 1.27174 -0.0503389
-0.551073 -0.100807 0.045681 2.71617 1.30078 -0.0483313
-0.549851 -0.0992527 0.0456074 2.70277 1.32968 -0.0463175
-0.548662 -0.0976729 0.0455345 2.68907 1.35845 -0.0442977
-0.547506 -0.0960683 0.0454624 2.67507 1.38708 -0.0422721
-0.546385 -0.0944395 0.045391 2.66079 1.41557 -0.0402412
-0.545298 -0.0927874 0.0453204 2.64621 1.44393 -0.0382054
-0.544247 -0.0911126 0.0452508 2.63134 1.47213 -0.0361652
-0.543231 -0.0894159 0.045182 2.61618 1.50019 -0.0341211
-0.542251 -0.087698 0.0451141 2.60073 1.52809 -0.0320733
-0.541308 -0.0859598 0.0450471 2.585 1.55584 -0.0300221
-0.540402 -0.084202 0.0449811 2.56898 1.58343 -0.0279674
-0.539533 -0.0824253 0.044916 2.55268 1.61087 -0.0259092
-0.538702 -0.0806307 0.0448519 2.5361 1.63814 -0.0238473
-0.53791 -0.0788189 0.044789 2.51924 1.66525 -0.0217817
-0.537155 -0.0769906 0.0447271 2.5021 1.69219 -0.0197123
-0.53644 -0.0751468 0.0446663 2.48469 1.71896 -0.0176393
-0.535764 -0.0732882 0.0446067 2.467 1.74555 -0.015563
-0.535127 -0.0714157 0.0445482 2.44903 1.77197 -0.0134837
-0.53453 -0.0695301 0.0444909 2.4308 1.79821 -0.0114018
-0.533972 -0.0676322 0.0444348 2.41229 1.82427 -0.00931787
-0.533456 -0.065723 0.0443799 2.39351 1.85015 -0.00723231
-0.532979 -0.0638032 0.0443263 2.37446 1.87583 -0.00514553
-0.532544 -0.0618738 0.044274 2.35517 1.90135 -0.00299823
-0.532149 -0.0599355 0.0442229 2.33568 1.92674 -0.000671809
-0.531795 -0.0579893 0.0441731 2.31604 1.95206 0.00201135
-0.531483 -0.056036 0.0441247 2.29633 1.97739 0.00528746
-0.531212 -0.0540765 0.0440777 2.27661 2.00281 0.009451
-0.530982 -0.0521117 0.0440321 2.25697 2.02844 0.0148546
-0.530794 -0.0501424 0.043988 2.2374 2.05429 0.0216574
-0.530648 -0.0481696 0.0439455 2.21786 2.08034 0.0298266
-0.530543 -0.046194 0.0439043 2.19823 2.10648 0.0391381
-0.530481 -0.0442167 0.0438646 2.17837 2.13255 0.0491767
-0.530483 -0.0422385 0.0438222 2.1476 2.14502 0.0180399
-0.53063 -0.0422389 0.0438058 2.1482 2.1458 0.0216603
-0.530989 -0.0422395 0.0437695 2.14876 2.14654 0.0251011
-0.531612 -0.0422408 0.0437037 2.14928 2.14724 0.0283713
-0.532519 -0.0422426 0.0436092 2.14978 2.14791 0.0314813
-0.533704 -0.0422449 0.0434866 2.15025 2.14855 0.0344347
-0.535138 -0.0422477 0.0433389 2.15069 2.14915 0.0372391
-0.536775 -0.042251 0.0431677 2.15111 2.14973 0.0399089
-0.538554 -0.0422545 0.0429821 2.1515 2.15027 0.0424456
-0.540407 -0.0422581 0.0427924 2.15188 2.15079 0.0448525
-0.54226 -0.0422617 0.0425993 2.15223 2.15129 0.0471337
-0.544039 -0.0422653 0.0424135 2.15257 2.15175 0.0493058
-0.545676 -0.0422685 0.0422419 2.15288 2.1522 0.0513672
-0.54711 -0.0422713 0.0420943 2.15318 2.15263 0.0533248
-0.548295 -0.0422737 0.0419717 2.15347 2.15303 0.0551836
-0.549202 -0.0422755 0.0418769 2.15373 2.15341 0.0569501
-0.549825 -0.0422767 0.0418106 2.15399 2.15378 0.0586269
-0.550184 -0.0422774 0.0417746 2.15423 2.15413 0.0602205
-0.550332 -0.0422777 0.0417599 2.15446 2.15446 0.0617298
-0.550355 -0.0422777 0.0417581 2.17676 2.18024 0.0917025
-0.550381 -0.0442567 0.0417966 2.20036 2.1452 0.0865251
-0.550461 -0.0462343 0.0418369 2.22409 2.11064 0.0824542
-0.550594 -0.048209 0.0418789 2.24815 2.07675 0.0796225
-0.550779 -0.0501793 0.041923 2.27268 2.04359 0.0780098
-0.551018 -0.052144 0.0419689 2.29767 2.01111 0.0774699
-0.551309 -0.0541015 0.0420167 2.32302 1.97913 0.0777533
-0.551652 -0.0560504 0.0420662 2.34851 1.94739 0.0785281
-0.552048 -0.0579893 0.0421174 2.37393 1.91565 0.0795418
-0.552496 -0.0599169 0.0421702 2.39913 1.88376 0.0806115
-0.552995 -0.0618317 0.0422245 2.42399 1.85159 0.0816144
-0.553545 -0.0637325 0.0422803 2.4484 1.81907 0.0824795
-0.554146 -0.0656177 0.0423377 2.47234 1.78619 0.0831793
-0.554798 -0.067486 0.0423966 2.49578 1.75294 0.0837224
-0.5555 -0.0693361 0.0424569 2.51873 1.71934 0.0841174
-0.55625 -0.0711667 0.0425188 2.54119 1.68539 0.0843725
-0.55705 -0.0729764 0.042582 2.56314 1.65111 0.0844957
-0.557898 -0.074764 0.0426466 2.5846 1.61651 0.0844948
-0.558794 -0.0765281 0.0427124 2.60555 1.58159 0.0843771
-0.559737 -0.0782674 0.0427795 2.62599 1.54636 0.0841498
-0.560726 -0.0799808 0.0428477 2.64592 1.51084 0.0838192
-0.561761 -0.081667 0.042917 2.66534 1.47504 0.0833911
-0.56284 -0.0833247 0.0429875 2.68424 1.43896 0.0828711
-0.563964 -0.0849528 0.0430589 2.70263 1.40261 0.0822642
-0.565131 -0.0865501 0.0431313 2.72049 1.366 0.0815749
-0.566341 -0.0881154 0.0432046 2.73783 1.32914 0.080808
-0.567592 -0.0896477 0.0432787 2.75465 1.29204 0.0799677
-0.568884 -0.0911458 0.0433538 2.77094 1.25471 0.0790582
-0.570216 -0.0926086 0.0434296 2.7867 1.21716 0.0780836
-0.571586 -0.0940351 0.0435061 2.80193 1.1794 0.0770476
-0.572994 -0.0954242 0.0435832 2.81663 1.14143 0.0759538
-0.574439 -0.096775 0.0436609 2.8308 1.10326 0.0748055
-0.57592 -0.0980865 0.0437392 2.84443 1.06491 0.0736057
-0.577435 -0.0993577 0.0438179 2.85753 1.02637 0.0723575
-0.578985 -0.100588 0.0438971 2.87009 0.987671 0.0710637
-0.580566 -0.101776 0.0439767 2.88212 0.948806 0.0697268
-0.582179 -0.102921 0.0440567 2.8936 0.909787 0.0683494
-0.583822 -0.104022 0.0441369 2.90455 0.870622 0.0669338
-0.585494 -0.105078 0.0442172 2.91496 0.83132 0.0654824
-0.587194 -0.10609 0.0442976 2.92483 0.791888 0.0639973
-0.58892 -0.107055 0.0443782 2.93416 0.752335 0.0624804
-0.590672 -0.107974 0.0444589 2.94295 0.712669 0.0609337
-0.592448 -0.108845 0.0445395 2.9512 0.672897 0.059359
-0.594246 -0.109668 0.0446201 2.95891 0.633027 0.0577579
-0.596066 -0.110443 0.0447005 2.96607 0.593067 0.0561321
-0.597906 -0.111168 0.0447808 2.9727 0.553026 0.0544832
-0.599765 -0.111844 0.0448607 2.97879 0.512909 0.0528127
-0.601642 -0.112469 0.0449403 2.98433 0.472726 0.0511221
-0.603534 -0.113044 0.0450195 2.98934 0.432483 0.0494126
-0.605442 -0.113568 0.0450982 2.9938 0.392188 0.0476857
-0.607363 -0.11404 0.0451765 2.99773 0.351848 0.0459423
-0.609295 -0.114461 0.0452542 3.00112 0.311471 0.0441834
-0.611239 -0.114829 0.0453313 3.00397 0.271063 0.0424098
-0.613192 -0.115145 0.0454078 3.00628 0.230633 0.0406223
-0.615152 -0.115409 0.0454835 3.00806 0.190187 0.0388219
-0.617119 -0.11562 0.0455585 3.0093 0.149732 0.0370093
-0.619091 -0.115778 0.0456326 3.01001 0.109276 0.0351859
-0.621066 -0.115883 0.0457058 3.01018 0.0688248 0.0333528
-0.623044 -0.115934 0.0457781 3.00982 0.0283863 0.0315113
-0.625022 -0.115933 0.0458495 3.00893 -0.0120329 0.0296626
-0.627 -0.115878 0.0459199 3.0075 -0.0524256 0.0278074
-0.628975 -0.115771 0.0459891 3.00555 -0.092785 0.0259466
-0.630947 -0.11561 0.0460573 3.00306 -0.133105 0.0240805
-0.632914 -0.115397 0.0461242 3.00005 -0.173378 0.0222096
-0.634874 -0.11513 0.0461899 2.99652 -0.213597 0.0203341
-0.636827 -0.114812 0.0462543 2.99246 -0.253756 0.0184545
-0.638771 -0.114441 0.0463173 2.98788 -0.293849 0.0165715
-0.640703 -0.114017 0.046379 2.98277 -0.33387 0.0146859
-0.642624 -0.113542 0.0464393 2.97715 -0.37381 0.0127985
-0.644532 -0.113016 0.046498 2.97101 -0.413664 0.0109103
-0.646424 -0.112439 0.0465554 2.96435 -0.453426 0.00902212
-0.648301 -0.11181 0.0466112 2.95717 -0.493089 0.00713455
-0.65016 -0.111132 0.0466655 2.94949 -0.532645 0.00524804
-0.652 -0.110404 0.046718 2.94129 -0.572089 0.00336284
-0.65382 -0.109627 0.0467688 2.93259 -0.611416 0.00147902
-0.655618 -0.108802 0.0468179 2.92337 -0.65062 -0.000403547
-0.657394 -0.107928 0.0468654 2.91366 -0.689693 -0.00228509
-0.659146 -0.107007 0.0469111 2.90344 -0.72863 -0.00416579
-0.660872 -0.106039 0.0469552 2.89272 -0.767425 -0.0060459
-0.662572 -0.105026 0.0469974 2.88151 -0.806069 -0.0079255
-0.664244 -0.103967 0.0470377 2.86979 -0.84456 -0.00980442
-0.665887 -0.102863 0.047076 2.85759 -0.88289 -0.0116823
-0.6675 -0.101716 0.0471124 2.84489 -0.921054 -0.0135589
-0.669081 -0.100526 0.0471468 2.83171 -0.959046 -0.0154335
-0.670631 -0.0992939 0.0471794 2.81804 -0.99686 -0.0173055
-0.672146 -0.0980206 0.04721 2.80389 -1.03449 -0.0191742
-0.673627 -0.0967071 0.0472386 2.78925 -1.07193 -0.021039
-0.675072 -0.0953544 0.0472651 2.77414 -1.10917 -0.0228994
-0.67648 -0.0939633 0.0472896 2.75855 -1.14621 -0.0247547
-0.67785 -0.0925349 0.047312 2.74249 -1.18304 -0.0266046
-0.679182 -0.0910703 0.0473322 2.72595 -1.21966 -0.0284489
-0.680474 -0.0895705 0.0473504 2.70896 -1.25606 -0.0302874
-0.681725 -0.0880365 0.0473665 2.69149 -1.29224 -0.03212
-0.682935 -0.0864695 0.0473805 2.67357 -1.32819 -0.0339466
-0.684102 -0.0848706 0.0473923 2.65519 -1.3639 -0.0357671
-0.685225 -0.0832409 0.047402 2.63635 -1.39937 -0.0375813
-0.686305 -0.0815817 0.0474096 2.61706 -1.43459 -0.0393887
-0.68734 -0.0798941 0.0474149 2.59732 -1.46957 -0.0411889
-0.688329 -0.0781794 0.0474181 2.57714 -1.50428 -0.0429814
-0.689272 -0.0764388 0.047419 2.55651 -1.53873 -0.0447655
-0.690168 -0.0746735 0.0474178 2.53545 -1.57292 -0.0465408
-0.691016 -0.0728847 0.0474144 2.51395 -1.60683 -0.0483068
-0.691816 -0.0710739 0.0474089 2.49202 -1.64046 -0.0500631
-0.692566 -0.0692423 0.0474013 2.46966 -1.67381 -0.0518095
-0.693268 -0.0673912 0.0473915 2.44687 -1.70687 -0.0535457
-0.69392 -0.065522 0.0473795 2.42366 -1.73963 -0.0552715
-0.694521 -0.063636 0.0473655 2.40004 -1.7721 -0.0569868
-0.695071 -0.0617345 0.0473492 2.376 -1.80426 -0.0586916
-0.69557 -0.059819 0.0473309 2.35155 -1.83611 -0.0603857
-0.696018 -0.0578908 0.0473105 2.3267 -1.86765 -0.062069
-0.696414 -0.0559513 0.0472879 2.30144 -1.89887 -0.0637413
-0.696757 -0.0540019 0.0472632 2.27579 -1.92977 -0.0654024
-0.697048 -0.052044 0.0472364 2.24974 -1.96034 -0.0670519
-0.697287 -0.0500791 0.0472077 2.22329 -1.99057 -0.0686894
-0.697472 -0.0481085 0.047177 2.19647 -2.02047 -0.0703147
-0.697605 -0.0461336 0.0471444 2.16925 -2.05002 -0.0719273
-0.697685 -0.0441559 0.0471099 2.14167 -2.07922 -0.073527
-0.697711 -0.0421769 0.0470733 2.1137 -2.10807 -0.0751133
-0.697685 -0.0401978 0.0470348 2.08537 -2.13657 -0.0766859
-0.697605 -0.0382203 0.0469943 2.05667 -2.1647 -0.0782443
-0.697472 -0.0362456 0.046952 2.02761 -2.19247 -0.0797885
-0.697287 -0.0342752 0.0469079 1.99819 -2.21987 -0.0813182
-0.697048 -0.0323106 0.0468621 1.96842 -2.24689 -0.0828334
-0.696757 -0.0303531 0.0468146 1.93831 -2.27353 -0.084334
-0.696414 -0.0284042 0.0467653 1.90785 -2.29979 -0.0858201
-0.696018 -0.0264653 0.0467143 1.87705 -2.32567 -0.0872914
-0.69557 -0.0245377 0.0466616 1.84592 -2.35115 -0.088748
-0.695071 -0.0226228 0.0466073 1.81446 -2.37623 -0.0901897
-0.694521 -0.0207221 0.0465514 1.78268 -2.40092 -0.0916163
-0.69392 -0.0188369 0.0464939 1.75058 -2.4252 -0.0930277
-0.693268 -0.0169686 0.0464349 1.71816 -2.44907 -0.0944237
-0.692566 -0.0151185 0.0463745 1.68543 -2.47254 -0.0958041
-0.691816 -0.0132879 0.0463127 1.65239 -2.49558 -0.0971685
-0.691016 -0.0114782 0.0462495 1.61906 -2.51821 -0.0985166
-0.690168 -0.00969061 0.046185 1.58543 -2.54041 -0.0998483
-0.689272 -0.00792651 0.0461193 1.55151 -2.56218 -0.101163
-0.688329 -0.00618715 0.0460523 1.51731 -2.58352 -0.102461
-0.68734 -0.00447377 0.0459841 1.48283 -2.60443 -0.103742
-0.686305 -0.00278761 0.0459148 1.44807 -2.6249 -0.105005
-0.685225 -0.00112988 0.0458443 1.41305 -2.64493 -0.106251
-0.684102 0.000498226 0.0457728 1.37776 -2.66451 -0.10748
-0.682935 0.00209553 0.0457003 1.34221 -2.68365 -0.10869
-0.681725 0.00366087 0.0456269 1.30641 -2.70233 -0.109883
-0.680474 0.00519314 0.0455526 1.27037 -2.72056 -0.111057
-0.679182 0.00669121 0.0454776 1.23408 -2.73833 -0.112213
-0.67785 0.00815402 0.0454018 1.19755 -2.75563 -0.11335
-0.67648 0.00958051 0.0453252 1.16079 -2.77248 -0.114468
-0.675072 0.0109696 0.0452481 1.12381 -2.78885 -0.115567
-0.673627 0.0123204 0.0451703 1.08661 -2.80475 -0.116646
-0.672146 0.0136319 0.0450919 1.04919 -2.82018 -0.117706
-0.670631 0.0149031 0.045013 1.01157 -2.83513 -0.118745
-0.669081 0.0161331 0.0449337 0.973737 -2.8496 -0.119766
-0.6675 0.017321 0.0448542 0.935712 -2.86358 -0.120766
-0.665887 0.018466 0.0447743 0.897497 -2.87709 -0.121747
-0.664244 0.0195672 0.0446942 0.859097 -2.8901 -0.122708
-0.662572 0.0206239 0.0446138 0.820518 -2.90262 -0.123648
-0.660872 0.0216353 0.0445331 0.781766 -2.91465 -0.124568
-0.659146 0.0226006 0.0444523 0.742845 -2.92619 -0.125468
-0.657394 0.0235192 0.0443717 0.703762 -2.93722 -0.126346
-0.655618 0.0243904 0.0442911 0.664525 -2.94775 -0.127203
-0.65382 0.0252136 0.0442107 0.625138 -2.95778 -0.128038
-0.652 0.0259881 0.0441305 0.585609 -2.9673 -0.128851
-0.65016 0.0267135 0.0440504 0.545943 -2.97631 -0.129642
-0.648301 0.0273891 0.0439705 0.506147 -2.98481 -0.13041
-0.646424 0.0280146 0.0438909 0.466227 -2.9928 -0.131155
-0.644532 0.0285894 0.0438117 0.426187 -3.00027 -0.131877
-0.642624 0.0291132 0.043733 0.386037 -3.00722 -0.132576
-0.640703 0.0295855 0.0436547 0.345782 -3.01366 -0.133252
-0.638771 0.0300061 0.0435771 0.305428 -3.01958 -0.133905
-0.636827 0.0303746 0.0435 0.264982 -3.02497 -0.134536
-0.634874 0.0306908 0.0434236 0.224451 -3.02984 -0.135143
-0.632914 0.0309543 0.0433478 0.18384 -3.03419 -0.135727
-0.630947 0.0311652 0.0432728 0.143157 -3.03801 -0.136287
-0.628975 0.0313231 0.0431987 0.102407 -3.0413 -0.136824
-0.627 0.031428 0.0431254 0.061598 -3.04407 -0.137337
-0.625022 0.0314798 0.043053 0.0207359 -3.0463 -0.137826
-0.623044 0.0314784 0.0429816 -0.0201727 -3.048 -0.138291
-0.621066 0.0314239 0.0429113 -0.0611208 -3.04917 -0.138733
-0.619091 0.0313163 0.0428421 -0.102102 -3.04981 -0.13915
-0.617119 0.0311557 0.042774 -0.143109 -3.04991 -0.139544
-0.615152 0.0309422 0.0427071 -0.184135 -3.04948 -0.139914
-0.613192 0.0306759 0.0426414 -0.225174 -3.04851 -0.14026
-0.611239 0.0303571 0.042577 -0.266219 -3.04701 -0.140582
-0.609295 0.0299859 0.0425139 -0.307264 -3.04497 -0.14088
-0.607363 0.0295627 0.0424522 -0.348301 -3.0424 -0.141154
-0.605442 0.0290877 0.042392 -0.389322 -3.03928 -0.141403
-0.603534 0.0285614 0.0423331 -0.430323 -3.03563 -0.141627
-0.601642 0.0279839 0.0422758 -0.471295 -3.03143 -0.141827
-0.599765 0.0273559 0.04222 -0.512231 -3.0267 -0.142002
-0.597906 0.0266777 0.0421657 -0.553125 -3.02143 -0.142152
-0.596066 0.0259498 0.042113 -0.59397 -3.01562 -0.142277
-0.594246 0.0251728 0.042062 -0.634759 -3.00927 -0.142377
-0.592448 0.0243472 0.0420127 -0.675485 -3.00238 -0.142452
-0.590672 0.0234735 0.0419652 -0.716141 -2.99495 -0.142502
-0.58892 0.0225526 0.0419195 -0.756719 -2.98699 -0.142526
-0.587194 0.0215849 0.0418756 -0.797213 -2.97848 -0.142526
-0.585494 0.0205712 0.0418335 -0.837615 -2.96944 -0.1425
-0.583822 0.0195122 0.0417933 -0.877919 -2.95986 -0.142449
-0.582179 0.0184087 0.0417549 -0.918117 -2.94974 -0.142373
-0.580566 0.0172615 0.0417185 -0.958202 -2.93909 -0.142272
-0.578985 0.0160714 0.041684 -0.998169 -2.9279 -0.142145
-0.577435 0.0148393 0.0416515 -1.03801 -2.91618 -0.141993
-0.57592 0.013566 0.041621 -1.07771 -2.90392 -0.141815
-0.574439 0.0122525 0.0415926 -1.11728 -2.89113 -0.141612
-0.572994 0.0108998 0.0415662 -1.15669 -2.87781 -0.141383
-0.571586 0.00950872 0.0415418 -1.19595 -2.86397 -0.141129
-0.570216 0.00808036 0.0415194 -1.23505 -2.84959 -0.14085
-0.568884 0.00661573 0.0414992 -1.27398 -2.83468 -0.140544
-0.567592 0.00511589 0.041481 -1.31273 -2.81926 -0.140214
-0.566341 0.00358192 0.041465 -1.3513 -2.8033 -0.139857
-0.565131 0.00201492 0.0414511 -1.38968 -2.78683 -0.139476
-0.563964 0.000416019 0.0414394 -1.42786 -2.76983 -0.139069
-0.56284 -0.00121362 0.0414297 -1.46583 -2.75232 -0.138637
-0.561761 -0.00287283 0.0414222 -1.50359 -2.73429 -0.13818
-0.560726 -0.0045604 0.0414169 -1.54113 -2.71575 -0.137699
-0.559737 -0.00627514 0.0414137 -1.57845 -2.6967 -0.137192
-0.558794 -0.00801579 0.0414127 -1.61553 -2.67713 -0.13666
-0.557898 -0.00978111 0.0414138 -1.65237 -2.65706 -0.136102
-0.55705 -0.0115698 0.0414171 -1.68896 -2.63649 -0.135517
-0.55625 -0.0133806 0.0414225 -1.7253 -2.61541 -0.134906
-0.5555 -0.0152122 0.0414302 -1.76138 -2.59384 -0.134268
-0.554798 -0.0170633 0.04144 -1.79719 -2.57177 -0.133604
-0.554146 -0.0189326 0.041452 1.83172 2.54781 0.132841
-0.553545 -0.0208186 0.0414662 1.86444 2.52137 0.131949
-0.552995 -0.02272 0.0414825 1.89676 2.49449 0.130979
-0.552496 -0.0246356 0.0415009 1.92862 2.46707 0.129825
-0.552048 -0.0265638 0.0415212 1.95992 2.43903 0.128343
-0.551652 -0.0285033 0.0415437 1.99055 2.41023 0.126353
-0.551309 -0.0304527 0.0415681 2.02035 2.3805 0.12365
-0.551018 -0.0324105 0.0415946 2.04912 2.34965 0.120009
-0.550779 -0.0343755 0.0416232 2.07673 2.31761 0.115396
-0.550594 -0.0363461 0.0416539 2.10318 2.28443 0.10994
-0.550461 -0.038321 0.0416867 2.12852 2.25028 0.103906
-0.550381 -0.0402986 0.0417215 2.15295 2.21542 0.0976719
-0.550378 -0.0422778 0.0417552 2.19817 2.20423 0.121505
-0.550525 -0.042278 0.0417405 2.19616 2.2021 0.119932
-0.550884 -0.0422788 0.0417006 2.19424 2.20007 0.118445
-0.551507 -0.04228 0.0416382 2.19244 2.19814 0.117025
-0.552414 -0.0422818 0.0415433 2.19072 2.1963 0.115673
-0.553599 -0.0422841 0.0414193 2.1891 2.19456 0.114398
-0.555033 -0.042287 0.0412699 2.18755 2.19289 0.113184
-0.55667 -0.0422902 0.041098 2.18609 2.19131 0.112029
-0.55845 -0.0422937 0.0409159 2.18471 2.18981 0.110929
-0.560302 -0.0422974 0.0407216 2.1834 2.18839 0.109879
-0.562155 -0.0423011 0.0405266 2.18215 2.18703 0.108885
-0.563934 -0.0423046 0.0403382 2.18098 2.18574 0.107935
-0.565571 -0.0423079 0.0401655 2.17986 2.18452 0.10703
-0.567005 -0.0423108 0.0400137 2.1788 2.18335 0.106171
-0.56819 -0.0423132 0.039889 2.1778 2.18225 0.105346
-0.569097 -0.042315 0.0397917 2.17686 2.1812 0.104559
-0.56972 -0.0423163 0.0397226 2.17596 2.18021 0.103813
-0.570079 -0.042317 0.0396867 2.1751 2.17926 0.103106
-0.570227 -0.0423173 0.039672 2.17429 2.17836 0.102428
-0.570251 -0.0423169 0.039692 2.16467 2.16447 0.0353269
-0.570288 -0.0403365 0.0396574 2.12638 2.20616 0.0501647
-0.570397 -0.0383588 0.039627 2.08684 2.24656 0.0630774
-0.570579 -0.0363864 0.0395989 2.04609 2.2856 0.0734883
-0.570833 -0.034422 0.0395721 2.00424 2.3233 0.0811523
-0.571159 -0.0324681 0.0395466 1.96144 2.35974 0.086151
-0.571556 -0.0305276 0.0395226 1.91784 2.39504 0.0888852
-0.572024 -0.0286028 0.0395009 1.87355 2.42935 0.0900644
-0.572563 -0.0266965 0.0394827 1.82867 2.46279 0.0902737
-0.573171 -0.0248113 0.0394689 1.78323 2.49545 0.0899737
-0.573848 -0.0229497 0.0394586 1.73727 2.52736 0.0895037
-0.574593 -0.0211142 0.0394515 1.6908 2.55856 0.0890848
-0.575405 -0.0193072 0.0394473 1.64383 2.58904 0.0888225
-0.576283 -0.0175313 0.039446 1.59636 2.61878 0.0887108
-0.577225 -0.0157888 0.0394475 1.54841 2.64777 0.0887433
-0.578231 -0.014082 0.0394515 1.49997 2.67599 0.0889137
-0.579298 -0.0124132 0.0394581 1.45106 2.70344 0.0892158
-0.580426 -0.0107848 0.0394674 1.40168 2.73009 0.0896434
-0.581613 -0.00919892 0.0394797 1.35185 2.75594 0.0901905
-0.582858 -0.00765767 0.039495 1.30157 2.78097 0.0908514
-0.584158 -0.00616317 0.0395134 1.25085 2.80517 0.0916205
-0.585512 -0.00471744 0.0395348 1.1997 2.82853 0.0924927
-0.586918 -0.00332241 0.0395591 1.14813 2.85103 0.0934629
-0.588375 -0.00197996 0.039586 1.09616 2.87266 0.0945264
-0.58988 -0.000691935 0.0396159 1.04379 2.89342 0.0956785
-0.591431 0.000539937 0.0396487 0.991043 2.91328 0.0969145
-0.593026 0.00171399 0.0396844 0.937929 2.93225 0.0982298
-0.594663 0.00282867 0.0397225 0.884462 2.95031 0.09962
-0.59634 0.00388247 0.039763 0.830656 2.96745 0.10108
-0.598054 0.00487397 0.0398059 0.776526 2.98365 0.102607
-0.599804 0.00580185 0.0398508 0.722086 2.99892 0.104195
-0.601586 0.00666484 0.039898 0.667349 3.01324 0.10584
-0.603399 0.0074617 0.0399482 0.61233 3.0266 0.107538
-0.60524 0.00819135 0.0400012 0.557048 3.039 0.109286
-0.607107 0.00885285 0.0400567 0.50152 3.05042 0.111078
-0.608996 0.00944534 0.0401142 0.445762 3.06086 0.112911
-0.610906 0.00996801 0.0401737 0.389791 3.07032 0.114782
-0.612834 0.0104202 0.0402347 0.333624 3.07878 0.116686
-0.614777 0.0108012 0.0402973 0.277275 3.08623 0.11862
-0.616732 0.0111106 0.0403618 0.220759 3.09268 0.120581
-0.618698 0.0113479 0.0404283 0.164098 3.09812 0.122564
-0.620671 0.0115128 0.0404965 0.107314 3.10255 0.124568
-0.622648 0.0116052 0.0405658 0.050422 3.10595 0.126588
-0.624628 0.0116248 0.0406361 -0.00656215 3.10832 0.128622
-0.626607 0.0115716 0.0407076 -0.0636204 3.10966 0.130667
-0.628583 0.0114458 0.0407802 -0.120741 3.10997 0.13272
-0.630552 0.0112474 0.040855 -0.177911 3.10923 0.134776
-0.632513 0.0109765 0.0409325 -0.235099 3.10746 0.136835
-0.634463 0.0106337 0.041012 -0.292266 3.10464 0.138893
-0.636398 0.0102195 0.0410912 -0.349392 3.10079 0.140947
-0.638317 0.00973464 0.0411694 -0.406477 3.09589 0.142995
-0.640217 0.00917966 0.0412469 -0.46351 3.08994 0.145034
-0.642096 0.00855529 0.0413242 -0.520473 3.08295 0.147061
-0.64395 0.0078623 0.0414019 -0.577359 3.07491 0.149074
-0.645777 0.00710146 0.0414814 -0.634151 3.06581 0.15107
-0.647575 0.00627373 0.0415639 -0.690805 3.05567 0.153048
-0.649341 0.00538037 0.0416476 -0.747274 3.04449 0.155004
-0.651073 0.00442275 0.0417303 -0.803547 3.03227 0.156936
-0.652769 0.00340222 0.0418114 0.858844 -3.01626 -0.158699
-0.654427 0.00232008 0.0418915 0.913405 -2.99783 -0.160355
-0.656043 0.00117779 0.0419706 0.967581 -2.97842 -0.161978
-0.657617 -2.31108e-05 0.0420484 1.02136 -2.95802 -0.163565
-0.659145 -0.00128104 0.0421253 1.07474 -2.93666 -0.165116
-0.660626 -0.00259441 0.0422026 1.1277 -2.91433 -0.166629
-0.662058 -0.00396145 0.0422807 1.18021 -2.89105 -0.168103
-0.663438 -0.00538027 0.0423589 1.23223 -2.86684 -0.169535
-0.664765 -0.00684891 0.0424362 1.28377 -2.8417 -0.170924
-0.666038 -0.00836536 0.0425123 1.33479 -2.81565 -0.17227
-0.667253 -0.00992754 0.0425864 1.38529 -2.78869 -0.173571
-0.668411 -0.0115333 0.0426577 1.43525 -2.76084 -0.174826
-0.669509 -0.0131806 0.0427266 1.48469 -2.7321 -0.176034
-0.670546 -0.0148671 0.0427944 1.53358 -2.70247 -0.177194
-0.67152 -0.0165907 0.042862 1.5819 -2.67197 -0.178307
-0.67243 -0.0183491 0.0429288 1.62962 -2.64063 -0.179369
-0.673275 -0.0201397 0.0429941 1.67673 -2.60845 -0.180381
-0.674054 -0.0219602 0.0430573 1.72321 -2.57545 -0.181342
-0.674765 -0.0238081 0.0431179 1.76906 -2.54164 -0.18225
-0.675408 -0.025681 0.043176 1.81426 -2.50703 -0.183105
-0.675981 -0.0275763 0.0432322 1.85882 -2.47161 -0.183907
-0.676485 -0.0294914 0.0432872 1.90271 -2.43542 -0.184655
-0.676918 -0.0314238 0.0433405 1.9459 -2.39847 -0.185348
-0.677279 -0.0333708 0.0433912 1.98839 -2.36077 -0.185985
-0.677569 -0.0353299 0.0434392 2.03016 -2.32234 -0.186567
-0.677787 -0.0372983 0.0434844 2.07121 -2.28318 -0.187093
-0.677932 -0.0392735 0.0435263 2.11153 -2.24332 -0.187564
-0.678005 -0.0412527 0.0435655 2.15112 -2.20275 -0.187979
-0.678005 -0.0432334 0.0436031 2.18995 -2.16149 -0.188339
-0.677932 -0.0452127 0.0436389 2.22802 -2.11957 -0.188641
-0.677787 -0.047188 0.0436721 2.26528 -2.07701 -0.188884
-0.677569 -0.0491568 0.0437015 2.30176 -2.03381 -0.189069
-0.677279 -0.0511162 0.0437279 2.33745 -1.98999 -0.189196
-0.676918 -0.0530638 0.043751 2.37232 -1.94555 -0.189263
-0.676485 -0.0549968 0.0437711 2.40638 -1.90052 -0.189271
-0.675981 -0.0569127 0.0437888 2.43962 -1.85489 -0.189221
-0.675408 -0.0588087 0.0438044 2.47202 -1.8087 -0.189111
-0.674765 -0.0606824 0.0438175 2.50356 -1.76198 -0.188942
-0.674054 -0.0625313 0.043827 2.53424 -1.71473 -0.188713
-0.673275 -0.0643529 0.0438328 2.56406 -1.66696 -0.188424
-0.67243 -0.0661447 0.0438356 2.59302 -1.61868 -0.188077
-0.67152 -0.0679043 0.0438354 2.6211 -1.5699 -0.187671
-0.670546 -0.0696293 0.0438333 2.64829 -1.52064 -0.187205
-0.669509 -0.0713172 0.0438295 2.6746 -1.47093 -0.186679
-0.668411 -0.0729659 0.0438231 2.69998 -1.42081 -0.186093
-0.667253 -0.0745732 0.0438128 2.72445 -1.37027 -0.185445
-0.666038 -0.076137 0.043798 2.74801 -1.31933 -0.184737
-0.664765 -0.0776553 0.0437795 2.77065 -1.26799 -0.18397
-0.663438 -0.0791258 0.0437579 2.79237 -1.21626 -0.183143
-0.662058 -0.0805466 0.0437336 2.81316 -1.16416 -0.182258
-0.660626 -0.0819156 0.0437074 2.83302 -1.11172 -0.181313
-0.659145 -0.0832309 0.0436799 2.85194 -1.05894 -0.180311
-0.657617 -0.0844909 0.0436508 2.8699 -1.00587 -0.17925
-0.656043 -0.0856939 0.0436187 2.8869 -0.952532 -0.17813
-0.654427 -0.0868383 0.0435829 2.90295 -0.89892 -0.176954
-0.652769 -0.0879227 0.0435439 2.91803 -0.845049 -0.175722
-0.651073 -0.0889456 0.0435015 2.93215 -0.790945 -0.174434
-0.649341 -0.0899057 0.0434552 2.94531 -0.736616 -0.173091
-0.647575 -0.0908016 0.0434055 2.95749 -0.682056 -0.171695
-0.645777 -0.0916318 0.0433545 2.96872 -0.62727 -0.170246
-0.64395 -0.0923951 0.0433039 2.97896 -0.572306 -0.168744
-0.642096 -0.0930906 0.0432525 2.98823 -0.51721 -0.167188
-0.640217 -0.0937174 0.043199 2.9965 -0.461997 -0.165577
-0.638317 -0.094275 0.0431425 3.00379 -0.406672 -0.163913
-0.636398 -0.0947624 0.0430828 3.0101 -0.35125 -0.162197
-0.634463 -0.0951793 0.0430194 3.01543 -0.295737 -0.160431
-0.632513 -0.0955249 0.042953 3.01977 -0.240126 -0.158616
-0.630552 -0.0957985 0.0428857 3.02313 -0.184431 -0.156754
-0.628583 -0.0959997 0.0428186 3.0255 -0.128697 -0.154844
-0.626607 -0.0961281 0.0427508 3.02688 -0.0729596 -0.152885
-0.624628 -0.0961839 0.0426813 3.02727 -0.017229 -0.150878
-0.622648 -0.096167 0.0426103 3.02668 0.0384877 -0.148823
-0.620671 -0.0960774 0.0425376 3.0251 0.0941736 -0.146721
-0.618698 -0.0959152 0.0424632 3.02253 0.149817 -0.144571
-0.616732 -0.0956806 0.0423877 3.01899 0.205406 -0.142374
-0.614777 -0.0953739 0.0423116 3.01445 0.260917 -0.14013
-0.612834 -0.0949955 0.0422345 3.00894 0.316324 -0.13784
-0.610906 -0.0945459 0.0421564 3.00245 0.371615 -0.135505
-0.608996 -0.0940259 0.0420771 2.99498 0.426779 -0.133126
-0.607107 -0.093436 0.0419973 2.98653 0.481799 -0.130704
-0.60524 -0.0927771 0.0419167 2.97712 0.536659 -0.12824
-0.603399 -0.09205 0.041836 2.96673 0.591348 -0.125734
-0.601586 -0.0912556 0.0417557 2.95537 0.645843 -0.123188
-0.599804 -0.090395 0.0416757 2.94306 0.70012 -0.1206
-0.598054 -0.0894695 0.0415956 2.92978 0.754159 -0.117973
-0.59634 -0.0884803 0.0415152 2.91556 0.807952 -0.115305
-0.594663 -0.0874288 0.0414347 2.90038 0.861487 -0.112599
-0.593026 -0.0863164 0.0413545 2.88426 0.914744 -0.109855
-0.591431 -0.0851445 0.0412743 2.86719 0.967709 -0.107075
-0.58988 -0.0839148 0.0411948 2.84919 1.02037 -0.104259
-0.588375 -0.0826288 0.0411159 2.83025 1.0727 -0.101409
-0.586918 -0.0812884 0.041038 2.8104 1.12469 -0.0985255
-0.585512 -0.0798953 0.0409607 2.78962 1.17632 -0.0956103
-0.584158 -0.0784514 0.0408842 2.76792 1.22758 -0.0926645
-0.582858 -0.0769587 0.0408091 2.74532 1.27845 -0.0896892
-0.581613 -0.0754192 0.0407354 2.72182 1.32892 -0.0866849
-0.580426 -0.0738348 0.0406631 2.69742 1.37897 -0.0836521
-0.579298 -0.0722079 0.0405923 2.67214 1.42858 -0.0805913
-0.578231 -0.0705406 0.0405226 2.64598 1.47773 -0.077503
-0.577225 -0.0688352 0.0404539 2.61895 1.52641 -0.0743878
-0.576283 -0.067094 0.0403864 2.59106 1.57462 -0.0712465
-0.575405 -0.0653193 0.0403202 2.56231 1.62234 -0.06808
-0.574593 -0.0635135 0.0402558 2.53271 1.66955 -0.0648887
-0.573848 -0.061679 0.0401933 2.5023 1.71626 -0.0615841
-0.573171 -0.0598184 0.040133 2.47115 1.76251 -0.0579879
-0.572563 -0.057934 0.0400753 2.43932 1.80836 -0.0538304
-0.572024 -0.0560284 0.0400212 2.4069 1.85387 -0.0487493
-0.571556 -0.0541042 0.0399699 2.37401 1.89911 -0.04229
-0.571159 -0.0521641 0.0399203 2.34071 1.94417 -0.0339074
-0.570833 -0.0502107 0.0398716 2.30697 1.98906 -0.0233486
-0.570579 -0.0482467 0.0398239 2.27268 2.0337 -0.0106558
-0.570397 -0.0462746 0.0397772 2.23766 2.07796 0.00383091
-0.570288 -0.0442971 0.0397325 2.20171 2.12164 0.0194713
