timestamp_sec,position_x,position_y,position_z,orientation_x,orientation_y,orientation_z,orientation_w
1782547723.428691,0.2879508925733626,0.5806596142192213,0.05829344062704438,0.7062153102002175,0.7079543953642856,0.007733199994560685,-0.0008410356968080017
1782547723.9998124,0.28806221706066126,0.5843038539787566,0.05839640410143747,0.6987335209771117,0.7153344290036737,0.00823359059137856,-0.00057387358368621
1782547724.9998388,0.2872840371636874,0.5924365065553812,0.05797194944426502,0.680492230545027,0.7327083982941123,0.008289966142549567,6.081517669973989e-05
1782547725.9998143,0.2864563429892665,0.6003205422866654,0.05791761358969193,0.6628721333599039,0.7486823525907681,0.008649836720138747,0.0006708641871640514
1782547726.9998481,0.2850886092943379,0.6087848179787696,0.057847867228422355,0.6437852596371607,0.765152281237996,0.009040469873828557,0.0008921292870516766
1782547727.999824,0.2833547116420167,0.6171533397596459,0.057754276239996,0.6242933757996032,0.7811396552646825,0.008713223549915744,0.001643058452278206
1782547728.9998946,0.28118681277669244,0.6256826988841773,0.057701994180659535,0.604414368887046,0.7966146009609895,0.009273305860213868,0.001566530261613152
1782547730.0000448,0.27854100817191174,0.6340700238306657,0.057752529202223415,0.5841429507641606,0.8115959284127189,0.00929675871915123,0.0016224468417576075
1782547730.9998844,0.27564917962373936,0.6423556652540052,0.057786624489925956,0.563511486755544,0.8260503143313662,0.009600846072300636,0.0018724962759952063
1782547731.99986,0.27215695636609605,0.6504796525625718,0.05773761249929403,0.5425256352638547,0.8399860810114786,0.009322408105276942,0.001552899110487343
1782547732.9998202,0.2686752562795728,0.6579470673431203,0.05754661077300975,0.5223997371689257,0.8526404476862476,0.00994102151427423,0.001989388470198667
1782547733.9997792,0.26439697395231093,0.665791011007164,0.05742900754304851,0.5007015719435214,0.8655598591704173,0.010031080451130213,0.001855659224364673
1782547734.9998617,0.2599771806836152,0.6732775278657961,0.05741988281007458,0.47872588858044296,0.8779029387237933,0.010190578340811138,0.002026301081444858
1782547735.999848,0.2550279150214704,0.6805979006014052,0.057346701667385744,0.45646490585495153,0.8896793414729137,0.01031021958355805,0.00203922811171117
1782547736.9998586,0.24978626493826878,0.6876532400217438,0.05740348873257538,0.43394822137422706,0.9008763005025175,0.01034189738800769,0.001969141299774349
1782547737.999846,0.24416482903625775,0.6945744976544075,0.05734071188995636,0.4110506651034699,0.9115469674947695,0.010736625012941016,0.0020497932618235752
1782547738.9998524,0.23831187367051415,0.7009525642813657,0.057127920944449365,0.38795953777502684,0.9216116902683483,0.01071357998939175,0.0021233496924639417
1782547739.999817,0.2324111048057374,0.7067185921038522,0.05689456779823414,0.36593418362663466,0.9305814339554777,0.010334432164601035,0.0018887939831111575
1782547740.9998436,0.2258852712702803,0.7126238222702322,0.0568280986957921,0.3423780730523912,0.939498123045965,0.010781168413171019,0.002073232665957261
1782547741.9998605,0.21900948881049082,0.7181566354974892,0.056804573025853636,0.3186140156914644,0.9478196401496599,0.010898601863768023,0.002063789946568468
1782547742.9998178,0.21191903804209616,0.7234911523616245,0.05684149485773961,0.29460252799264064,0.9555502058819262,0.011374196670452082,0.0019447851952964668
1782547743.999873,0.20456526620589938,0.7283032890439256,0.0566460187393887,0.27047257525789575,0.9626591920078771,0.01130975452288943,0.0019888511093665217
1782547744.9999125,0.1969658579600117,0.7327621054233634,0.0565293217214836,0.24612124537135152,0.9691696863170574,0.011442437251873284,0.0018767873317738137
1782547745.999878,0.18917208753357218,0.7368176445809118,0.05633639689526897,0.22163684750707804,0.9750591048669177,0.011539641325076847,0.0019200315982141542
1782547746.9998503,0.18165252182997682,0.7403323847150751,0.05619845814072767,0.19838263914084492,0.9800553022358576,0.011516172445888238,0.0018195656327626316
1782547748.0000868,0.17347327679203978,0.7436479255293464,0.05612248525653736,0.17365742745644058,0.9847361197044008,0.011634234017383775,0.001586517431331484
1782547748.9998064,0.16521880752637258,0.7465331030698634,0.05605243177755119,0.14876358274200113,0.9888029824747752,0.011629157678467741,0.0016795804364876064
1782547749.9998379,0.15676991070773727,0.7490133517204749,0.055915444243100396,0.1238317487813044,0.9922347340486226,0.011530330928842205,0.0017268497023755402
1782547750.9998345,0.14812423310651368,0.7510390482701077,0.05579381711307162,0.09873958297247379,0.9950434882397108,0.011646623915500484,0.0018186306776035467
1782547751.9998174,0.1395472192262856,0.752625690518721,0.05563624467865484,0.07368703470486772,0.9972142247578132,0.011457151966387977,0.001656661068619593
1782547752.9998155,0.1307638386779153,0.7538264368518035,0.05548154364659148,0.048525783445523885,0.9987567300576541,0.011286477857059073,0.0016905392993906275
1782547753.9998183,0.12255146256652533,0.754463256941788,0.05540252227924884,0.0247520833783369,0.9996284730227585,0.011282290817231444,0.001720524494348108
1782547754.9998155,0.11377771985231755,0.7547854221031978,0.055330738016718964,-0.0004868453809537822,0.9999356301303695,0.011240590426078157,0.0014655047693970553
1782547755.9998376,0.10494339151262916,0.7546236443803652,0.055199407674506026,-0.025641449198354257,0.9996103759499221,0.010926712982789568,0.0014897381164109347
1782547756.9998558,0.09613171833902656,0.7540567708109245,0.055044104463510504,-0.05083867585951933,0.9986456807952651,0.010958197084957001,0.0014666909898262872
1782547757.9998088,0.08743062906980781,0.7530998051098163,0.054933180525688505,-0.07589041030902584,0.9970549366939697,0.010948557419182436,0.0014926244506833187
1782547758.9998355,0.07878346095562905,0.7515956346211454,0.05474943687243582,-0.1010604691443238,0.9948191860286348,0.010909716916693185,0.0015958579044758612
1782547759.9998803,0.07025694371148766,0.7497616506590732,0.05465637077241338,-0.12602022152194944,0.991964767333915,0.011064639552168291,0.0015420399837343586
1782547760.9998178,0.0622138403717572,0.7474881656741378,0.05456513607277834,-0.14962086380503356,0.9886829354823031,0.010852200938386512,0.0013711072622064793
1782547761.999889,0.05386337328480206,0.7448659859352911,0.05462469658312254,-0.1744905454262595,0.9845967526259851,0.010974230547251907,0.0013603452161268907
1782547762.9998202,0.045701838176600895,0.7416077403247074,0.05437703187798888,-0.1992307903066586,0.9798923181438116,0.010795940624464224,0.0012588496989066264
1782547763.9998214,0.03761158414567567,0.7382189271938184,0.054317430345077675,-0.2238519268891799,0.9745598602578271,0.011045480258783368,0.0011793931060873244
1782547765.0001228,0.02985040486642221,0.7342048107583281,0.05423460650488658,-0.24834522042400548,0.9686129198115883,0.01058428990886892,0.0012790128016776738
1782547765.9998577,0.022333090902650066,0.7298428416380658,0.054086583706465366,-0.27264999882206964,0.9620581477587873,0.010235937543061173,0.001150676267021818
1782547766.9998605,0.014836664304670344,0.725310131718208,0.05402248097142305,-0.29682547635978446,0.9548762755967928,0.010211468731784062,0.0012887173951764471
1782547767.9998143,0.008087388313415211,0.7204763613005838,0.053991728699513554,-0.31941775623677143,0.9475607550732401,0.009968991651602508,0.001237598944665104
1782547768.9998076,0.001132562883266075,0.7150063668227151,0.053761302083466564,-0.3432183819068623,0.9392038978872533,0.009786984451993918,0.0011812916496388435
1782547769.999852,-0.005534174135542913,0.7093054839627277,0.053700647820864734,-0.36680756868961734,0.9302451928211458,0.009703449064020424,0.0013899141782530257
1782547770.999863,-0.011839327359339735,0.7033831690242691,0.053692841551469875,-0.39007554124174937,0.9207315111707324,0.009639655360856455,0.001278087140901497
1782547771.9999027,-0.0178364585584333,0.6969416376102204,0.053596268394080306,-0.4131652930178944,0.9106070775047255,0.009390220055100408,0.0010073783088604012
1782547772.9998963,-0.023537686124792234,0.6902764738799287,0.053467107651795034,-0.43595628000856756,0.8999196972448783,0.009256645763276077,0.0009873910022048168
1782547773.9998245,-0.028919135551828512,0.683339033977105,0.0535569667263832,-0.4585413434787947,0.8886238861466037,0.009315724036441457,0.0008016084123137228
1782547774.9999,-0.03354235895877988,0.6766744373443674,0.05353598422441458,-0.47951014941020575,0.8774896038984751,0.00902193386333163,0.0007850936666615177
1782547775.9998598,-0.038200143471448456,0.6691385660544991,0.05344324365734691,-0.5014489793918753,0.865142632674248,0.008752308617796706,0.000737082204955172
1782547776.9998581,-0.04257933375011891,0.661418543971303,0.05328916562554805,-0.5230914585982075,0.8522353103454904,0.008337604411465763,0.0008866197626751603
1782547777.9998875,-0.04641938300186166,0.6535531998360538,0.05323773179312648,-0.5443675078812816,0.838807926848041,0.00799280240441173,0.0011803938911819037
1782547778.999811,-0.04989252213156081,0.645529022829654,0.05327222529846755,-0.5653139819874634,0.8248392679003369,0.0076819009967523475,0.0011279610765610392
1782547779.99981,-0.05297189450033485,0.6374235115701276,0.05322097395301491,-0.5859390704801802,0.8103178069925717,0.007685385884071656,0.0011799149905369925
1782547780.99985,-0.05563309065151689,0.6288901407073043,0.0531306946749136,-0.6061801657390143,0.7952939807898214,0.007214431856671543,0.001021154780607711
1782547781.999825,-0.05773415597567627,0.6208595948795397,0.05312455793377022,-0.624927601845054,0.7806499937893487,0.0070552935691116266,0.001141263130594993
1782547782.9998507,-0.05961498733495102,0.6125351549529211,0.053231373226312405,-0.6443651660582731,0.7646828185711252,0.00720358071189511,0.0013521012318183775
1782547783.9998116,-0.06094017546614744,0.6036714071778596,0.053049957263893034,-0.6633889942975202,0.7482431983379503,0.00676727059166991,0.0011672337635260475
1782547784.9998631,-0.061862312585779455,0.5948235567332919,0.05312710716707758,-0.6820356055321521,0.7312905089961977,0.006370310995798411,0.0010214579234629252
1782547785.999824,-0.06233574456882812,0.5859377293727288,0.05302016564832693,-0.7002255313356404,0.713894005177983,0.006191712368402327,0.0011033288744454173
1782547786.9997783,-0.06242899710001881,0.5771527771231343,0.053187580127085854,0.7179982147329351,-0.6960190158006351,-0.005821475569610992,-0.0014844886075205768
1782547787.9998055,-0.06218727182073139,0.5687739470331473,0.053334408216479945,0.7352708707910868,-0.6777464454347208,-0.005751281554742937,-0.0018506828999105642
1782547788.9998088,-0.06136069430437596,0.5601334965109914,0.05312705070531126,0.7512066615718817,-0.6600435838575966,-0.005237711951750825,-0.001893513126123487
1782547789.9998345,-0.0600846226362578,0.5512628858548707,0.05321134391760539,0.7675744040484742,-0.6409409846679878,-0.004567945894686143,-0.0018227157658520805
1782547791.000147,-0.0584439341651648,0.5427058692447422,0.05322635548701077,0.7834936211334604,-0.6213806752106488,-0.004413240338213176,-0.0020797662496241784
1782547791.999809,-0.05634552426858405,0.5342815471194226,0.05317090327938893,0.7988446029485132,-0.6015205671338024,-0.003901706334241968,-0.0022548487182942273
1782547792.999892,-0.0538457925310781,0.525601669896668,0.053257409689178165,0.8138172818859969,-0.5811066078412628,-0.0033276502231116647,-0.0023385403356169306
1782547793.999852,-0.050978787011989046,0.5173771638344403,0.05332127917462419,0.8281892476074152,-0.5604368695586156,-0.002681686913488057,-0.0024277442412396167
1782547794.999921,-0.04764578321952426,0.5092422783434866,0.05334727690609867,0.842006233295708,-0.5394555699350466,-0.0024733468635371176,-0.0026596451869210372
1782547795.999906,-0.04411079175954358,0.5018564440689727,0.05353755798427971,0.8545593679070844,-0.5193404639038287,-0.0022776923576215105,-0.0029294012911077394
1782547796.9998643,-0.03990569238867547,0.4939630012753309,0.053456240003463856,0.8674097621931713,-0.49758305252024115,-0.0017416528149352252,-0.0028942947495277844
1782547797.9998796,-0.03545438452842159,0.4863865205900454,0.05353988200127324,0.8796752234476722,-0.47556533574313614,-0.0017708041212846453,-0.002444779043250091
1782547798.9998693,-0.030456458875142756,0.47908441864875295,0.05361366866829209,0.8913632892602882,-0.45327781773061676,-0.0013580730747382412,-0.002976936340139346
1782547799.9998298,-0.025186078332643386,0.4718022377625122,0.05366651493328477,0.9024823034747659,-0.4307173613260344,-0.0009504052815548709,-0.0027098518446454084
1782547800.9998522,-0.019481418010197038,0.4651940937615061,0.05380007101195624,0.9130273044941076,-0.4078856506464747,-0.0006774154895792227,-0.0031588531432599977
1782547801.9998121,-0.013505132804599751,0.45866794312601267,0.05390397446691075,0.9230036912234287,-0.3847778973417215,-0.0003380402471128602,-0.0031688221787634133
1782547802.999807,-0.007556785409886885,0.45281879857285845,0.05404383195511636,0.9318981273593959,-0.3627051737781808,-6.806956680521461e-05,-0.0032912771267466384
1782547803.9998708,-0.0009618974744712017,0.44689931524586235,0.05407533231417153,0.940738424781854,-0.33911814146713,0.00011279702712096339,-0.0031764042038770544
1782547804.9998147,0.005880875359152882,0.44124918181830475,0.05425086704204308,0.9489893825505196,-0.31529196783436864,0.0002881046179391076,-0.0031691988331848243
1782547806.0001187,0.013067715407841574,0.4360357480020347,0.054279195293266996,0.9566202630194774,-0.2913189208719944,0.0005711676685413038,-0.0032607499163356873
1782547806.9998152,0.020626409748050634,0.4311343953723168,0.05438901546208273,0.963644534718075,-0.26717417482085937,0.0008579474165266674,-0.0025367189454584722
1782547807.999864,0.028159079980592278,0.42669586308879887,0.054498059913711185,0.970079526921538,-0.24277112899350525,0.0009075404912360782,-0.0026583350354639564
1782547808.9998465,0.03613933241488693,0.4226498477623285,0.054570837386374145,0.9758859636326501,-0.21824987055981213,0.0014843479368107538,-0.0033729359023946855
1782547809.9998038,0.04372672500641997,0.41917935109291776,0.054652572557834775,0.9807849140716076,-0.1950568600205733,0.0015686547741219708,-0.003363481925529586
1782547810.9998152,0.05195977692794801,0.41592224324088845,0.054777628428374685,0.985399744441084,-0.17021113451052794,0.0018849874575392978,-0.003458347346678885
1782547811.9998178,0.06029273598790316,0.41301595254545587,0.054914217429358154,0.9893689889910168,-0.1453718553275662,0.0020240497752120018,-0.0034540590646403874
1782547812.9998403,0.06875344354878615,0.41070406880187993,0.05501420612915975,0.9927155436992672,-0.1204101394930794,0.0023014579621378583,-0.003457006851893629
1782547813.9998004,0.07737603496164963,0.40853358652727595,0.0551469733991443,0.9954341935763574,-0.09537144080239827,0.0025328685568765477,-0.00293923716894245
1782547815.0001347,0.08610735236321604,0.4069823359107472,0.0552342020497185,0.9975202548962547,-0.07022473667548967,0.0027966950299691106,-0.00374244939558134
1782547815.9998696,0.09486180068827743,0.4057598465024255,0.05534173726487602,0.9989726641820003,-0.0450943061208368,0.002936878951279192,-0.0033903561202894427
1782547816.9998293,0.10317606269262328,0.4052025781889982,0.055521781657805816,0.9997592909495792,-0.021365039811586717,0.003268429702171923,-0.0037699603613295094
1782547817.9998987,0.11196995880274122,0.40479647391919527,0.05557642662169067,0.9999808091323921,0.0038645202170197717,0.0035027267293667227,-0.0033433151030192658
1782547818.9999382,0.12082377349433526,0.4050907514386074,0.05568293462041951,0.9995648532397093,0.029033693017728898,0.0037569446707491952,-0.0036102914524520427
1782547819.9998593,0.12953159628831826,0.40553768895492126,0.05575271522850744,0.9985135759014093,0.0542574825483922,0.0037670735640549986,-0.0035459110048799416
1782547820.9998124,0.13827347858660455,0.40645479564003917,0.055805268711201395,0.9968376441627266,0.0792877218100084,0.003912597566541419,-0.0035860745344155195
1782547821.999866,0.14692566319302566,0.4079162502792333,0.05600228161742957,0.9945154150658662,0.10443899179324972,0.004125801043545737,-0.003816275059097113
1782547822.999818,0.1555473226529046,0.409751416310579,0.056043347346047025,0.9915785155433469,0.12939123220065915,0.0041900547439397435,-0.003521361056533067
1782547824.0022814,0.16358207274160247,0.4119881742776651,0.056189568935815545,0.9882149847173886,0.15297575030661187,0.004183097726419316,-0.0034735416438826158
1782547824.999872,0.17189530864755032,0.41473116484315886,0.05625822513860024,0.9840498796021819,0.17781602283307235,0.004099404450039032,-0.003239037189450622
1782547825.999869,0.18009846570591748,0.41795785125004115,0.05634057969776196,0.9792503249500208,0.20258958187143894,0.00411740508462109,-0.0030511273003871703
1782547826.9998112,0.18819585877605127,0.4214995774420345,0.05631778889750634,0.9738400303945705,0.22718081345056468,0.0040364380511184435,-0.0028601344201549276
1782547827.9998546,0.19605953690424413,0.4254721636616072,0.056561403110538006,0.9678025256624866,0.25166846485677086,0.0037593079817735704,-0.0026688427167040675
1782547828.9998515,0.20380251311819697,0.42991812432714094,0.05662871781675118,0.9611384077144165,0.2760357531246966,0.003989275709163579,-0.001144505305338449
1782547829.999813,0.21120307477389094,0.4350552132406597,0.05682274877386857,0.9538349410146582,0.300293896574095,0.0032523920190111245,-0.0034500617480204858
1782547830.9998138,0.21842920366161053,0.4401656852919664,0.05677569137897126,0.9463973374019814,0.322981636552154,0.0035970961802902087,-0.0014153118392152917
1782547831.9998055,0.22535266700562262,0.44614890837917154,0.05694449503699933,0.9379544129817262,0.3467397884991789,0.0030530034072661885,-0.0019280585689671608
1782547832.9998581,0.2320242443528087,0.4521410787857516,0.05704933611945902,0.9289092238801265,0.37029438145890164,0.002903903241222683,-0.0011367481498423151
1782547833.999841,0.23856648978811854,0.4584453682261676,0.057128351185699575,0.9192952159629811,0.39355421802439605,0.003215308892563803,-0.0010223362986575494
1782547834.9998176,0.24452713584368965,0.4649479411206876,0.057086454506658516,0.9090623957671446,0.4166510128441938,0.002636392457380471,0.0007372467820121574
1782547835.9998126,0.2502143056048626,0.47175268665879394,0.0573661272545756,0.8982903737667864,0.4393861238747819,0.0036585125111432905,0.0009240294518919176
1782547836.9998214,0.2554555278474583,0.4789883225243736,0.057480072210393224,0.8869055026041698,0.461931755098922,0.004198883344533774,-0.00022904220956214853
1782547837.9998145,0.2601512866144531,0.4858287289294717,0.05740838051048866,0.8756580971765672,0.4829157379756219,0.0038978035667728847,0.0003065810319218281
1782547838.9999442,0.2647001086304891,0.4934188801232632,0.057609080496604334,0.8632418400245279,0.5047776047417778,0.0035774132272871602,-0.0005454326927773521
1782547839.9998176,0.2689938325057909,0.5012522632877623,0.05752933928284916,0.8502521293314972,0.5263628272228291,0.0034209971669945088,0.0013369605934953907
1782547840.999873,0.27282369849741017,0.5093332625278167,0.05754219309877201,0.8366817588959728,0.5476763924646697,0.003403858982220825,0.0016177798538548939
1782547841.99986,0.27630932709111505,0.5175252663761368,0.05752470671200875,0.8226495411648149,0.5685359706507092,0.0034665645334149555,0.0016016953240838717
1782547842.9999485,0.2792270414337884,0.5258088990172948,0.05758917773013743,0.8080043376300095,0.5891629339979039,0.003726675276134971,0.0014626911696040638
1782547843.999824,0.2818021207130813,0.534268882267711,0.05766943549576167,0.7929383121622491,0.6092888771845939,0.003783459212239065,0.00125804642596731
1782547844.9998107,0.2838009752762437,0.5423442832717608,0.057590424693327896,0.7781939730015863,0.628007661978715,0.004470483084233844,0.0007291508953071748
1782547845.9998646,0.28552922673181313,0.5509345102478138,0.05790475993564975,0.7620978507146765,0.6474486553805432,0.00404451490823753,0.0008639914088013126
1782547846.9998376,0.2868287303986137,0.5597041459102016,0.057576406376027706,0.7455350603032955,0.6664549626379803,0.0038030459330172426,0.0008907723622543389
1782547847.9999073,0.2877179400301698,0.5683889066136748,0.05766865057265093,0.7285140097948941,0.6850200625438573,0.003730418708522769,0.0009671717706809136
1782547848.9998453,0.2881073136728859,0.5773143670652512,0.057722722888568376,0.7110119638404584,0.7031687098591305,0.0038765853715740516,0.0008513733832413041
1782547849.9999168,0.2811358063838288,0.5795896348892852,0.05765637644206377,0.7064614953624865,0.7077375692893243,0.004431211983373505,0.00023010214449367228
1782547850.999861,0.27163908946693527,0.5799073425502912,0.05763034358742787,0.7064218540959769,0.7077735846215927,0.004192999568208483,-0.0026712772459530003
1782547851.9998121,0.2693679115428802,0.5747570508975995,0.057818822070545464,0.7190261411909666,0.6949624043530482,0.0037871813699230134,-0.003784452025044036
1782547852.999827,0.2686270461464819,0.5678495864920219,0.05766543405263904,0.7362337106285325,0.6767075430532032,0.004118124432003687,-0.0031409489333847546
1782547853.9998827,0.26767551899550523,0.5610044617438823,0.05795120901162176,0.7530755878048057,0.6579104164693681,0.004414413489422209,-0.0033993980487232096
1782547854.999974,0.2660665424705071,0.5528835037071882,0.05791252082027479,0.7694511535552335,0.6386867241308214,0.003896957172072443,-0.0030007393021773063
1782547855.999883,0.2646935294749646,0.546674645752423,0.05786311276662377,0.7852816304302901,0.6191097691035768,0.004724509155862785,-0.003678820802527847
1782547856.9998689,0.2629365419769435,0.5404856885155808,0.05801875791710645,0.800615810710021,0.599134015251552,0.005583106863541522,-0.00464589361042368
1782547857.9998107,0.2599179474103105,0.5305130018699369,0.057715890941324066,0.8154726733775427,0.5787845052332006,0.002891084839897469,-0.0021111856601208935
1782547858.9998534,0.2572962258751249,0.5236954873487984,0.05784245807591534,0.8290446320035894,0.5591650344136577,0.0028113969700922425,-0.0033997767989744176
1782547859.9998522,0.25424350162784604,0.5164691705539065,0.057544577819630405,0.8428668753281974,0.5381033897948206,0.003195716375872939,-0.0031559091636631526
1782547860.999825,0.25082683521443483,0.509640029767962,0.057732628369786085,0.8561908960450431,0.5166415314662998,0.003014285050196027,-0.003097027506976216
1782547861.9998605,0.2469842767955859,0.5026208340884517,0.05749757246819176,0.8689272908879492,0.49492073507052725,0.002875513564716451,-0.003249702927600265
1782547862.999809,0.24278702202183053,0.49576124268161026,0.05739348073708107,0.8811461610457776,0.47282405063103966,0.003041502351495903,-0.0030998842866518024
1782547863.999835,0.2381693699038787,0.4892983832137,0.057365655513729345,0.8927924555271934,0.45044693414681103,0.003177962986491731,-0.0030151986202291534
1782547864.9999125,0.23353099255542228,0.48375727224451603,0.05757631685901964,0.9038577473974437,0.4278035145241836,0.003511646817609583,-0.0036046868107893104
1782547865.9999008,0.2287613478215328,0.4775771775813885,0.057290733193775006,0.9137849740321452,0.40617801070099147,0.0024264630463694346,-0.003249174224585345
1782547866.9998212,0.22356698463893926,0.47204281145239096,0.057165037573786916,0.9236970585831707,0.38309977017664365,0.0020959085034126528,-0.0037305794384698207
1782547867.9998586,0.2182587205931548,0.46700733720956655,0.05740234793589778,0.9330836355855938,0.3596328323541982,0.002285144901981136,-0.0037326944751524074
1782547869.0000768,0.21226575614175833,0.4611824092680434,0.05705362107653256,0.9418753599036496,0.33594301308635505,0.0016889361289654733,-0.003200915429082796
1782547869.9998362,0.2062531301861052,0.45651332961149504,0.05704432169789539,0.9500198761476375,0.31216454539430666,0.0020169478761158256,-0.0033857708809644283
1782547870.9998176,0.19986666292541846,0.4521958618993923,0.057041014026391765,0.9575916831116853,0.2880976668301744,0.001994023969459194,-0.0037318454883276567
1782547871.9998345,0.1931801843176244,0.4476302434547719,0.05692349103975855,0.9645538779685721,0.26385568992094066,0.0013992440767265273,-0.003746132425215508
1782547872.9998527,0.18685274059780327,0.44399319793099723,0.05690207134780681,0.9705637901674254,0.24081818228107962,0.0013717079805614105,-0.0032635434568306807
1782547873.999845,0.17989158597216326,0.4405746206212584,0.05676869751631136,0.9763356220735554,0.21622598383712552,0.001028972630870532,-0.0037440885720970304
1782547875.0035598,0.17277669079122573,0.4374013149545525,0.056536910942314736,0.9814729849381136,0.19156754780603158,0.0012843486316939333,-0.003317365346987702
1782547875.9998522,0.1653809260588342,0.4345708232205622,0.05638334837987129,0.9859835280884771,0.16680854407947476,0.0009100981093865337,-0.0032501817974587665
1782547876.9998567,0.15807118705004913,0.432106995343259,0.05641386730701349,0.989878386619644,0.14188293599389082,0.0007700076723176866,-0.003069082147599276
1782547877.999816,0.1505686339816851,0.4299956681555307,0.0564244986195234,0.9931433157798354,0.11686423593219088,0.00026609778021738546,-0.0030056403295782843
1782547878.9998605,0.14295467108648602,0.42829222308218573,0.056312890789665934,0.995773520673449,0.09179107782932838,0.00016107330884684317,-0.0030769484759508216
1782547879.999897,0.13563407230151242,0.427159688345778,0.05618684878917787,0.9976763872984004,0.06805550638768577,3.968510690546823e-05,-0.0032051057112474535
1782547880.9999416,0.12798855484222812,0.4262106571016141,0.05593460066982277,0.9990758221320412,0.04286548577173204,-4.206496914006688e-05,-0.0031701721211982834
1782547881.9998903,0.12008699176138199,0.4256743709784325,0.05598423884405915,0.9998359627395433,0.01770922640246575,-0.0003036199781596652,-0.0037866512680145817
1782547882.9998581,0.112312070530803,0.42561063446832426,0.055929752450831344,0.9999662436111917,-0.007529023557409479,-0.0007253918748928676,-0.003209244307099753
1782547884.0000148,0.10458991891202177,0.4257827018866795,0.055728739664122534,0.9994565185144179,-0.032813441115085544,-0.0009275100364842773,-0.0030142007826569335
1782547884.9998212,0.09673054444665527,0.4264810237030473,0.0556044458009564,0.9983171832936555,-0.05790182084390845,-0.000990189971447476,-0.0030331843667000835
1782547885.9999266,0.08898806661463923,0.4274477126643798,0.05563934318998984,0.9965349859171978,-0.08309038966659023,-0.001114307130218118,-0.003573136952920825
1782547886.9998288,0.08173659654095716,0.42882789740253346,0.05556317087888131,0.9942864747222407,-0.10669247714023164,-0.0014349631221337428,-0.003010379866089472
1782547887.9998174,0.0741977789487073,0.4306647109666274,0.05537702068153873,0.9912766329766552,-0.1317528038043808,-0.0015537799329783436,-0.0030694253647583648
1782547888.9998174,0.06659617804821091,0.43292862440048746,0.05519330088518762,0.9876492576466268,-0.15663986459178114,-0.0017992338878815091,-0.003107965275246041
1782547889.999884,0.05925660195386062,0.4354057274048525,0.05508430862502549,0.9833725720811852,-0.18156635866807058,-0.001880940965025467,-0.0029161514943178276
1782547890.999919,0.051941956560806496,0.43828167557247955,0.055082590155261624,0.9785020089230002,-0.20620813217718367,-0.0021703237618739784,-0.0027045244348373704
1782547891.9998775,0.044827715999264356,0.4416029153505957,0.05504537831846092,0.9730054497945712,-0.23075205072401495,-0.0025529805092669505,-0.0027144147150280603
1782547892.9998252,0.037909615901593946,0.4452550957245733,0.05476219475658402,0.9668638948910557,-0.25526622776034935,-0.002605789412784414,-0.0025635098274039863
1782547893.999861,0.03151194317503184,0.44897624128520514,0.054770362902843414,0.9605257012545511,-0.27816690464772253,-0.0028084525797854587,-0.00237970213786988
1782547894.9998589,0.024983526553419344,0.4533350864710616,0.054755630429191016,0.9532196046326171,-0.3022541884141068,-0.0029306563090076296,-0.0024904183915989016
1782547895.9998572,0.018661642947535334,0.4579718106750702,0.05453973103593896,0.9452959597209595,-0.326191985364559,-0.003053328815425427,-0.0022392861145015515
1782547896.9998207,0.012507742181794512,0.4628573323882795,0.05446294812572254,0.9367962036902472,-0.349853079132706,-0.003425618598068508,-0.0019902035388786286
1782547897.999822,0.006660706979573466,0.46813092416658786,0.054508829456891186,0.9276910659643807,-0.3733279676050441,-0.0034012015671576828,-0.0019865954942570666
1782547898.9998107,0.0010997250017170945,0.4736851355929719,0.05432946531859199,0.9179793394635238,-0.39660687686563156,-0.0037850851160009706,-0.001609556357211775
1782547899.9999514,-0.004197185765634853,0.4793951267619266,0.054193899219159763,0.9077460193135706,-0.41949708268105623,-0.004177772426663802,-0.0013813978431295297
1782547900.9998467,-0.0087730247931814,0.4851423813293432,0.054072548247511454,0.8974799418310571,-0.44102979634267453,-0.004530383612309572,-0.0013958413903111264
1782547901.9998653,-0.0134979152072085,0.49141456562959734,0.05404210004476838,0.8860969240037072,-0.4634755893972896,-0.004593307765557461,-0.0012332184617055335
1782547902.999822,-0.01786288546794282,0.49785450019570704,0.054101024151189774,0.8741812316102274,-0.48557439304079625,-0.004815366834836518,-0.001222851476748701
1782547903.9998846,-0.02185846399247171,0.5046288322236657,0.05399542156193329,0.861661148742505,-0.5074600141917398,-0.004786637915605457,-0.001219361197912742
1782547904.9998133,-0.025551564274553712,0.5114613418973896,0.05380877704002522,0.8485753058348146,-0.5290478463633927,-0.005240822118167546,-0.0009275608512654358
1782547905.9998171,-0.02885913832608486,0.5186168035911647,0.053801409583702685,0.8350095676094406,-0.5502073313312096,-0.005525889921111524,-0.000615703389175843
1782547906.9998705,-0.0318281775266612,0.525802718996843,0.05363534897021059,0.8209025939025207,-0.5710379666042412,-0.005865262724580638,-0.0004131752393742406
1782547907.9998734,-0.034324888547959564,0.5327539258395808,0.05360365338254653,0.8071087231514734,-0.5903750823655219,-0.005709348072587016,-0.0004177071792998536
1782547908.9998574,-0.03654979195007538,0.5403409663242937,0.05396106967509409,0.7919926728596013,-0.6104997113700135,-0.006085296502422396,-0.0008232377010137515
1782547909.9998662,-0.03844673043285568,0.547859085143959,0.0535843904547285,0.776377142305729,-0.6302418742435691,-0.005796329111627053,-0.0003397410379789941
1782547910.99982,-0.03997830743358738,0.5556274731963947,0.05346878267566883,0.7602736877038407,-0.6495743033134419,-0.006093785936357346,-0.00010016497150028714
1782547911.999813,-0.041174103968543485,0.5634066367146352,0.05348675251603124,0.7437248714748945,-0.6684570822117133,-0.0061981314224423545,-0.00016720503690026032
1782547912.9998631,-0.041871768075508076,0.5711589616060198,0.05361415165583294,0.7266107520563212,-0.6870189193367144,-0.006462444840560166,-0.00023722614379385884
1782547913.999859,-0.04223431266560668,0.5791457199955385,0.053848085136494625,0.7090743753004263,-0.7050946649279652,-0.007381070931743094,-0.0007507158791870966
1782547914.9999304,-0.04217664554798156,0.5863526356717844,0.05347836842493688,-0.6920751074759499,0.7217991315890205,0.006167529693690134,-0.00014431550794908373
1782547915.9998288,-0.0418089131719202,0.5942044908293281,0.053545769387808834,-0.673718327634596,0.7389619448551245,0.006233379649475466,6.358711224150769e-05
1782547916.9998527,-0.041008147032063125,0.6021352788791501,0.05334798714050902,-0.6549316686966542,0.7556635893673002,0.006086475856896392,6.208371564817227e-05
1782547917.9998362,-0.0398698513550676,0.6098115208154631,0.053229050917144693,-0.6357570397281435,0.7718693050695935,0.005546096060088394,5.608906295659793e-05
1782547918.9998617,-0.03842094915603528,0.617679087447471,0.05336642910810923,-0.6160963269803952,0.7876583876559753,0.004309462831313633,0.001004373715809517
1782547919.9998622,-0.036487285092421995,0.6252614253499913,0.053695151642574455,-0.5960494201479501,0.8029352617046969,0.004399244577917545,0.0008371974953542253
1782547920.9998507,-0.03426895039243433,0.6328207200344687,0.05344060369600419,-0.5756580389171447,0.8176794431475296,0.004189790629825443,0.0007721000527614052
1782547921.9998252,-0.03172924480761802,0.6397281105155044,0.053374023303662456,-0.5560452663688383,0.8311414999397365,0.004073867712421686,0.0009340388612317342
1782547922.999821,-0.028621212157821985,0.6469029103842685,0.05348030597082018,-0.5348893778990049,0.8449113608336647,0.004011601828223353,0.0014327581067043885
1782547923.9998167,-0.025225702129158478,0.6539634916138178,0.05368165806047899,-0.5134526546799836,0.8581063254643607,0.004188091789585784,0.0015380140741379296
1782547924.9999208,-0.021475351894592154,0.6608721717151043,0.05367286375526513,-0.491691349708873,0.87075955175723,0.00381047859295941,0.0017029086608552637
1782547925.999854,-0.017354729444209627,0.6674988272405276,0.05375312223905197,-0.46958696584463067,0.8828776822857555,0.003619844171101894,0.0014058302683377254
1782547926.9998255,-0.012808322027671237,0.6739390760554411,0.05383940577203115,-0.4471729402145148,0.8944389361059772,0.0035499784712434757,0.00165794160553648
1782547927.9998085,-0.008072735878022985,0.680187753177914,0.05397451091510651,-0.4245351757929617,0.9054026709464876,0.003691077132030232,0.0015046285291541368
1782547928.9998968,-0.0032597138048112706,0.685762200217379,0.054044873909124394,-0.4028974924893195,0.9152364490369408,0.003702679655217118,0.0014639205719067527
1782547929.9998078,0.0021256260059663856,0.6914709479105563,0.05395714540063497,-0.3795181036064968,0.9251761164214286,0.0036597320505362494,0.0013300374468048588
1782547930.9998522,0.007823664240547146,0.6969458777144124,0.053924957523185366,-0.35608231937880486,0.9344458048010189,0.0037836294485657034,0.0014504701937852738
1782547931.9998562,0.013650989681074754,0.7021485295947199,0.05390589659439406,-0.33243766981394757,0.9431162192915764,0.003932055792581337,0.0012375520514756593
1782547932.999819,0.01983043214936092,0.7068646629692041,0.053998378821438694,-0.30857658206793176,0.9511914362906976,0.003815441412835901,0.0008870926321499487
1782547933.999865,0.026339347127670276,0.7114167607549575,0.054096671517811876,-0.28451918752577565,0.9586618976539623,0.003953048393168644,0.0007558601575706546
1782547934.9998705,0.03297699728069137,0.7155386637953172,0.05421833144754111,-0.26027803452121473,0.9655255232983934,0.00390674257707668,0.0007388961859266517
1782547935.999813,0.03944025555287739,0.7192160606150166,0.05440579336407035,-0.23721645769778718,0.9714482905671851,0.0040158402504882566,0.0006663171096827386
1782547936.9998903,0.046466474789476686,0.722690153468333,0.054440374442043624,-0.21270882535450936,0.9771070422538475,0.004018510541597253,0.0007969738200659353
1782547937.999817,0.05365512476533202,0.7258332312975302,0.054559469600721874,-0.187982595093525,0.9821641186937443,0.003927180679113599,0.0008747253043166049
1782547938.9998038,0.06101192033554914,0.7285986171152937,0.0546739262286854,-0.1631699073775883,0.9865895832796577,0.004030961796633929,0.0005716969955137976
1782547939.9998503,0.06855270876846609,0.7309883406129039,0.0547525174441434,-0.13828461832811498,0.9903837638895086,0.00414425913994139,0.00043551587650139683
1782547940.9998603,0.07619224737451719,0.7329895580414518,0.054847288999326324,-0.11330224430274155,0.9935520266447788,0.004101152486042178,0.00039030027024617255
1782547941.999847,0.08381981190152982,0.7347008896281608,0.0550636298467987,-0.08827128900000113,0.9960876774945275,0.004183734844646292,0.00012101481819358674
1782547942.9998183,0.0912465237649634,0.735884094668819,0.055318473570716634,-0.06449629023169134,0.997906580469381,0.004762713324130498,-4.200057723026264e-05
1782547943.9998581,0.09908672749927827,0.736713900616059,0.0553520737802478,-0.039332275594997565,0.9992176240567995,0.00413533983406136,-0.00010409255729552401
1782547944.9998984,0.10693758105883977,0.7371020766644684,0.05542801434243309,-0.014153905214950909,0.9998889908251594,0.004655351365850702,-2.640968108238474e-05
1782547945.9998367,0.11470882229498358,0.7370272927884609,0.05562540832456904,0.011187353406518939,0.999923819273768,0.005178752192703375,0.0006158721012348185
1782547946.99982,0.12238389404361233,0.7365810835806778,0.05569436686063041,0.03642728625241831,0.999321525253392,0.005294445177861565,0.001229158971566494
1782547947.9998827,0.1301035442927146,0.7358107764898348,0.0557753769803561,0.061534500136372135,0.9980906412154731,0.005191522973149567,0.001274872649283958
1782547948.9998431,0.1379052279190907,0.7346898059724706,0.05587976977593552,0.08672746826552385,0.9962172763490733,0.005299815867952026,0.0011817375565924418
1782547949.9999163,0.14515949864327304,0.7332139450331608,0.055923675381290686,0.1104127678831465,0.9938709355475163,0.005325778456973956,0.0011046475068359123
1782547950.9997845,0.15278098182888394,0.7313855503078655,0.05606833953967806,0.1354301094983997,0.990771865482514,0.005376101579156446,0.000945273167651039
1782547951.999856,0.16036823752787022,0.7290721087421004,0.0561107585468799,0.16032099609976985,0.9870505988255476,0.005250801170204957,0.0008500910401489676
1782547952.999822,0.16768423163520102,0.726435070708557,0.056099033818024675,0.18511765785565543,0.982701068965907,0.0054509798983234745,0.0005904417398633932
1782547953.9998183,0.1749332747945016,0.723537575685893,0.056285246397530755,0.20978302513040423,0.977731592856888,0.005644536442850728,0.00039230729560756853
1782547954.9998174,0.18207335329174434,0.7201796341795306,0.0564604079569714,0.23438665869750414,0.9721263454142314,0.005765866242828514,0.0001325241869355353
1782547955.9998102,0.18906625697165685,0.7163875606853527,0.056635293462544666,0.2587661526371457,0.9659229183966407,0.005743993907615897,2.234894846585689e-05
1782547956.9998302,0.19549587799332135,0.7126507048693701,0.056720700200565785,0.2816729221346928,0.9594918034711176,0.005985603983583235,-0.00012865767460068124
1782547957.999891,0.20206405637149988,0.7081915761756878,0.05682266075318461,0.30578444328099763,0.9520822042411863,0.005938508325816953,-0.0002910900870075228
1782547958.999855,0.20834678760512632,0.7035056988611081,0.05679917615348744,0.32966236187917997,0.9440796566088154,0.0060031398910174545,-0.000539860232556652
1782547960.000272,0.2143426348479628,0.6985491245353774,0.05686876221392555,0.3533074393393527,0.9354872886329961,0.006073164037254211,-0.0007090783677240674
1782547960.9998672,0.22019990739626122,0.6932496495092879,0.05699387795341381,0.37674923166625873,0.9262952126480613,0.00603774464939422,-0.0008608738093404757
1782547961.9998124,0.22573152934196983,0.6876569812395081,0.05707603446795857,0.39996805729580515,0.9165088526589414,0.006021356769995103,-0.0009052090691043858
1782547962.9998517,0.23107977943143096,0.6818828701549623,0.057083608949804805,0.4229346178401459,0.9061348869910303,0.006726547457903021,-0.000793202029104328
1782547963.9999728,0.23580395137911742,0.6761137568171908,0.05717459783712488,0.44437102974050735,0.8958205367443298,0.006203756446100427,-0.0012113135099754053
1782547965.0020754,0.2403863850473457,0.6697985396514474,0.05730386603724928,0.4668331409442351,0.884324232737641,0.005957159609759587,-0.0014078915108692613
1782547965.9998205,0.24479800458595524,0.6631857061477875,0.05751717276325986,0.48898396183919446,0.8722710488148488,0.005975313095619817,-0.001482598023145971
1782547966.9998136,0.24879720474366918,0.6564169213451146,0.057469122452963026,0.5108128992951938,0.8596699037940065,0.005960258578753485,-0.0015210989830175678
1782547967.999854,0.2524762736025139,0.6494505587010644,0.057570038438385415,0.5323119607044117,0.8465278811694192,0.005663297990957298,-0.0015652315177815455
1782547968.9998488,0.2557240348423053,0.642278667803778,0.057562807424706444,0.5534578185856728,0.832858736230129,0.005272802165249374,-0.001722233685420701
1782547969.9998584,0.2586517839298976,0.6349156127153143,0.057618412654857495,0.5742522800520529,0.818660858521121,0.0050497101433652535,-0.0017938806950395546
1782547970.9998496,0.2611076039111546,0.6279045620015902,0.0575817946159488,0.5935855561424498,0.8047531836110108,0.004941882622008609,-0.0020196047018231707
1782547971.9998703,0.263408854848985,0.620409816356021,0.0575939594493711,0.6136809977413744,0.7895366956243673,0.0048030570797408,-0.0020904344991656528
1782547972.9998112,0.2650787806442282,0.6127310890297313,0.05756795375234193,0.6333758750857035,0.7738267057328173,0.004669049481110055,-0.0023303070737669095
1782547973.9998875,0.26659245559909206,0.6049802399509578,0.0576176938554195,0.6526789833776133,0.7576173783966345,0.004464376003961455,-0.0024742585699935866
1782547974.9998515,0.26767970101949556,0.597253253062816,0.05780325004731919,0.6715204366851621,0.740966720350872,0.004630033639490812,-0.0026805288916972605
1782547975.9998307,0.2684152839166296,0.5892951945387676,0.057821070954039364,0.6900103338217154,0.7237809450492753,0.004421122709438953,-0.002708593142390394
1782547976.9998174,0.2675981510391366,0.5822241058907358,0.05780812278295665,0.706006977216568,0.7081867859754397,0.0042539061641274556,-0.00274382463874799
1782547977.999892,0.25866941235152874,0.5818222958819816,0.057696842579341295,0.7062133775443783,0.70796655672574,0.005602656089131635,-0.0038249418306711717
1782547978.9998155,0.24983367704642467,0.5817696012993201,0.057714649442005814,0.7047452685622027,0.7094200928561899,0.005841814728371221,-0.004807441292750322
1782547979.9998264,0.24901919071059606,0.5879115978768459,0.05770987264180308,0.6870777224958462,0.7265576043490752,0.0058063127482160465,-0.0021301513381923993
1782547980.9998152,0.24785914273867748,0.5940609329818549,0.057690657778117486,0.668552907803596,0.7436275674632028,0.007417802258384552,0.00016305143875901336
1782547981.9998522,0.24664520334360365,0.6005201750900451,0.05775609398457254,0.6496434009943655,0.7602045995056248,0.007222487222495206,0.0005040965062624288
1782547982.9999387,0.24540685882601032,0.6070823694682547,0.05772434466016389,0.6302548769102104,0.7763502887848933,0.007614058118630679,0.0010224252904340889
1782547983.9999924,0.24377120905617247,0.6136216784451718,0.05765019588295408,0.6104239359321586,0.7920455361992655,0.006802465369276966,0.00046205282142848953
1782547984.9998047,0.24207704399418004,0.6197778618399257,0.05757255748397376,0.5913665882494894,0.8063744059636448,0.006772169879721757,0.0001158622378815976
1782547985.9998665,0.23999900944532504,0.6261812300116714,0.057484031972781305,0.570903763149573,0.8209821491611082,0.0075498822787778246,0.00045084148062275964
1782547986.999827,0.23752970007647398,0.6325041048631999,0.05752000313193752,0.550021937201508,0.8351224457196342,0.006809313603697217,5.00060339803987e-05
1782547987.9998121,0.23482296029370625,0.6386996875816158,0.05742788096752073,0.5288006421761359,0.8487147728411504,0.007287959037469586,2.9126771974821343e-05
1782547988.999979,0.2316759974236815,0.6448464252379813,0.057396167141574514,0.5071774089792176,0.8618089694293672,0.007508232782754369,4.972624621426432e-05
1782547989.999863,0.22836312074795054,0.6507130936038843,0.057315959506954936,0.48530603833138286,0.8743096561935615,0.007777238367938104,0.00043452176356404917
1782547990.9998636,0.22463798132739785,0.6565568825907295,0.05726017114408956,0.46309394129894854,0.8862746980316104,0.007792354913217466,0.0006636008516030583
1782547991.999826,0.22090921566260446,0.6619297506714606,0.05726592469685603,0.4419175648874824,0.8970240436284468,0.007489441522258651,0.0007995386625598529
1782547992.9997926,0.21669404153975455,0.6673685557963929,0.057267277884549064,0.4191905038160149,0.9078682315674277,0.007373947095329238,0.00046960125893217306
1782547993.9998446,0.21210503693779947,0.6725700866160402,0.057131459997831355,0.39616734482992255,0.9181488897297181,0.0073335577021457635,0.0005197210064114723
1782547994.999815,0.20739427564707447,0.6774526989719605,0.0570811232451829,0.3728990889911962,0.9278411090376236,0.007539496338387321,0.0005493672104942111
1782547995.999839,0.20234251667816983,0.6820666336665474,0.05697226086373634,0.3494171454884264,0.9369359803677524,0.007628478252176062,0.0006583696490413737
1782547996.999817,0.19700259435326845,0.6865282150095778,0.056937822125364176,0.3256713279190131,0.9454497372563523,0.007906728908943412,0.0006812718412028786
1782547997.9998653,0.19158943119887184,0.6905745224503991,0.056802571172099234,0.3017525676212207,0.9533522776408191,0.007993397461393239,0.0009634563236070314
1782547998.9998193,0.18633073171789805,0.6942366245641904,0.05677085338234002,0.27903995543579146,0.9602425362330334,0.008356699355528957,0.0010679208887442637
1782547999.999879,0.18038883426393493,0.6976467630051859,0.05665832607895015,0.2547192879269072,0.9669812944060225,0.008024978456223346,0.0009275492653954663
1782548000.9998145,0.1743603844468447,0.7008946616347429,0.056616865598449376,0.23026428986815203,0.9730872355576717,0.00883889051098037,0.001209471280704279
1782548001.9998207,0.1682116055494816,0.7037933364678106,0.05655713935263208,0.20566218166534653,0.9785796124080562,0.009131189213244777,0.001276947728128889
1782548002.9998572,0.1619827248306962,0.7064144251557545,0.05642974562793569,0.18097955715670183,0.983440521860645,0.009446200326044004,0.0013817211102824245
1782548003.9998462,0.15555830875873555,0.7086968591670084,0.05630672498220969,0.15620023582729778,0.9876787900233187,0.009439684587656401,0.0017281262845588485
1782548004.999891,0.14904624553362017,0.7107580781651225,0.05626264351600675,0.1312218276154103,0.9913061442409609,0.009489561035942631,0.001705455580211881
1782548005.999854,0.14284313508306973,0.7122581223556694,0.056129191795544084,0.10758608496646892,0.9941477331757697,0.009621863017671546,0.001714262271567663
1782548006.9999049,0.13617834700507947,0.7136125150818169,0.05602224999498402,0.08251166957092246,0.9965409396786975,0.009774263799567416,0.0015632325783500015
1782548007.999826,0.12947849236176756,0.7145840326079262,0.055947936739828494,0.05739982121869801,0.998304120406014,0.009576898639662861,0.0015577923102446016
1782548008.999843,0.12268507199952078,0.7153440271505107,0.055914359800402644,0.032257993003513126,0.9994320394882756,0.009637372961860525,0.00146334346110437
1782548009.9998767,0.11591413070161988,0.7156469635308014,0.055814985736005615,0.00710592455702241,0.9999269576787959,0.009632776492622218,0.0016717537081354875
1782548010.999864,0.10914123718332408,0.7156525448822064,0.055660158117749284,-0.018124391802317015,0.9997865231414897,0.009803667030298202,0.0015174581399809762
1782548011.9998374,0.1023137537029567,0.71534324219097,0.05559544799890148,-0.04329229069302309,0.9990156653864907,0.009532212853970039,0.0016170334086351478
1782548012.999811,0.095838907410702,0.7148692251645673,0.05552555811452882,-0.06714743316052325,0.9977041444077409,0.008672927951682037,0.0015629370798610214
1782548013.9998133,0.08916201510980754,0.7138581843727333,0.05542294873789917,-0.09223962343235713,0.9956986162902509,0.008622307536627731,0.0013316153650504963
1782548014.999809,0.08254141252147151,0.7125286530902428,0.05525549434772194,-0.11724368654907184,0.9930626090167174,0.00889377854710568,0.0012137711680425868
1782548015.9998639,0.07590101434476615,0.710818670369421,0.055167172054903776,-0.14231775703935096,0.9897818751187978,0.008704523532143073,0.0013141490338821277
1782548016.9998853,0.06941260564246121,0.7088777436819106,0.054977910652464726,-0.16719087674948555,0.9858840335016343,0.008856207126619652,0.001204497246668638
1782548017.9998155,0.0630822731701911,0.7065796588574444,0.054944448874859816,-0.19194782326558135,0.9813645787949229,0.008827306648450708,0.001294329016483133
1782548018.9998116,0.056822342338795406,0.7040195318170278,0.05496022196783224,-0.21660482089198385,0.9762170758157362,0.009010043314005466,0.0011796489327169479
1782548019.999805,0.051012664988286216,0.70121269969238,0.05486764972992701,-0.23980578321612472,0.97077945221751,0.008887678987211468,0.0012044295714034182
1782548020.9998486,0.04510648386144378,0.6978659369692295,0.05471558502248473,-0.2641545070841855,0.9644451139619585,0.008141007514526594,0.0013200525232920641
1782548021.9998176,0.039260093735337676,0.6943645020732814,0.05459722680752744,-0.28831493712425216,0.9574958861182646,0.008619999080486792,0.001349338167495795
1782548022.999817,0.0335753780945679,0.6906075881878848,0.0546052378326257,-0.31234940345601514,0.9499265906651359,0.008678750999963297,0.0014148459504783994
1782548023.9998634,0.028236064844093856,0.6864349908594438,0.05465546048482206,-0.33614643979064707,0.9417703153710711,0.00850974020024545,0.0013521921722066904
1782548024.999814,0.022958044895940333,0.6820883344870511,0.0545525919929286,-0.35980577571742206,0.9329860642797064,0.008640229976719586,0.0014676669231246011
1782548026.0000129,0.01803546046365112,0.6773910119671548,0.05448380162181733,-0.3831197138509312,0.9236552836575918,0.008863114615085682,0.0012833664769190413
1782548026.9998505,0.013544982679445872,0.6727889180075207,0.054397613587620255,-0.4050235668907134,0.9142632277085188,0.00879822899978628,0.0011188787209611233
1782548027.9998398,0.009020917170816933,0.6677148944412883,0.05434773064843465,-0.4279256986188699,0.9037737236781467,0.008433536664658566,0.0012362482820943513
1782548028.9998147,0.00478194994258091,0.6623708694716224,0.054271399015098316,-0.45053746739295686,0.8927195786828855,0.008127792032895865,0.0012974236246176417
1782548029.9998906,0.000759275870024112,0.6569184823282568,0.054266707191633,-0.4728957070116649,0.8810776480451549,0.008392519121462738,0.0011806896086038916
1782548030.9998503,-0.002849955771467627,0.6511241551922029,0.054234250468689474,-0.49490892946887943,0.8689048228428221,0.008271359478544486,0.0010700396386837054
1782548031.999808,-0.006244733069151076,0.6452709508551684,0.054135488135395454,-0.5166309256984323,0.8561665869792696,0.008363382204214504,0.0011470790539642682
1782548032.9998317,-0.00929215364738245,0.6392808148870149,0.05414581501634223,-0.5380415970532934,0.8428790306456325,0.008059478818721098,0.0011064987081723689
1782548034.0017064,-0.011906776085949866,0.6333624562933984,0.05410111501662412,-0.5579410515740849,0.8298426378880229,0.007858071727708874,0.0011090627458454352
1782548035.0001154,-0.014540839235619996,0.627636387444571,0.05416005349776252,-0.5786573869361917,0.8155270798763119,0.008312986824278615,0.0014507869084150404
1782548035.9998462,-0.016593685825369242,0.6205849698001431,0.05405711314652791,-0.5990571335930026,0.800673025386223,0.007164240389269331,0.001389521447437974
1782548036.9998446,-0.018425576227380114,0.6140912727636243,0.054020045915600334,-0.6190075344029095,0.785353697641987,0.0069124739763984965,0.00120816224697922
1782548037.9998555,-0.01995525232996309,0.607646989992151,0.054054203409789926,-0.6386176499284043,0.7694941563192265,0.006552924526221494,0.0018165270814894832
1782548038.999894,-0.021167049446505937,0.6007635754957803,0.05383395311960218,-0.6577514417632513,0.7532041537481236,0.006681198706027459,0.0013802966304503877
1782548039.9999936,-0.02201103145605371,0.5941459816227125,0.054053742583018274,-0.6764874022104858,0.736425439774985,0.0063395794947170145,0.0014751388269853814
1782548040.999819,-0.022523093852844678,0.5876739498952003,0.053860482053591924,-0.6938599484460568,0.7200823481812031,0.006155168340323136,0.0013775641481948483
1782548041.9998078,-0.022658641544616553,0.5808166674358812,0.054020777977071485,0.7117699344960179,-0.7023885920564612,-0.005664500481347295,-0.0013189127239690093
1782548042.9998238,-0.022495154131429496,0.5740517380014964,0.05407196232533117,0.7292533760038716,-0.6842198989011752,-0.005561539453943462,-0.0013087450186261042
1782548043.9998755,-0.021969550869284038,0.5672374788534317,0.05430261978826209,0.7462345383760451,-0.6656590371437007,-0.005469737157037109,-0.001463550151187735
1782548044.999824,-0.02122111115824854,0.5608654390914957,0.05425966051464769,0.7627846873450149,-0.6466280794716691,-0.005317444712839936,-0.001836402046017811
1782548045.9998465,-0.020064896090007167,0.5542600197159591,0.05421278473180484,0.7788257129296516,-0.6272158779943514,-0.005184508365368362,-0.001967776512786078
1782548046.9998777,-0.018617892120237678,0.5479290626295508,0.054172218825458814,0.7943501272886783,-0.6074355262704421,-0.005024637359841525,-0.0021701890272563303
1782548047.9998443,-0.01675006146012703,0.5410155790335167,0.054204167844213974,0.808594295358916,-0.5883514114043478,-0.003880907805977913,-0.0016795136592427458
1782548048.9998221,-0.014590021026433142,0.534709919530548,0.054218107885299814,0.823131819518933,-0.5678352092419309,-0.0037266273236227533,-0.0018152381149892
1782548049.9998155,-0.012153009498913014,0.5282930561610011,0.05416155143548648,0.8371841274454414,-0.5469077190384957,-0.0034448955691803052,-0.0016781847462203879
1782548050.9998517,-0.009416290778062553,0.5221331007293595,0.05435291995865337,0.8507275121838949,-0.5255956929273453,-0.002899191764590661,-0.0018607194138515666
1782548052.000036,-0.006167590583088994,0.5159909879201315,0.05431189611955241,0.8636885717906847,-0.5040161602790587,-0.0024542067537278614,-0.0019333920790772956
1782548052.999874,-0.002853262912976523,0.5101972704198742,0.05445960597409998,0.8760945817787128,-0.4821307837269753,-0.002075843878508962,-0.001970287539157835
1782548053.9998171,0.0009693365145446997,0.5043984846249681,0.05437731744560242,0.8879548874161615,-0.45992264499246754,-0.002136486442083411,-0.0016474108679127464
1782548054.999819,0.004679978336487728,0.49908898416440417,0.054498492037345046,0.8986395380266582,-0.4386788784099184,-0.0021704244318371804,-0.001763969964618623
1782548055.9998553,0.008955081671629617,0.49377593127177094,0.05463758518562178,0.9093913989417466,-0.4159333322670419,-0.002076935768177649,-0.0015598005714494978
1782548056.9998674,0.013540800918984824,0.4886968286440417,0.05463789533692293,0.9196200536647265,-0.392802540970896,-0.0019440862513630955,-0.0011581162033132944
1782548057.9998105,0.018333487755456346,0.4838454293323765,0.05473817176396438,0.9292051059547443,-0.36955942457695107,-0.0016992593445400073,-0.0009029350283226587
1782548058.9998085,0.023498889195159217,0.479352985972192,0.05474799494552082,0.9382080298658236,-0.3460671936854376,-0.00177501581283136,-0.00019866766209768243
1782548059.999814,0.02871872389887334,0.474971815792283,0.05486198015811056,0.9466508644287556,-0.32225211245134455,-0.002334887512500775,0.0005149730478373929
1782548060.9998114,0.03424166643734325,0.47090194598605817,0.05495423040585247,0.9544664756468899,-0.29830810510372713,-0.002393892161344363,0.000539050970257501
1782548061.9998722,0.039538365905255,0.46724747937370115,0.05504675164559269,0.9612817456876157,-0.2755575677952006,-0.002276757636071046,0.0004986113017260446
1782548062.99985,0.045405526692746,0.46364082967615206,0.05505731786682669,0.9679261585504038,-0.25122678113909436,-0.0019937410452796293,0.0002846559199130208
1782548063.9998956,0.051367669088968726,0.4603703925239412,0.05513335532999977,0.9739382415898304,-0.22680444226209193,-0.0017513938786233292,0.0009895244174070456
1782548064.999832,0.05753426692983821,0.45743284998574074,0.05522124759342871,0.97934493059926,-0.20219195593713674,-0.001366515613262037,0.00022912643783837665
1782548065.9998145,0.06384803546680679,0.4547190540702692,0.05527190418832734,0.9841274620459921,-0.17745856825100523,-0.0011720097502589384,0.0004705256241400041
1782548066.9998443,0.0702052994445948,0.4524372009774253,0.055388472407779075,0.988286561629428,-0.15260539510794774,-0.0010338420209625196,0.0004434606023890221
1782548067.9998548,0.07676253880270573,0.4504876205609031,0.05542525623529296,0.991818723726653,-0.12765173165375238,-0.0007602470698254237,0.0002769393875942376
1782548068.9998722,0.08294707432450582,0.4488670178141739,0.055484321747426055,0.9945783684982497,-0.10398825261442414,-0.00043462228061580307,0.0003511937242746457
1782548069.9999511,0.08969006231432908,0.4475830179860224,0.05562426990959987,0.9968803758044081,-0.07892597657819897,-0.00025373771362856,0.0003770602238480542
1782548070.9998846,0.09644340562796219,0.44658698017873394,0.05572930420282518,0.9985525318970447,-0.05378421368156289,5.677554244389152e-05,0.0003101244833178142
1782548071.9998484,0.10324223047268866,0.4458874094200068,0.05580830096569507,0.9995896286576594,-0.02864203100364483,0.0003205187549852439,0.00032497347058465354
1782548072.9998627,0.1099706314079418,0.44559703026787634,0.05591564668100808,0.9999940344916207,-0.0034021834816840854,0.0004397535975866387,0.0004034172799749006
1782548073.9998415,0.11687269322211127,0.44558580979734147,0.056040992559027974,0.9997627728465891,0.021768164359293914,0.0006526846676754664,0.00034504094083095873
1782548074.9998424,0.12369629693293807,0.4459976940069441,0.05612029731517811,0.9988961065459674,0.04696498563860778,0.0008297392504288214,0.0004122912188432196
1782548075.999888,0.13004437267835545,0.44659571675142024,0.05617263188225681,0.997495437070737,0.07072065753127016,0.0011331955073223111,0.00039684927421618286
1782548076.9998178,0.13680380309381876,0.4476776654412494,0.056195384949881966,0.9953920444701346,0.09588013277628708,0.0012748960030566693,0.00022931321035499336
1782548077.9998975,0.14347207006408744,0.4490725290353577,0.05627411030206351,0.9926651707418208,0.1208849991345221,0.0016038090897385385,0.00032183343863800775
1782548078.9998412,0.15009474288598001,0.4507506004854874,0.056438573009769524,0.9892978841392968,0.14589767557965366,0.0018480270124101646,0.0003866447025907362
1782548079.9998965,0.15651763027325777,0.4527185732397251,0.05648733185058676,0.9853137690750531,0.17074284889629074,0.0018687694543713504,0.0004046265164900969
1782548080.999862,0.16296503799779044,0.45501800518185714,0.05654013359355054,0.9806933091052675,0.19553927593741802,0.0021587517757551767,0.0006040139081769007
1782548081.999861,0.16924760155517818,0.4577222779532979,0.05657757307177541,0.9754661389801328,0.2201350131678894,0.0024807406409006463,0.0004833287060235142
1782548082.9998498,0.17494327957838623,0.4606230286764594,0.05667761033869577,0.9699273262857236,0.24338086004974807,0.002587309539105703,0.000210985832112818
1782548083.9998524,0.1809533963016566,0.4638756391284545,0.056863677013606506,0.9634946314696801,0.2677134825658441,0.002737955402276144,0.00029996964551990936
1782548084.999908,0.18675999770952267,0.46751794035710537,0.056926746584155995,0.9564269829853922,0.2919581914675915,0.0027959884166884755,0.00015199081270451682
1782548085.9999218,0.19224934627451853,0.4713686951749753,0.056917906637249494,0.9487892825488072,0.31588978084850344,0.0035398412809325677,0.0001148899900383581
1782548086.9998138,0.19770174107446659,0.47553123812008813,0.05707399749140116,0.9405140171642906,0.3397465228824724,0.0023710826250021647,-0.00024834239162795557
1782548087.9998713,0.20309917286588264,0.4800292434795642,0.05706505590329361,0.9316645038546274,0.36331278674499573,0.0021569182434246137,0.0006472623791891574
1782548088.9998238,0.20807383520665224,0.48475671245098606,0.057133529632114356,0.9222009484324724,0.38670376691794306,0.002241423440710341,0.0007637949208754713
1782548089.99986,0.2126204024448744,0.4893646989365442,0.057147378394203946,0.912732627900335,0.4085495431863906,0.002373801880039819,0.0008864496457732894
1782548090.999822,0.21705661846449975,0.49444556335172474,0.05730269448776031,0.902152823770683,0.43140707638162523,0.0027771886055226935,0.000710094283234786
1782548091.9998407,0.2213227260428335,0.49985752479050294,0.05718587994575737,0.8910062181303948,0.45398310255972346,0.002625078592829729,0.0006089380923678215
1782548092.99989,0.2252300898245195,0.5054701929390584,0.05749772004291112,0.8792623063527591,0.4763283311502292,0.0029881135449111884,0.0004344517314936846
1782548093.999813,0.22897413327751157,0.5111811145873123,0.057392428888369845,0.8670008558827058,0.49829621493745285,0.003199040203390261,0.0004052399790578869
1782548094.9998124,0.23227589695272616,0.5171456401504786,0.057363199977589804,0.8541556292134473,0.5200074015101979,0.0031905059120577047,0.0005330381008011596
1782548095.999846,0.23531897649678293,0.523136745484626,0.057409568208926356,0.8407956692500747,0.5413428369780985,0.003209634961620081,0.0005231311844789469
1782548096.9998188,0.23794731198644659,0.5289735319028626,0.05769038328740474,0.827666669558488,0.5612079537945793,0.003669475585451808,0.00022726326078556646
1782548097.9998438,0.24046046415208563,0.5354746631757956,0.057430993194566446,0.8132836593089535,0.5818556200444143,0.0037002531253528727,0.0001872179922806381
1782548098.9998124,0.24252758913335662,0.5418637928384833,0.05765903856427948,0.7983404646309262,0.6021922357114102,0.004090885471421282,0.0005276720854511021
1782548099.9998178,0.24434723961053195,0.5484265911687574,0.057861933584226755,0.7829230054227695,0.6221034787537438,0.004334420139770237,0.00020519337308163609
1782548100.999807,0.24579666165534178,0.5552086990745534,0.05757685270598359,0.7669905053904628,0.6416452210542989,0.004080920934558887,0.0005665892588988675
1782548101.999822,0.24686173631408742,0.5618367116360701,0.05751767621020479,0.7505715931066261,0.6607741931636482,0.004405043376129861,0.0005872505133680844
1782548102.9998987,0.2476584826636388,0.5686316549562771,0.0576194382468873,0.7337186185098439,0.6794365471800544,0.004726082986876641,0.0007945738814001595
1782548103.9998572,0.24799442592962093,0.5748488919680305,0.05755603114006633,0.7173187566694,0.6967299986545934,0.004445413650354845,0.0011612934658410759
1782548104.9998171,0.2444945988917307,0.5791285285212908,0.05748559494430305,0.7064983608952806,0.7076942725935189,0.005237060988922905,0.0012065582498410302
1782548105.9998302,0.23514480743016328,0.5794014833855672,0.05759108318753013,0.7064262917006818,0.7077609349317745,0.005609536095591605,-0.002210539145981001
1782548106.9997687,0.22958603839557268,0.5775797146464505,0.0575368514315646,0.7137775175732433,0.7003347108075599,0.006302477466001043,-0.003636897422323299
1782548107.999813,0.22919308787144402,0.572747383198343,0.05767760610672748,0.7312332195454765,0.6820972343472166,0.005700057558056321,-0.0029750416585762997
1782548108.9998415,0.22825357541359315,0.5672703191739027,0.05786560049415779,0.7481771655537103,0.6634777909841422,0.004950266608439825,-0.0019091032775625063
1782548109.9999292,0.22725135667038543,0.562093295952719,0.057631605859027185,0.7646467136620252,0.644425032890659,0.005323596722276726,-0.0018546125407511267
1782548110.9998314,0.22599787136631602,0.5566166194412919,0.057750125392019666,0.7797234766351714,0.6261062073114675,0.004546552777210526,-0.0012829683765496335
1782548111.9998307,0.22454656099831546,0.5513957709816568,0.057676723165077506,0.7952818274757788,0.606219009470202,0.004697953180763521,-0.0018046272922765322
1782548112.999849,0.22282247594474294,0.5456703025047408,0.0575746662976966,0.810311092209552,0.5859823659176494,0.004290298724877782,-0.0014812199595328776
1782548113.999887,0.2209104873278158,0.5401670116593436,0.057598105275505906,0.8248153839573312,0.565385028372024,0.004130325706821158,-0.0015140969723360085
1782548114.999863,0.21874519248932944,0.5356719290100475,0.05770681674431373,0.8387251869682854,0.5445287097909665,0.004869225046522172,-0.00219900110202352
1782548115.9998293,0.21620080219561177,0.5295554825368425,0.05763097302592317,0.8522011944482429,0.5231980070638476,0.003830357512827112,-0.0015158979946299598
1782548116.9998577,0.21346171292340635,0.5244082494361472,0.057450122473699586,0.8651777803632227,0.5014498510384866,0.003543432544970024,-0.0017027463246348364
1782548117.9998174,0.21068652121974896,0.5197539331275327,0.0574615598288995,0.8768570520585366,0.4807349951980101,0.0035211381003768336,-0.0017821991079037967
1782548118.9998047,0.20751306139327041,0.5148330214874912,0.05746783965628048,0.888686875448709,0.4585001617207617,0.003230495096440309,-0.0016742188262933563
1782548119.9998226,0.2041851301679872,0.5109168499913452,0.05755634994916685,0.8999692072329253,0.43592995262635015,0.003767130957623625,-0.00251220223635063
1782548120.9998171,0.20040256666169218,0.5057421042786976,0.05740047554511249,0.9106524870724175,0.4131583770807778,0.002929470444803015,-0.0019030080691839703
1782548121.999965,0.19653463188517434,0.5013722918664034,0.05726625069261608,0.9207765197267291,0.39007309608625856,0.002977562250494549,-0.002171302064996435
1782548122.9998152,0.19246038350860892,0.49725709051549927,0.05729548354536963,0.9303245706788315,0.3667202663058539,0.002837663368449091,-0.0020945496935867785
1782548123.9998174,0.1881279079709079,0.4935720188735947,0.057069427502529996,0.9392789741399743,0.34313258066426183,0.002957954389315981,-0.00250825259335425
1782548124.9998176,0.18382314837847902,0.489925583304849,0.05707413625659552,0.9471946072484118,0.3206415731787568,0.0025455386230872567,-0.002208570147736555
1782548125.9998345,0.17922738383290038,0.4866244621335216,0.05696970248981165,0.9549692273296382,0.29668461882771086,0.002530429337311737,-0.002368276136469459
1782548126.9998472,0.17439544369037566,0.4832847947305552,0.056916768844441315,0.9621357271508463,0.2725533721049517,0.002129523734581581,-0.0022286818516574296
1782548127.9998214,0.1693576000583584,0.4803474341505927,0.05689443155696712,0.9686924927138622,0.24824508599996936,0.0020408081224342956,-0.0022509862014634154
1782548128.9998584,0.16426786953642314,0.47758562092714235,0.0569179586989164,0.9746482051158137,0.22372444979646294,0.0017819012875634533,-0.002252033657394342
1782548129.9998734,0.15899627892731527,0.475126304922158,0.05688346430164058,0.9799789861671275,0.1990830559907222,0.0014846137449645064,-0.0022179743624057657
1782548130.999982,0.15365602908833717,0.47298763446476433,0.056724241851838594,0.9846925967315089,0.17427798598537056,0.0013910725992309736,-0.0023955083103168835
1782548131.9998271,0.14847521895964264,0.4712045634443783,0.05655919362949251,0.9885636244662368,0.15078032772661457,0.0012371036908555818,-0.002392222249316463
1782548132.9999733,0.1429324050184226,0.4695558795303887,0.05656256055491121,0.9920475833078514,0.12583910544740062,0.0009885594585558157,-0.0022659972300980687
1782548133.9998207,0.13728039194604286,0.4680992171356164,0.05661660994029759,0.9949063106447088,0.10077959448997306,0.00048353844913851435,-0.0021616115143929054
1782548134.9998186,0.1316722001606117,0.46704813557187963,0.05653655211978716,0.9971306514627377,0.07566800057979954,0.0003811077504094091,-0.0021615639325194332
1782548135.9999077,0.12585509989510232,0.46631174564801237,0.05644919008078913,0.9987195477995119,0.050540601523110004,2.3863926801934946e-05,-0.002216274200945878
1782548136.9998555,0.12002667447901536,0.4657846583051247,0.056270399986541014,0.9996761609083058,0.025336627848750067,1.9149164578225382e-05,-0.0023723899752289947
1782548137.9999185,0.11424760980846557,0.46557693481595874,0.056111841926690706,0.9999967044569347,0.0001386260080376567,3.452654270189731e-05,-0.0025633310394453045
1782548138.9998193,0.10879356687648406,0.46554923994560526,0.05605925208190335,0.9997168506838517,-0.02367124635269129,-0.00022083088328188978,-0.00241697922880559
1782548139.9998565,0.10293848039238337,0.46594613361452564,0.056112663710909755,0.9987923521187897,-0.04903968876184693,-0.0007163959154870042,-0.002903971771396543
1782548140.9998176,0.09724322049823142,0.4666768996919163,0.056088346071659106,0.9972496703675897,-0.07404716087962845,-0.0009678561610684484,-0.003029219677029312
1782548141.9998498,0.09158874484959628,0.46758290361859794,0.055942212167296515,0.9950709196791132,-0.09911400407254929,-0.001306944246033574,-0.0029276103580150375
1782548142.9999318,0.08588177835397062,0.46885430168371967,0.05589873726831797,0.9922311200296888,-0.12436958881856613,-0.0015434700250074119,-0.002688405105662584
1782548143.9998155,0.08031043408122662,0.47034649323657585,0.055785116237109966,0.988780434355161,-0.14933950581275243,-0.0017707224845142648,-0.0027980675304130746
1782548144.9998102,0.07478174125001558,0.4721955188351543,0.05573017722953191,0.9847042888919517,-0.1742010742386245,-0.0020935132789867907,-0.002658265234250119
1782548145.999863,0.06962965172351959,0.4741013666092272,0.05565143580431016,0.980285851747453,-0.19755449684576312,-0.0023290351455373982,-0.0025387467535892415
1782548146.9998217,0.06429090765633896,0.47641165287611503,0.05549508676573481,0.9750028089626215,-0.2221649343249795,-0.0024450420243813387,-0.0025072376980534413
1782548147.9998174,0.05906388480508484,0.47903600262191703,0.05535277139820435,0.9691065250189624,-0.24661651828436953,-0.002254610427748532,-0.002784386249339791
1782548148.9998763,0.05393202493505783,0.48182087580731575,0.05535435564859591,0.962580662479826,-0.270968372247068,-0.002643002290959232,-0.0027611592789681225
1782548149.999821,0.049090951102267605,0.4849348931740371,0.05535491762137269,0.9554280836294365,-0.29519612990431465,-0.00258996473145298,-0.0031167265499619573
1782548150.999812,0.044299453840843106,0.4882552984206716,0.055291193430729885,0.9477003846213347,-0.31913555375938946,-0.002611932966723745,-0.003107590938288636
1782548151.9998772,0.039687749082621904,0.49185117632674885,0.05517979253361573,0.9393667618865015,-0.3428917223571389,-0.003151651008756417,-0.0023281962422800205
1782548152.9998395,0.0355158691702567,0.49545532704540685,0.055321223452673,0.9309697872728799,-0.3650718307847883,-0.003443038016232562,-0.0024411148580848613
1782548153.9998207,0.03128982910803682,0.4994323103799949,0.05518094215031931,0.9214497031333723,-0.3884742346113879,-0.0036321533592448296,-0.0022407812234669236
1782548154.9998138,0.027358264776154162,0.5036909480283299,0.05500865870078754,0.9113586140189834,-0.41158935211345954,-0.0038123885485072746,-0.0022688265194751416
1782548155.9998147,0.023607012444770037,0.5080026258648471,0.05484557538351909,0.9007214741642374,-0.4343750519874983,-0.0038797227059779427,-0.0020218659663901266
1782548156.9999058,0.020006148868342816,0.5126380693037127,0.05497018329636976,0.8894992575064062,-0.4569140716030812,-0.004126265333110349,-0.001891031741452075
1782548157.999821,0.016677043221272198,0.517436654697891,0.0548967370837087,0.8777204244835515,-0.47914954563294465,-0.004371530075350542,-0.0018598626178103108
1782548158.9998486,0.013624080595529026,0.522389269003499,0.0546685335568568,0.865373363968964,-0.5011043577728034,-0.0045072509479095624,-0.0017459218304035195
1782548159.9998102,0.010866160267672731,0.5271716165025505,0.05461795232871215,0.8532212376439053,-0.5215256043446163,-0.00469313844843891,-0.0015931408880333325
1782548160.9999356,0.008312073595643898,0.5323896996629384,0.05476156249915458,0.8397958638656595,-0.5428796417031104,-0.004704050857886196,-0.0015727568024106182
1782548162.0000257,0.0059813776586583045,0.5377615532667704,0.05479315530235093,0.8258810265587303,-0.5638215315221502,-0.004849197733990397,-0.0015152041616242327
1782548162.9998624,0.003900712977063958,0.5432375420213288,0.05461546742505255,0.8114148108919376,-0.5844478363298468,-0.004956741581637328,-0.0014703698360873927
1782548163.9998167,0.0020284920160442144,0.5487477466988682,0.05463563748652053,0.7964463381294535,-0.604686666818982,-0.00502269915346187,-0.0014275660221082021
1782548164.9998674,0.0006029648796477272,0.5544283314946682,0.054427169825041574,0.7809811093018737,-0.6245318488848784,-0.0051644814625877765,-0.0013434185025052966
1782548165.9998505,-0.0006445301490837774,0.5600925484497228,0.05442976157293181,0.7649994195243904,-0.6440077065867315,-0.005347799209618846,-0.0011674878405930603
1782548166.9998262,-0.001520497056505643,0.5655318498256571,0.05445987173525043,0.749463156538431,-0.6620223435177364,-0.005505686520226724,-0.0010397551041097734
1782548167.9999528,-0.002210336414964764,0.571276228682549,0.054331004942817174,0.7325897122133429,-0.6806486016465327,-0.005401066769972296,-0.0007893754097883952
1782548168.9999952,-0.002601549568539585,0.5771496484482576,0.05447084463556268,0.7152091091678275,-0.6988884799321471,-0.00549025717766034,-0.0008245347892539639
1782548169.999817,-0.0026784260560738238,0.5829643850533421,0.05446370072384081,-0.6973838417956563,0.7166728970163667,0.0059111445121265635,0.0008912098834267484
1782548170.9998164,-0.0025281694457262582,0.5888525302649225,0.054324998115340695,-0.6791149716480513,0.734009707131967,0.00567891080916928,0.0005958955715101706
1782548172.0002096,-0.0019162424690689628,0.5946053333676191,0.05461935242124306,-0.6604233885926308,0.7508697671713499,0.005905262613356336,0.0008175703866767487
1782548172.999951,-0.001209604484493365,0.6004733539918363,0.054288788291094035,-0.6413224674132268,0.7672493582316103,0.005808070138357893,0.0004259171996134137
1782548173.999846,-0.00019775759346440935,0.6058779038431253,0.05433460810671159,-0.6229067665101855,0.7822738276397279,0.005874743318510281,0.000553368463417107
1782548174.9999623,0.0012093734548664359,0.6115341406901182,0.05450545909548758,-0.6029463001485212,0.7977583044929775,0.006088250368022846,0.0006164066478006395
1782548175.9998348,0.002854266556407359,0.6171530132424057,0.05449249967052252,-0.5827139035587725,0.8126582708040342,0.005538392314770992,0.0006063857372223631
1782548177.0017574,0.004673111400292529,0.622741624706529,0.05426409517914346,-0.5620645375689737,0.8270735755718632,0.005691820829197759,0.0005994779374659338
1782548177.9998376,0.006921595396875702,0.6279841051058778,0.05462996755762541,-0.5410707799784309,0.8409569917259627,0.005758830390291249,0.0007648485387717824
1782548178.9998398,0.009268405838849358,0.6333866438581013,0.054399875493169055,-0.5197229067781568,0.854316357460457,0.0055975562276648835,0.0005735066156171758
1782548179.999833,0.012062534250805224,0.6386337605168055,0.0543879553864242,-0.49807250610445175,0.8671163479063572,0.0056991505978039834,0.0007331704003465972
1782548180.9999166,0.014794753492429757,0.6432645300817171,0.05453100759183699,-0.4772993125206814,0.8787250620215582,0.005218340490437422,0.0006329020615457497
1782548181.9998524,0.01797866117701341,0.6481725032078831,0.05465632656466148,-0.45501049097095436,0.8904700717324762,0.0052806285302970015,0.0007870307838550013
1782548182.9998558,0.021428672830381912,0.652804506106579,0.05478517990106789,-0.43240758107189153,0.9016641401303603,0.004971208384110805,0.0008656337188439039
1782548183.9998133,0.025112498587815946,0.6573768444319763,0.05491162159660447,-0.4095465561870749,0.9122747243330067,0.005077712766653128,0.0008139358101700808
1782548184.9998205,0.029102183924612834,0.6616447596361461,0.054815254250061986,-0.3863798330363443,0.9223263290037723,0.0049321910143062635,0.0006640339075539885
1782548185.9999635,0.03315025506124136,0.6658168616337039,0.05489354178563117,-0.36305312552726465,0.9317541467390223,0.005129014278763961,0.000575579750361815
1782548186.999879,0.03748372866237698,0.6697011722979258,0.05499896203146175,-0.33948242887069335,0.9405984808558397,0.005098513024090828,0.0004283277768474309
1782548187.9998672,0.04171259977654734,0.673207766174655,0.054988025754483486,-0.3170045221185525,0.9484099809498956,0.005149528748283229,0.00035120460910092875
1782548188.99982,0.046437077067147337,0.6766490993087237,0.05495973588836757,-0.29307018964708037,0.9560766840543523,0.005216339250321691,0.00016719056251013843
1782548189.9998908,0.05128511852573686,0.6798338071657752,0.05499470561160187,-0.26891392533680736,0.9631499476900776,0.005241475396224156,7.720247254994858e-05
1782548190.999816,0.05636038731471826,0.6827063895667818,0.05498331503461869,-0.24455727726497967,0.969620387024088,0.005294888062845671,-8.581607968337832e-05
1782548191.9998233,0.06165554098566989,0.6854240575332782,0.055108513204513446,-0.22000187901214008,0.975482974115575,0.005664052339943608,-0.0002428020807106715
1782548192.999828,0.06696256256532401,0.6878697157391508,0.05519969885954103,-0.19539641599861055,0.9807076500668922,0.0057150494630234215,-0.00028969778611764776
1782548193.999845,0.07241679055023531,0.690075019004777,0.055417153528590016,-0.17058145610496095,0.9853272929253196,0.005653804725366951,-0.000356569348362664
1782548194.9998126,0.07769233707495116,0.6918313578487344,0.05540942066998954,-0.14703007011105979,0.9891166128423401,0.005499956525286938,-0.00048493365836639905
1782548195.999862,0.08322260979014529,0.6934409233719698,0.05552855704435715,-0.12213730781072459,0.9924981882223923,0.005422019152896431,-0.0006527819871338035
1782548196.9998214,0.08898710756963762,0.6947804503723491,0.05560626000396714,-0.09709274672933053,0.9952603159947011,0.005419345816067166,-0.0007298147763485176
1782548197.9999843,0.09465948060674778,0.6958878255425195,0.05565583226534042,-0.07201038724812918,0.9973880047669206,0.005550615623648688,-0.0009288388633874695
1782548198.9999778,0.10047489856419356,0.6966474299450929,0.05572899774236896,-0.04685562239461882,0.9988852758414143,0.005612866265454933,-0.0011189680606880441
1782548199.9998965,0.10627273924511393,0.6971510397713002,0.055736613401398835,-0.02172904996287888,0.9997469504802704,0.005665890825270922,-0.0013345689441345812
1782548200.999911,0.11216461013638701,0.6973281394408679,0.055859500496005056,0.003501345676671986,0.999976471649746,0.005698017653545981,-0.0015262110591707503
1782548201.9998245,0.1177089839106209,0.6971694974738417,0.055950946531459614,0.027304020105817443,0.9996090663183228,0.005772956213997392,-0.0016964659805924248
1782548202.9999993,0.12358186698286305,0.6967985671581434,0.05600877749925441,0.052439478559605006,0.9986038700316429,0.005989606656965155,-0.0021298963161102634
1782548203.999894,0.1294252335505161,0.696109304031258,0.056106925361733215,0.07757104503788853,0.9969644744965979,0.006214770708337223,-0.002438480776076223
1782548204.999827,0.13519170277580522,0.6951007525657286,0.056192851680292435,0.10268707279217056,0.9946911095981871,0.006144963945470956,-0.0026834652619078625
1782548205.9998975,0.14092926835275044,0.6938261715990406,0.0563392120704911,0.12770368738485843,0.991789014671377,0.006234074902010745,-0.002730369133580518
1782548206.9998207,0.14657391754232768,0.6922506593391881,0.056389800581297514,0.1526289917439332,0.9882605842901813,0.0060317940129413,-0.0030043100115412706
1782548207.9999256,0.15214085076386152,0.6903975318063611,0.0565387480321138,0.17748921084006897,0.9840967949743437,0.006350798896234121,-0.0032780344680880882
1782548208.9998832,0.15732686576531818,0.6883380998641786,0.05669479112687255,0.20086170263124217,0.9795938411101929,0.006204749772318171,-0.00346178499037215
1782548209.9998171,0.16267586143153295,0.6859503940476307,0.05680591655859134,0.22550192592884763,0.974216744377606,0.006220220818947127,-0.003453292579917913
1782548210.9998245,0.16792768987949297,0.6832976697524094,0.05686004663916898,0.24992972485049805,0.9682385405786658,0.006082136519043949,-0.0035026832020067997
1782548211.9998186,0.17304539529920682,0.6804243289574868,0.056861426018046016,0.2742518108368481,0.9616304541226394,0.006199660690984037,-0.003791854943529254
1782548212.9998276,0.17793400224438033,0.6773124859987943,0.056911938439339456,0.2983716042447055,0.9544208402225177,0.006282774964510939,-0.003971431496264598
1782548213.9998784,0.18272594374143125,0.6738606566219851,0.057028669385473865,0.3223667205292672,0.946584455806955,0.006304003604446913,-0.004221973284058033
1782548214.999893,0.18730764659053714,0.6702251262107666,0.05704304320168611,0.34606305498759327,0.9381785759486179,0.006386075333789317,-0.0045320685684081905
1782548215.999925,0.19148498609339723,0.6666079593304787,0.05701925323704167,0.3682614977845433,0.9296873698665187,0.0065102064465668704,-0.004741389267162269
1782548216.999869,0.1957783526713088,0.6626080108795456,0.05704653679059934,0.3915798245196112,0.9201056199293867,0.0067645684959405546,-0.005012964852601122
1782548217.9998658,0.19977044699854127,0.6582165606196612,0.0571039654878588,0.4146635097731722,0.9099323659513243,0.007254596566142365,-0.004963253517802843
1782548218.9998913,0.20368379086494037,0.6537614208783753,0.057155877877159963,0.4374852655245187,0.8991844345711878,0.00701537681422421,-0.0049779073905671005
1782548219.9998806,0.20712786017456544,0.649082651523069,0.05733072203670966,0.4599488601466885,0.8879045035964458,0.006611059195648076,-0.005378888288762567
1782548220.9998145,0.21042976887605533,0.6441734960371486,0.05734210522431153,0.4822052815852972,0.8760172466628313,0.006543924148414667,-0.005387672712443249
1782548222.0001087,0.21349735427467711,0.63927565170197,0.05748570758877687,0.5040882134106935,0.8636072052832462,0.006769202572566556,-0.005643224238663458
1782548222.9998631,0.21617973313803737,0.6343606912314919,0.05749279049158544,0.5245027763013944,0.8513639222682785,0.006794892572041266,-0.005489894993223027
1782548223.9999433,0.21873094000172008,0.6290557717989991,0.05768355737246765,0.5458555588681087,0.8378336215821105,0.006687291223837745,-0.00564017158227313
1782548225.0001414,0.2209381786956431,0.623705068214253,0.05773020499534935,0.5667428403552996,0.823849008458252,0.006578590096972127,-0.005664478854982318
1782548225.9998112,0.22305465714069186,0.6182034175222549,0.057767413173550844,0.5873777768550162,0.8092635731870134,0.00673692710324371,-0.005867723805016865
1782548226.9998531,0.22467085276458204,0.6126169771375665,0.05767895093608612,0.6075517720798905,0.7942299515836564,0.006557328299068943,-0.006052247151758043
1782548227.99982,0.22620775887616199,0.6069910294834002,0.057594156511809005,0.6273502262366324,0.7786859866319024,0.006688752214008483,-0.005923551111177745
1782548228.999821,0.2273924170885403,0.601372273401279,0.05750839146523329,0.6467689050740258,0.7626294698985737,0.00688400805848249,-0.006235824293305042
1782548229.9998186,0.22816481648796252,0.5958118996751259,0.057476748065400346,0.6647267256677215,0.7470308917187128,0.006728806585515965,-0.0061603703581163405
1782548230.999812,0.2289121866216737,0.5900319321244359,0.0575423209472999,0.6834166871883971,0.7299685354747398,0.007408224142297426,-0.005717263712471346
1782548231.999838,0.22921982674505806,0.5840764586627625,0.05749953069115807,0.701629484240781,0.712487878978153,0.006647188511904733,-0.005736204155680715
1782548232.9999497,0.22192766792876673,0.5822958929485146,0.057537754147668596,0.7060480407928079,0.7080991128359446,0.00759984789489349,-0.0058354781775178275
1782548233.99989,0.21239598474150534,0.5816635069197112,0.05745506963061203,0.7060255578417074,0.7081037193467595,0.008103918816329382,-0.007166646454921385
1782548234.999815,0.21002953608739966,0.5850042153992507,0.05754645840430102,0.6922783868914664,0.7215546408850413,0.00727179435099,-0.0075270357462467845
1782548235.9998353,0.20938829113564672,0.5891335703380285,0.05753804987136281,0.67396872407337,0.7387068361015389,0.007141476766372951,-0.005231498577182004
1782548236.9998362,0.20857856908786912,0.5932665660188209,0.057510384832981445,0.6562372414898654,0.75451015751637,0.0072104233363029435,-0.0038877862217478196
1782548237.9999185,0.20765185452471913,0.5977279807588308,0.057461243829018294,0.6370494230042286,0.7707812327360696,0.007428839946930809,-0.0030226228489983633
1782548238.9998283,0.20646463412202012,0.6022955298026881,0.05745381607749281,0.6174165560680177,0.7865950377413767,0.0075573381985088554,-0.002815942667006761
1782548239.9998176,0.20508588293786031,0.6069403407789348,0.05742606865486381,0.5973662661548711,0.8019266271205111,0.007783491314712087,-0.002577991129225028
1782548240.9998167,0.20353580059317306,0.6114121157476948,0.05737280473914323,0.5770205665833783,0.8166876836844891,0.00792767546788296,-0.002375924985562286
1782548241.999827,0.2018392070848912,0.615915659755917,0.0574033179888222,0.5562349247263221,0.8309855692534094,0.0078112654617150945,-0.00216248449165297
1782548242.9998531,0.20002479961026798,0.6203558704526622,0.057394643588423985,0.5351687720190625,0.8447036377411561,0.008150043043536849,-0.0019304509460093293
1782548243.9998887,0.19792246513617479,0.6244574565208343,0.05735873747898999,0.5148292152772124,0.8572516201155671,0.008182971393691441,-0.0018915299245315577
1782548244.999853,0.19556112285437252,0.6286962908589699,0.057304030242336615,0.49308546558033645,0.8699399571607402,0.008242047085863307,-0.0018064408174329372
1782548245.9998155,0.19311228712302184,0.6328223916998568,0.057324666893425205,0.4710101423542319,0.8820863245916968,0.008396860758758989,-0.0016292627645984594
1782548246.99986,0.19027074558900195,0.6367984171117649,0.05726712828555232,0.4486199406670278,0.8936812866569382,0.008443223839104324,-0.0016182355559824092
1782548247.9998896,0.18730894217826813,0.6405672418419228,0.057153555162104956,0.42600061515732424,0.9046854021158011,0.00802754540538949,-0.0018323752118816555
1782548248.999929,0.1842631712089996,0.6442229144610865,0.05704156464705492,0.4030325796415547,0.9151438725395701,0.008616252560985775,-0.0014807067765911755
1782548249.9998138,0.18095605255199493,0.6477945149919093,0.05710348929307886,0.3798975988668813,0.9249852743969071,0.008827377914053677,-0.00146079540636045
1782548250.9998262,0.17760767329746646,0.650983671412543,0.05701680051887466,0.35767601965010454,0.9338050563116869,0.008593638481532792,-0.001459846441899934
1782548251.9999526,0.17408549335280477,0.6541115368073709,0.05692473288087653,0.3340929112644249,0.9424989158660039,0.008749049449997864,-0.001083682605738321
1782548252.9998212,0.17020600696177218,0.6572032358341309,0.05682070376672159,0.31019302613261657,0.950633302218836,0.008667204508429399,-0.0012209902579933371
1782548253.9998202,0.16640078837101513,0.6599542711240676,0.05675507878550314,0.2861756591710015,0.9581365563858834,0.008758158708338142,-0.0010611649652228312
1782548254.9998639,0.1623094013401457,0.6626742957664826,0.056730925184221,0.2619537591401267,0.9650421376599139,0.008513923008238354,-0.0011890030068266878
1782548256.0014017,0.15817223672920083,0.6649701970507533,0.05666625868424276,0.23752178913306582,0.9713404976508503,0.008941788746452035,-0.0010400598251109807
1782548256.9998236,0.1538779738246961,0.6671358230588005,0.05661553533643902,0.21299164945253315,0.9770118425777046,0.009026728653728843,-0.0009669003152983841
1782548257.9998143,0.14976246177829133,0.6690048216017779,0.056566820469042614,0.18972302600340718,0.9817963155006857,0.008962933840551834,-0.00091328547479428
1782548258.9998884,0.14526148982357778,0.6707777314456389,0.05651573853555418,0.16482932510513465,0.9862799606187612,0.009081173926565714,-0.0008155656663810204
1782548259.9998357,0.14063834295292987,0.67230246100244,0.056391073142794026,0.13994979874171762,0.9901176775673841,0.008976254861190703,-0.0006820919214821215
1782548260.9998147,0.1361409002674619,0.6736269566294987,0.05630249091102292,0.11499698529130437,0.993324852658801,0.008992812187508059,-0.000748193319368492
1782548261.9998567,0.1313250648256869,0.6746908068689061,0.056219927500444314,0.08990462883287793,0.9959086922498411,0.009081748590028475,-0.0007458271792295238
1782548262.9998534,0.12665139475074416,0.6755187294421264,0.056183799841453705,0.06481612994434514,0.9978554562463824,0.009108379987879535,-0.0006286114525139145
1782548263.9997861,0.12184828516630253,0.6760852976791376,0.05615733898628515,0.039678817599499094,0.9991708302404203,0.009107985734544726,-0.0005366809426954394
1782548264.9998143,0.11733267904503175,0.6763714652167516,0.056069439772234615,0.01591286709625961,0.9998319343577373,0.00908422471993215,-0.0006004668849925705
1782548265.999871,0.1124805413453569,0.6765528511681371,0.05602527294626021,-0.009361538868565718,0.9999137940114108,0.009196974160163266,-0.0004263824758232594
1782548266.9999104,0.10773785246815393,0.6763981265813427,0.05599918820892806,-0.03448828060994795,0.9993633867592389,0.009117165271796644,-0.0005069547122473316
1782548267.9998734,0.10295965017902081,0.6760078301154719,0.055938229770352024,-0.0596847630192425,0.9981758130064843,0.009081489951162971,-0.0005494838014478436
1782548268.9998562,0.09820118705534453,0.6754014040077586,0.05589767325085267,-0.08479512515254316,0.9963562833716016,0.009147825067534728,-0.0005105221122423865
1782548269.999813,0.09347481205135622,0.6745448810745408,0.055842794647744734,-0.10984491406634189,0.9939065242201376,0.009144804314179796,-0.0005371410042163049
1782548270.9998133,0.08877569765291393,0.6734571139640307,0.055741819784156245,-0.1348935916768621,0.9908178508554991,0.009130702366785854,-0.0005793314207225442
1782548271.999916,0.08443401652124038,0.6721976518895035,0.055663009638846975,-0.15842770603736597,0.9873290841885375,0.009032799801940725,-0.0005916104291576383
1782548273.0000288,0.07991443570845425,0.6706511175274665,0.055579742625784835,-0.1832318425862497,0.9830281606027846,0.009022134364737332,-0.0005730757875678147
1782548273.9998152,0.0754777386624253,0.6688657913355645,0.05551902574242408,-0.20792871181770545,0.9781035587946841,0.008877422397061139,-0.0005200447938959933
1782548274.9998286,0.07106775749816174,0.6669290766744145,0.055484100671906,-0.23253009754154744,0.972549029955719,0.00882503616243212,-0.0005067605354668395
1782548275.9998343,0.06687878344666942,0.6646880959441361,0.055441024273969755,-0.25696237828975826,0.9663849955926407,0.008377370170127229,-0.00044283870179852823
1782548276.9999275,0.06274303142994608,0.6622658061624107,0.05536864300211121,-0.28118541304147093,0.9596181064209303,0.008220799427402394,-0.0005213238724342948
1782548277.9998596,0.05866607175091154,0.6596610969327596,0.055321058757972344,-0.30532217937854517,0.9522064791676987,0.008976858640770538,-0.0007770582565789946
1782548278.9998207,0.05503285142307329,0.6569976309342374,0.05537762831690564,-0.327838917304322,0.9446892882982464,0.009116032519469394,-0.000831159663682104
1782548279.999814,0.05133867219507915,0.6540198519048641,0.05529974961621393,-0.35150936787423853,0.9361413428686269,0.008934196755253337,-0.0008547497386122123
1782548280.999824,0.047685244058439435,0.650836637102705,0.05524205318699811,-0.37499727266577676,0.926985693430807,0.008610800735852265,-0.000650982736107553
1782548281.9999537,0.04421426421995378,0.6475241317918212,0.055237264274276096,-0.3982421139469785,0.9172428019593512,0.008280928314747641,-0.0005358722294428642
1782548282.9998217,0.040950598453109,0.6439867111620122,0.05522023630859492,-0.42123994278110866,0.9069115206313231,0.008240031009926119,-0.0007115060822052005
1782548283.9998457,0.03783957663787385,0.6402747369024242,0.05516095086646122,-0.44395371982409004,0.8960110627332909,0.008280704646859736,-0.000836686598225586
1782548284.9998257,0.035009517897770626,0.6364320595062918,0.05515218026310358,-0.46631409186840567,0.8845816889739057,0.00810280635310082,-0.000864746333171758
1782548285.9998071,0.03244112054227044,0.6326634703995848,0.05505010740274286,-0.48729009099874837,0.873201516152616,0.008153022120445363,-0.0010038094978704378
1782548286.9998438,0.029901579667431177,0.6293651983454478,0.05513980381839913,-0.5091125609390301,0.8606499652455963,0.009239543545329241,-0.0008175890962484529
1782548287.9998572,0.027662956114603288,0.6242794517042353,0.05498736144095083,-0.5306244990315074,0.8475696830809073,0.007889478448117975,-0.0010146326965431514
1782548288.9998214,0.025619921681371283,0.6200383877436895,0.05502731029542693,-0.5517823740522068,0.8339487491080149,0.00804336920884831,-0.0009998791217897948
1782548289.999888,0.023706380659567206,0.615584422146549,0.05494597293168426,-0.572616781598936,0.8197820894715321,0.00809482394943582,-0.0013494584813883207
1782548290.9998744,0.022155011871022146,0.6109981426565516,0.05481715502540001,-0.593090571966548,0.8050990924050032,0.0076045783412297605,-0.001093270911124455
1782548291.9998999,0.02071401003721518,0.6066419873772341,0.05495952199447436,-0.6131752653594225,0.7899057097028368,0.007980766692643547,-0.0011709369143179898
1782548292.9998367,0.0196795378048108,0.6019212796047815,0.05476137589406,-0.6318349139198641,0.7750647751914184,0.007555563400541343,-0.0014660392404654997
1782548293.9998138,0.01868185131527461,0.5973203567822806,0.054958126327251194,-0.6510972339103583,0.7589557921088216,0.007525174281806488,-0.0013672493480308009
1782548294.9998152,0.017957798467651,0.5924756246565159,0.05482883504562465,-0.6700248219904364,0.742294375985296,0.007894010492124817,-0.0018659838247288636
1782548295.9998705,0.017524192192010346,0.5876257058777945,0.05466155825786231,-0.688528686324467,0.7251780876200002,0.006612859756202931,-0.001122243265983728
1782548296.9998178,0.017212681012727216,0.5829576276755194,0.05485625382225015,-0.7065285337516376,0.7076472121385365,0.007152931952942307,-0.0012998891471834
1782548297.9998798,0.01728568502607769,0.5780460842335287,0.055018201783172724,0.7241711172940474,-0.6895832997635171,-0.007058447287514796,0.001115296480766425
1782548299.003099,0.017636867133075995,0.5732708630288732,0.05493146702379237,0.7412464112800204,-0.6711965431319058,-0.006859618360415544,0.001379814560037251
1782548299.9998302,0.018153545122940096,0.5687591322857954,0.05492582869856105,0.7569980534923135,-0.6533812599854406,-0.0067199659698866775,0.0013107883315034697
1782548300.999877,0.01889145973950479,0.5640534106486028,0.054964764520363384,0.7732167574275309,-0.6341063719046897,-0.006572071393749472,0.0013277879054073986
1782548301.999821,0.019858827088891418,0.5593528335362469,0.05504116740479824,0.7889221786830201,-0.6144581202856008,-0.0064060105315688915,0.0014062098679624737
1782548302.999821,0.021042215593899682,0.5546979221937169,0.05507665225392017,0.8041724996344924,-0.5943589298221115,-0.006475706626128777,0.0014555397689179734
1782548303.9998236,0.022539156772756752,0.5500448539744136,0.055086420737719986,0.8189163105232925,-0.5738777823388438,-0.006204372529782043,0.0013685971944821464
1782548304.9998562,0.024175106066092356,0.5455945086310787,0.05511298575437237,0.8330478141532409,-0.5531632597359509,-0.006245002618866505,0.001657514734372539
1782548305.9998868,0.026098354317259376,0.5411944379734449,0.05509146238226234,0.8467670417321259,-0.5319323959108817,-0.005614159042444781,0.0014086997477476154
1782548306.9998193,0.028083273210679327,0.5371093982461153,0.05514771934619997,0.8591942595674403,-0.5116162102527121,-0.0056345077121193006,0.0015264520473858728
1782548307.9998214,0.030461274125952648,0.5328707184878294,0.055171311865590586,0.8717678630293909,-0.4898863672423665,-0.00543214584259001,0.0016223349812221261
1782548308.9998674,0.03299079078694078,0.528779762851328,0.05521852854874622,0.8838366767598843,-0.46775649942483577,-0.005680243326439809,0.0020786764105661477
1782548309.9998624,0.035722030771856816,0.524891156210727,0.05528382364396203,0.8953747768708855,-0.445285028396799,-0.0047851811049830885,0.0015344285146376545
1782548310.9998486,0.038748850932273315,0.5210694835971523,0.05529649968109837,0.9062627628509803,-0.4226847354859602,-0.004649530438678472,0.0019495957456809154
1782548311.9998465,0.041878400342423405,0.5174107678303148,0.055324835829236044,0.9166015399604936,-0.3997691932456223,-0.004659122428417626,0.0021217096863033525
1782548312.9998562,0.04513034030986865,0.5138842969959833,0.05537766731634883,0.9264030929693057,-0.3764983763148645,-0.004687436056008542,0.0020760328503572852
1782548313.9998338,0.04842450697898362,0.5107270348136214,0.055489569754728414,0.9351003541206817,-0.3543511041110121,-0.004401450683725171,0.001802767472788004
1782548314.9998183,0.05209105456593319,0.5075570528137913,0.05553732076278112,0.9437389943474911,-0.3306591207129043,-0.004225274027672853,0.0018448568363235351
1782548315.9998744,0.055861022595803694,0.504531388849764,0.055579213920464714,0.9517561572268438,-0.30682158529077513,-0.004158217519853489,0.0018550491919876102
1782548316.9998512,0.05979922442251856,0.5017510809944348,0.055615627639153786,0.959184068690105,-0.2827488750926377,-0.003935018397278003,0.0018739357398391055
1782548317.9998262,0.06385844074312422,0.4991934313602431,0.05568581329957899,0.9660020757422522,-0.25850108034477376,-0.003722282751164738,0.001823659333729901
1782548318.9998882,0.06807443126712556,0.4967748542857541,0.055715401721433896,0.9722024258683373,-0.23411060823698374,-0.003399221773901081,0.001763955203960148
1782548319.9998713,0.07233119863128012,0.4945830849658145,0.05573358713162668,0.9777856687416754,-0.20957612815397267,-0.0031608275544221945,0.0017440414431982908
1782548321.0000944,0.07651562900004663,0.49274266423823687,0.0557684867300791,0.9824955755298164,-0.18625580467600747,-0.002830228356458944,0.001791395064811847
1782548321.9998293,0.08089954138023364,0.4908967870430212,0.05586349659042192,0.9868847366928699,-0.16139376868979158,-0.0023870300008888433,0.002206807315026016
1782548322.9999082,0.08550265722562625,0.48951691571911204,0.05595711353477874,0.9906432498843365,-0.136456567174687,-0.001872490689092943,0.001431960934979402
1782548323.9998815,0.0901759753070841,0.4881835782140831,0.055988882974251475,0.9937651567242722,-0.11146764461750533,-0.0018407367277419656,0.0015456948299823817
1782548324.9998097,0.09500495847099352,0.48712581068725497,0.05602117799556275,0.9962520350095803,-0.08646576693074376,-0.0016616803333788048,0.0016711393772017912
1782548325.9998772,0.09973154332393674,0.4863314436315037,0.056125737523820135,0.9981125591857394,-0.06134536621489709,-0.0018820650974007266,0.002126751189808773
1782548326.9998772,0.10452689742487425,0.4857592859110843,0.05622591493765721,0.9993434756560996,-0.03612517730441084,-0.0017139542851988565,0.0021567542789986006
1782548327.9998686,0.10912451754171937,0.4854215431274691,0.05624982028063605,0.9999197441692902,-0.01239686838959697,-0.0015399746273123723,0.0021098229071204555
1782548328.9998577,0.11398376191741622,0.48532612971735933,0.05633340184849776,0.9999151470065905,0.012814605421544832,-0.001237398616756294,0.001988345880887167
1782548329.999805,0.11880815861489419,0.48554465881613795,0.056388721603386094,0.9992755992521491,0.03799314039768076,-0.0012377022333541305,0.0018072396525957398
1782548330.9998493,0.12364704954749325,0.4858761471349879,0.056424677809183865,0.9980016650545219,0.06315968680282437,-0.0007764969385610313,0.001711012529334589
1782548331.9998531,0.1283929685170066,0.486436144486058,0.05645346710212168,0.9960954355693491,0.08826586439534759,-0.0005702745071735671,0.0016417086944431033
1782548332.999829,0.13313134946483926,0.48734782880650895,0.05653459412449287,0.9935564248118063,0.11332969567501386,-0.0003481446950098086,0.0013746230980229855
1782548333.9998903,0.13783412099403353,0.4884360208694496,0.0565343813902482,0.9903768139615775,0.13838946062578955,-0.00015613368485897558,0.0014488537850285224
1782548334.999884,0.14224012270716682,0.4896079898004534,0.05660190618801181,0.9868153543702013,0.16184205673111993,8.80591778858645e-05,0.001611613426429716
1782548335.999816,0.14678587251543843,0.49120017827873136,0.05668505046246231,0.9824302184134582,0.186626343417655,0.00017615840695631808,0.0012011905993046831
1782548336.9998178,0.15118468418000042,0.49312059568728617,0.05678390304762439,0.9773952785070581,0.21141848582053277,0.0003605997065865896,0.0007505819842446821
1782548337.99984,0.1555661076891942,0.49508677523300487,0.05682063054034287,0.9717469482328266,0.2360235164156468,0.0006250779235718506,0.0006144725955421194
1782548338.9997811,0.15983975146327642,0.49730655269831725,0.056834636713845324,0.9655003528616861,0.26040009425240734,0.0007736884575892597,0.0005108262597125471
1782548339.9998395,0.16395353290470355,0.49975667967070975,0.056943748553149716,0.9586226339036551,0.2846778551807471,0.0009723519008479892,0.000468048169951072
1782548340.999862,0.1680299008906694,0.5023364834179388,0.056956825394598745,0.951166725552973,0.30867249458818213,0.0014585571971158084,0.0010118776838048682
1782548341.9998176,0.17161955829949888,0.5051351131241213,0.05713121517312474,0.9435533569349832,0.331217049624857,0.0013987394546820192,0.0006100675921642051
1782548342.999872,0.17540468087309927,0.5081637284605875,0.05710305581841868,0.9348905031025423,0.35493269038413644,0.0014629399921627798,0.000626348092872999
1782548343.9998412,0.17901422155390168,0.5114082282690268,0.0570592295574342,0.9256342694864765,0.3784153544994852,0.0016592685195143363,0.0005152273731885634
1782548344.9998963,0.18233021239347003,0.5148220136924704,0.05701543442320989,0.9158039768635291,0.4016214926147091,0.0017669469980648744,0.00036128822833516265
1782548345.9998634,0.18555484641170572,0.5183436938263496,0.05717018447244948,0.9054285599223423,0.4244944682176093,0.0018350929038066868,0.00044918107371971213
1782548347.0001166,0.18862975530553427,0.5220945799708658,0.057271850381124825,0.8943936629606118,0.4472755545480034,0.0021187978590976268,0.0002542740803958603
1782548347.9998183,0.19154643431531188,0.525885419590731,0.05730662762169912,0.8828416153574785,0.4696651754411493,0.0023020995569081005,7.42190178718507e-05
1782548348.999926,0.19403883758157794,0.5296468992075036,0.05726701086662678,0.8714292310264781,0.4905159530955552,0.002278674172803893,5.2109255715961507e-05
1782548349.9998226,0.19656562854947868,0.5337865783997922,0.05744172153988043,0.8588080985056562,0.5122902234284873,0.0026962160805275096,-0.00032762713096412066
1782548350.9998832,0.1988587413152115,0.5380534247333104,0.05729845347668894,0.8456308350959247,0.5337620805117124,0.0025489438482322255,-0.0001871577838316902
1782548351.9998286,0.2009114914669055,0.5423740954318365,0.057438533175203504,0.8317786055041,0.5550995803770453,0.0029295936395764338,-0.0004741012444691396
1782548352.9998872,0.20276763875546105,0.5469446004496114,0.057291879201422743,0.8175177038618433,0.5758938513875375,0.0033192746934914944,-0.00024129234919787783
1782548353.9998112,0.20420240795734573,0.5515931664736962,0.05749049019532278,0.8027230847550988,0.5963427621606667,0.003310096389690602,-4.981702554572315e-05
1782548354.9998565,0.20567530459442482,0.55616040658264,0.05741044945602866,0.7874874960957516,0.6163215658772367,0.003333313910610339,0.00024483841168578663
1782548355.99982,0.20665452567109377,0.5606417210836986,0.05758936564438738,0.7725744143820652,0.6349137725914109,0.003639856873975727,0.0001644928208787767
1782548356.9998505,0.20748291798079996,0.5654191044677388,0.05751747968742049,0.7562850604320712,0.6542321142436426,0.00353114161320804,0.0008826655421556047
1782548357.9998147,0.2080148310451473,0.5703437335977801,0.05754774735784893,0.7395278644668585,0.6731115444786235,0.004259974604084796,0.0011130961605420122
1782548358.9998095,0.2082247364991253,0.5751389310595976,0.05749851989294953,0.7223441829318555,0.6915176362281693,0.004546044593488427,0.001254451461620895
1782548359.9999318,0.20727203634581978,0.5794383750476044,0.057420087275725826,0.7068463963467282,0.7073488359475227,0.004843953449429113,0.0015272099752389181
1782548360.9998796,0.19809964693867932,0.5796857828018582,0.05749696381940017,0.7064571576072318,0.7077371486383398,0.0050073741005631405,-0.0011571980817336083
1782548361.999811,0.18998752788132944,0.5798747318796712,0.05759637953840941,0.7089705559423579,0.7052126804716057,0.005335166713258949,-0.0027133199182252845
1782548362.9998841,0.18974648894758983,0.5765958930636853,0.05773743743818547,0.7253201061619223,0.6883913422955621,0.004471307647000101,-0.002847956758453799
1782548363.9998183,0.18923107442289935,0.5735014092331415,0.05771011484602025,0.7423943920864754,0.669946837324423,0.0042981836216441595,-0.0018241094019575497
1782548364.99981,0.18856124882884748,0.5704653534651551,0.0577013244833178,0.7589604406451634,0.6511192430895805,0.004478033478479043,-0.0016516750033690963
1782548365.999816,0.1877042409469653,0.5665423823135137,0.057582031371127815,0.7751662400180263,0.6317426391508527,0.004135196614824931,-0.0011993181346043674
1782548366.9998224,0.18665432577911015,0.5629225783853102,0.05752731504504349,0.790804524685943,0.6120532576864531,0.004227065066455647,-0.0010702394890947141
1782548367.9999022,0.18551314680604722,0.5593967230974105,0.05749765561833726,0.8059851976420839,0.5919195382788099,0.004268111916387211,-0.0009511079437637989
1782548368.9998152,0.18426088076804994,0.5558469656515876,0.057466770515301996,0.8206493220675162,0.5714164439750914,0.004096867853995854,-0.0010739733582462551
1782548369.9998302,0.18299658799911733,0.5524414882173068,0.057588801016663964,0.8340424925227795,0.551686175338018,0.003856428506738826,-0.0007826662580592727
1782548370.9998682,0.18136511074901338,0.5490035342919406,0.05749049583118297,0.8476389340601369,0.5305592563088324,0.0038128909661884884,-0.0007582037284070587
1782548371.9998646,0.17960588389642257,0.5455248829826465,0.05746671820177146,0.8607435313131282,0.5090244953426248,0.0037914039457624406,-0.0005115661365586966
1782548372.9999623,0.17779543936197892,0.5426411690208426,0.05741285405751766,0.8733039246887989,0.4871571021774412,0.004155601214535208,-0.0009715450399257113
1782548373.999817,0.17567077158723465,0.5390210932135117,0.05735783714624912,0.8852946270235162,0.4650157536372541,0.003678253049037316,-0.0004926327002498497
1782548374.999878,0.17345419934794873,0.5359286062384484,0.057200094075718244,0.8967645224649745,0.4424929436098456,0.0036296427118101067,-0.00046021456417332874
1782548375.9998863,0.17116617926039404,0.5332151838313933,0.05725719753411171,0.9076093999132047,0.41979781011905076,0.0038085473148252473,-0.0006861310318194575
1782548376.9998217,0.16871050356839312,0.5302983895680985,0.05720696049261163,0.9173463319923237,0.39807292877029243,0.0036443660551018033,-0.0006075825273706937
1782548377.99987,0.16612236220299004,0.5276111442540197,0.057192290766492196,0.9271099193682678,0.3747717363422345,0.0035852117083636404,-0.0006995033930539252
1782548378.9999297,0.16348572173416845,0.5251633326230246,0.057098732126776214,0.9362357079060345,0.35135185318311585,0.003613772979949286,-0.0012309148329774614
1782548379.9998922,0.16047472950584624,0.5224244138630976,0.057052247721759666,0.9447917882901413,0.32765253032656005,0.0033378505956107416,-0.0010746643759276492
1782548380.9998126,0.15748694299182223,0.5203356111396471,0.05714269717419479,0.9527598365061576,0.3036995625250168,0.003339339239707704,-0.002029402945593258
1782548381.9998646,0.15429086168789743,0.517977288087853,0.05705667724301898,0.9600918587679723,0.2796602190965399,0.0031450172199819315,-0.0019731824601810152
1782548382.9999907,0.15096489599187773,0.5159099851955287,0.05707489017545758,0.9668351636901206,0.25537854012688793,0.002853984973766765,-0.001849936411565409
1782548383.9998343,0.14779985429361628,0.5141425213830998,0.05706643242341798,0.9726419082777228,0.2322883149169864,0.0025498576281477014,-0.0018317316869291356
1782548384.9998655,0.14439510536912195,0.5124382880319841,0.057011611900582626,0.9781895583090733,0.2076884713136691,0.0026103111365698263,-0.0019680381758949354
1782548385.9999123,0.1409386601745353,0.5109382733202357,0.056851602843587465,0.9831191902844482,0.182935857735237,0.0026455336470273313,-0.002032437169153312
1782548386.9998083,0.1372999068529921,0.5096867249820249,0.05682166056489296,0.9874126190037688,0.15812865520137645,0.0026531245336775654,-0.002146896954061122
1782548387.9998586,0.133722241205029,0.5085539677989216,0.056716307351328,0.991081249105049,0.1332212701703522,0.002358429370824944,-0.0021186451984050213
1782548388.999828,0.13002538484728843,0.5075638363975568,0.056796306005691785,0.9941224774958296,0.10822139292117265,0.0021903440768027533,-0.0019576119585550194
1782548389.9998624,0.12632363322475915,0.5068137215770376,0.05672050551584981,0.9965357522329823,0.08311510914015943,0.0018634526323885567,-0.002213752097768047
1782548390.999853,0.12283666455130701,0.5062473948007281,0.05658749276127942,0.9982327305970912,0.059362613011689096,0.0018452269137605695,-0.0020225920835491525
1782548391.9998276,0.1190380068937904,0.5058054747398495,0.056526042052070916,0.9994122549054336,0.03418060607152317,0.001577933186372145,-0.0020835163256575397
1782548392.9998562,0.11520690171226083,0.5055609200510232,0.056526620691570315,0.9999558881339776,0.009031618425286991,0.0015019025298259098,-0.002096650566741604
1782548394.0000396,0.1114369741781509,0.5055708198633966,0.05652213321626337,0.9998666451207436,-0.01614245086345756,0.0013611513645335439,-0.002064103212680237
1782548394.999809,0.10766346190499915,0.5058184487410474,0.056442970434628065,0.9991416321770237,-0.04133724048347397,0.0013897805970819294,-0.0023021532826047737
1782548395.9998827,0.10387929196110171,0.5061546306114421,0.05628107739058791,0.9977815545474971,-0.06652126997703528,0.0012030454468627732,-0.0023329652966611655
1782548396.9998317,0.10006623378140503,0.5066484896813743,0.05624024431667389,0.9957859988296004,-0.09167042351236473,0.0012390403953316193,-0.002289708911117982
1782548397.9999151,0.09654313293942274,0.5074217838774857,0.05614524610860143,0.9933235997586906,-0.11533706218483264,0.0007998218985649959,-0.0022245300491465876
1782548398.9998846,0.0928287514046503,0.5082882766999461,0.056136445411088434,0.9900969931840882,-0.14036557961693463,0.000713437359602832,-0.00222242069905541
1782548399.9998457,0.08912820722030415,0.5093710969530711,0.05604184268058454,0.9862500703441419,-0.16524512446140777,0.000522048251010748,-0.002138937477477044
1782548400.9998205,0.08557117329509456,0.5107175970133244,0.05598146589967583,0.9817854274840406,-0.18997769652175053,0.000412936765151647,-0.002382999684681241
1782548401.9998274,0.08205974249411385,0.5122105261198944,0.05608421893485449,0.9766800616197204,-0.21468754250243302,0.00012922821114531684,-0.0023020922732618597
1782548402.999813,0.07864170449204866,0.5137294832129539,0.05615704684443855,0.9709652306152639,-0.23920981192890511,0.00016893309787466024,-0.002271183566734885
1782548403.9998639,0.07524207154368814,0.5155357766396585,0.05609959084979246,0.964649664364181,-0.2635258293711846,1.0754016269177351e-05,-0.002272043277203464
1782548404.9998507,0.07211837211295502,0.517356480684,0.056062613628440325,0.9581067588444674,-0.2864023957896203,-0.0002071015653976728,-0.0022502114249277555
1782548405.9998338,0.06895655276614196,0.51954751177463,0.05588748907157706,0.9505689625303472,-0.3105051538821074,-0.0002354536930779065,-0.0022674761711368413
1782548406.9998388,0.06590659602144841,0.5217587508902299,0.055791932067068804,0.9424659641652532,-0.3342934117996603,-0.00040850148807399693,-0.002377886443224677
1782548407.9998667,0.06302266971897075,0.5241355888955501,0.05576423980345066,0.9337215877066604,-0.35799245905908944,-0.0008576977999301541,-0.0021587639666402784
1782548408.9998462,0.060226103755626925,0.5267413007200377,0.05584290367254683,0.924422538918778,-0.38136353171237036,-0.0008620712979586955,-0.0020206563056299337
1782548409.9998367,0.057571784977279244,0.5294499857576852,0.05580475319773937,0.914501688301483,-0.404575417220495,-0.0009951183825179118,-0.0020984789739978333
1782548410.9998798,0.055064347255036644,0.5322636571854447,0.055754441027487806,0.904048091791416,-0.4274228892290616,-0.0011997254927337863,-0.0022982928714628584
1782548411.9998348,0.052767694057580944,0.5350523422717962,0.05551594710178369,0.8936123418291766,-0.4488323071239242,-0.0012886077118090672,-0.0022095480432279173
1782548413.000136,0.05048670532819427,0.5380747120728312,0.05555092237653661,0.8820228640174668,-0.47119959225178654,-0.0013401658261892652,-0.002194440186915868
1782548413.9998524,0.048356440957190855,0.5413100590288303,0.05564996074004616,0.8698926519970527,-0.4932339628376654,-0.0013682517516157512,-0.0022715175833436956
1782548414.9998791,0.04642185937687773,0.544529166206702,0.05555898923197686,0.8571986789357362,-0.5149790326558485,-0.001612151505219921,-0.0021027893854072737
1782548415.9999762,0.04470784632436578,0.5479637562154935,0.05542394060184033,0.8439169531746399,-0.5364672586315002,-0.0017951673051519116,-0.0019580437130861123
1782548416.9998133,0.04309804549917495,0.5513810172612514,0.055461601984744605,0.830173673459094,-0.5574973926045087,-0.001981365702529572,-0.002098410007824129
1782548417.9998279,0.04166806043808036,0.5549876999183874,0.0555706365792958,0.8158677942553934,-0.5782311403630659,-0.001991155642205854,-0.002127418735515333
1782548418.999818,0.040442233520942894,0.5583645849711103,0.05546945747290322,0.8018983520402231,-0.5974550926966566,-0.0018540935902769048,-0.00173422690627917
1782548419.9999623,0.03940098005804693,0.5620544620276353,0.055292486518640785,0.786609248361458,-0.61744482904431,-0.001978499960494805,-0.0019644379784804684
1782548420.999821,0.03854251988873092,0.5657991839873686,0.05535310451909564,0.7708038834154088,-0.6370654423639627,-0.0025839185745652987,-0.0015227679184750794
1782548421.999817,0.03782424270610962,0.5695620550288533,0.05538207934967404,0.7544787063569336,-0.6563168418088697,-0.0028891470768086128,-0.0013181961795213648
1782548422.9998105,0.03732576481840283,0.573399097421674,0.05540806766934943,0.7377079568485551,-0.6751116361246601,-0.003102681032421436,-0.0012737903384648758
1782548423.9998672,0.037004584722271416,0.5771624873348863,0.05551847467113859,0.7204628102540916,-0.6934839755403849,-0.00340918276036716,-0.0013008391084995685
1782548424.9998243,0.03685320338714487,0.581021003243142,0.055277769638568036,-0.702818878919534,0.7113600660355365,0.0033060134918831614,0.0012450538133867753
1782548426.0001094,0.036891858355827534,0.5846721912818709,0.05515114434646906,-0.6856915266743079,0.7278838698286156,0.003298470059051196,0.0011499502795795698
1782548426.9998083,0.03716322131187333,0.5884584130170277,0.055223225230902416,-0.6671114088771354,0.7449489294638494,0.003535555160075819,0.0009800440491888266
1782548427.9999063,0.03759531866974147,0.5922787282635147,0.05524150796922542,-0.6481427622404695,0.7615089560673016,0.0037207337755307364,0.0011071245433417203
1782548428.9998157,0.03822115218557931,0.5959122352928616,0.05528494255531299,-0.6287170769093189,0.7776250811307782,0.0036582343720166065,0.0008292889915864287
1782548429.9998243,0.038984299600641314,0.5996697888603831,0.05535992314501992,-0.6089859614315398,0.793170890698588,0.003888721178962768,0.0009564388657488434
1782548430.9998233,0.04000277315573453,0.6033493373616879,0.05538880873298849,-0.5888273971376872,0.8082503111434911,0.00361579131194932,0.0008105366707938205
1782548431.999859,0.04114090294606987,0.6069893075092957,0.055402201019375305,-0.5682538250093095,0.8228446736658622,0.0037080471190069626,0.0006955347388562939
1782548432.999816,0.04242861934366443,0.610477847110368,0.05524952719876281,-0.5485276172787629,0.8361223418689073,0.004075349337214266,0.0005234863099073416
1782548434.000081,0.04394421693425804,0.6139008012987164,0.05536446535587344,-0.5273757198811961,0.8496221914434332,0.004110198216915083,0.00029691289286620884
1782548434.999865,0.04576238737441585,0.6173609292032238,0.055271373309650845,-0.5057627882097955,0.8626644669343313,0.0037160226458130964,0.0004590499488660332
1782548435.999868,0.04764817566032192,0.6206660152075308,0.05539728290812511,-0.4838920186141708,0.8751177511847749,0.00416102197234451,0.00034896841003364626
1782548436.9998174,0.049791572096492376,0.6240028422300716,0.05559339033262988,-0.461663293984152,0.8870473975007598,0.0037210875434924412,0.0002666126879503015
1782548437.9998188,0.05195771690247791,0.6270564892775685,0.05557114253616677,-0.43921220798399624,0.8983747084914288,0.003938625297009735,-8.204592104721356e-05
1782548438.9998577,0.05436581284343617,0.6300701975432701,0.0554412217620357,-0.41643813188222734,0.9091552938672496,0.0039861335657363425,-0.0002113925066760163
1782548439.9998484,0.05663441005419151,0.6328292879452346,0.05546213132526559,-0.39470655337577804,0.9187974096934541,0.004229492321061847,-0.0004099481909855113
1782548440.9998062,0.05930484001748537,0.6355499347773171,0.05550662061445145,-0.37140006098539763,0.9284631776500274,0.004229126088815216,-0.0004867654276674295
1782548442.0000088,0.062171081249357274,0.6382698944632885,0.05554173851093966,-0.34790459889888964,0.9375193407246942,0.004397495881669203,-0.0007333908291967757
1782548442.9998672,0.06496059077755728,0.640754949303457,0.055614153807550644,-0.32424182487005804,0.9459630433293913,0.004427373022426367,-0.0012482099387852402
1782548443.999827,0.06805196349941,0.6430785619395653,0.055675833823256374,-0.3002887049016954,0.9538362214657552,0.004580695861920884,-0.0014742977358169912
1782548444.9999,0.07118275041347755,0.6452316321234168,0.0557534045754136,-0.27616166725860886,0.9610991279374672,0.004544991667037618,-0.001594636488986933
1782548445.9998133,0.07452078736972051,0.647275341290888,0.05585965884174458,-0.25191496040758393,0.9677369205824496,0.0046090253722624,-0.0016917888641792959
1782548446.9998448,0.07761300252184128,0.6490668473399128,0.055804203988631326,-0.22887735513294252,0.9734411985310253,0.004789414092945263,-0.002109697247524713
1782548447.99984,0.08111325465545688,0.6506940527866458,0.05583076122986973,-0.20421557628731798,0.9789113736311159,0.004740987435900817,-0.0024584579339337414
1782548448.999931,0.08460788040760897,0.652240776836361,0.055930590174367814,-0.17948277905651697,0.9837460079363896,0.004782575344123092,-0.002617415604051556
1782548449.999809,0.08822627539962208,0.6535825489316892,0.05589704129789359,-0.1546960770222508,0.9879473289110016,0.004733552129002692,-0.0026062493712551574
1782548450.9998689,0.09187188879458535,0.6546916443029691,0.05599260340733957,-0.12974959762073293,0.9915312190254049,0.004765537302678125,-0.002858893049681022
1782548451.9998143,0.09566147166730904,0.6556874233990895,0.05614313322879115,-0.10471665322349212,0.9944870906930766,0.0046784613516292015,-0.0028215211983659136
1782548452.9998338,0.09941313225891579,0.6564923962877885,0.056201079938386425,-0.07969500346971399,0.9968037893414884,0.0046761814281876595,-0.0030075411323397853
1782548453.9998078,0.1030551149334552,0.6570306332339504,0.05630557520037373,-0.055860221478954405,0.9984224354710717,0.004668259059616826,-0.0032378019840928656
1782548454.999807,0.10684920068489967,0.6574469156322394,0.05642386508642376,-0.030699713885815053,0.9995126975235772,0.004619677222308981,-0.0032486364575083117
1782548455.999916,0.11065286226908083,0.6576903967304135,0.05638354574377159,-0.005530977164090677,0.9999652751407052,0.005344866957174767,-0.0032076785365797132
1782548456.999861,0.11452760966227815,0.6576523314023933,0.05642463762461665,0.01971317318963645,0.9997892125071336,0.00459046181286558,-0.0034422401871017196
1782548457.9998262,0.11830692265099685,0.6575168169140496,0.056433905497913064,0.04480553147160749,0.9989783786578164,0.004735676167455169,-0.0034980987670993097
1782548458.9998605,0.12214896443957685,0.6570826675519288,0.05653131988841427,0.07001546676514521,0.9975288493500847,0.004576597739760321,-0.0036171647852248994
1782548459.9998133,0.12602984607024154,0.6564710985265096,0.05665155661106146,0.09506103615856742,0.9954547442026415,0.004423908538692456,-0.003698740617356692
1782548460.9998245,0.12957916757857962,0.6558612682658045,0.056707993345004495,0.11877262614516304,0.9929038892586338,0.004602802837027836,-0.003707314351874826
1782548461.9998791,0.13330525769311247,0.6548540301509418,0.05679646914738769,0.14379931318781733,0.989590487833076,0.0043817766161234365,-0.0036364750367776574
1782548462.9998147,0.13699595118324304,0.6537377699818617,0.0568882012540297,0.16867784975500952,0.9856509103180103,0.005153130167170613,-0.0036757639728719105
1782548463.9998012,0.1406547479241717,0.6523362809453173,0.05696668120956257,0.19340719017840388,0.9810997537915578,0.0047167299391405945,-0.0038320172390996408
1782548464.9998572,0.144224850788021,0.6509446651748811,0.05702342971359138,0.2180833634994382,0.9759097758740792,0.005072469300437647,-0.0037451266163334718
1782548465.9998019,0.14771466915698744,0.6491195522845101,0.0570947652719062,0.24260541408470618,0.9701053114834972,0.00474483617585918,-0.003972935685262324
1782548466.9998279,0.15110123775618162,0.6473743818146755,0.057102626196333814,0.26699933697610834,0.9636781870259735,0.004634559263090569,-0.0037718384228918314
1782548467.999826,0.15405712823496656,0.6454955714224665,0.05714905197469959,0.2898072156840343,0.957066105371183,0.004563398825695691,-0.003927222716007916
1782548468.9998596,0.15720338665252143,0.6432865499668851,0.05712425240070888,0.31384270214120263,0.9494559599798119,0.004524220606494377,-0.003958509748120131
1782548469.9998083,0.1603044567865303,0.6409870017557562,0.05727585510107054,0.33769558919374987,0.9412356447036221,0.004715403000469659,-0.0038620141100521722
1782548470.9998362,0.16322747526859152,0.6385230143305682,0.0573013885204824,0.36126720102537085,0.9324423662417233,0.004764900906322018,-0.0038129804855547966
1782548471.9998076,0.1660819257837303,0.635871587466412,0.05726058725463688,0.3846872225198824,0.9230268716486532,0.0046806520134904436,-0.003902120086308063
1782548472.9998353,0.16868011090560991,0.6332024976012851,0.057307363788966934,0.4078007556589809,0.9130499905703106,0.004727023953539252,-0.003989191404623851
1782548473.9998045,0.17130378112306738,0.6303534046860942,0.05728055888066677,0.43065933570583786,0.9024919343541795,0.004804678822842509,-0.004214268200681083
1782548474.9998708,0.1735198140050805,0.6275371208100251,0.05731541294915726,0.4520146137285935,0.8919881524599966,0.004717911159395292,-0.004203113260961943
1782548475.9998074,0.17581275297305674,0.6242977435811402,0.05727284809728038,0.47437038887811045,0.8803032941266518,0.004620284145380035,-0.004182998901700163
1782548476.9998438,0.17787458660797748,0.621127323731345,0.057335250799479195,0.4964069499398059,0.8680676905475123,0.004522303117296298,-0.004263033366397372
1782548477.9998546,0.1797776690365133,0.6177712816364268,0.05737075220692975,0.5180925004137231,0.8553032706582723,0.004384446224443745,-0.004153654730900737
1782548478.9998968,0.18163834612007287,0.6143729274759798,0.05738178318445151,0.5396024420102875,0.8418977609007575,0.004616324273218366,-0.004006783876132105
1782548479.9998689,0.18320219148792896,0.6108827746916572,0.057497599053588755,0.5605845519286836,0.8280764453791274,0.0043241370611368955,-0.0039575984968811435
1782548480.9999075,0.18444678185368768,0.6072760367636875,0.05746719093710438,0.5812669511316721,0.8136923990290978,0.004157830762222017,-0.0040154361798197275
1782548481.9998438,0.1856741170207907,0.6038655327883388,0.05749222313377886,0.6004808919351524,0.7996175387373824,0.004727782080438912,-0.0034839978379085385
1782548482.999826,0.18669547919822793,0.60022229117305,0.057483520770527374,0.6204678791259703,0.7842114344242127,0.0040899330613790785,-0.003912740573129102
1782548483.9998124,0.1875758296668455,0.5965086112107982,0.057439592293485,0.6400664500400091,0.7682988678869482,0.004212587775695235,-0.0037474312597296122
1782548484.9999115,0.18816926308538473,0.5926727446366827,0.057488559116178325,0.659186427351706,0.7519599235469387,0.003947491346928578,-0.0037342585130191158
1782548485.999812,0.1886409787272945,0.5888775061111347,0.05763287639985076,0.6778879274428091,0.7351479018299109,0.003655946639038211,-0.0034863041383703043
1782548486.9998968,0.1888188969522646,0.5850588491945198,0.057679907768504415,0.6962216072235254,0.7178105618573777,0.0030766283872019607,-0.0037423627368138534
1782548487.9998283,0.18459249424768726,0.5827311495555916,0.057560729199552525,0.7061069439125447,0.708086240045186,0.0040733040174467435,-0.0032044674345550073
1782548488.9998548,0.1756261589329405,0.5822943116894007,0.05735139368571815,0.7060881683473774,0.7080938872599428,0.004513140699655816,-0.004709236241065591
1782548489.9998176,0.16994147399508677,0.582943120529058,0.057290994601044073,0.6987544624169049,0.7153279970160554,0.0044220947554764545,-0.0053388215398133595
1782548490.9998167,0.16946915856844919,0.5852657854429186,0.057320502408035504,0.6806333863078333,0.7326003200682277,0.004430466302604234,-0.003916049974590777
1782548491.9998367,0.16883198485914278,0.5875434538957844,0.05729489561340165,0.6619379084725697,0.7495400208874358,0.004823363677629853,-0.0021673896409395723
1782548492.9998477,0.1681260357073562,0.5900266183780395,0.05731885957062746,0.6429068064660406,0.7659261378608471,0.005052203827731646,-0.0015699610463158781
1782548493.999816,0.1674767830700114,0.5925783533029646,0.05733503363442206,0.6233413107846354,0.7819324181070739,0.005010502318204449,-0.0014827842177238385
1782548494.9998806,0.16671955246287068,0.5952179323134279,0.05729478434686119,0.603475473201619,0.7973615888254307,0.0055268709013691,-0.0011417565005788762
1782548495.999863,0.16591322166041628,0.59762345318447,0.05726710038015152,0.5843546890765203,0.8114783548132415,0.005606446290960196,-0.0010221466944111159
1782548496.9999046,0.164926204265425,0.6002897882364066,0.05733160036848681,0.5636966797458237,0.8259606417708817,0.0058184442367035195,-0.0011032658937076907
1782548497.9998174,0.16375429713243436,0.6028202920115142,0.057308690966711304,0.5426993203802684,0.8399086107135026,0.005338138888244387,-0.0015740334553385094
1782548498.9998484,0.162646829865458,0.6053101553653604,0.05725138071511121,0.521333788547411,0.8533317644688077,0.005889408685238786,-0.0011382146954688045
1782548499.999914,0.16136922968600326,0.6077725653340648,0.0572309864630384,0.49971000294191653,0.8661709078464794,0.006055857541050283,-0.0010945088570170896
1782548500.9997861,0.15994848387940303,0.6101973174811848,0.05723765133435808,0.47769546035519644,0.8785027708209324,0.006211367380986354,-0.0011609182742989064
1782548501.9998527,0.1583579515676517,0.6125663553776721,0.057226672564471615,0.45539607482398214,0.8902683274364772,0.00592125407779689,-0.001288001752246377
1782548502.9998782,0.1567772585999493,0.6146139428666921,0.05713238272886795,0.4340653364302771,0.9008590424427675,0.006221902839119424,-0.0012479117881619114
1782548503.999832,0.15505120784425605,0.6168810835931784,0.05713098538671672,0.4112271314791504,0.9115099611291285,0.0063277086256861995,-0.0013405973864945011
1782548504.9998925,0.15327262240283845,0.6189939910353363,0.05715458898344365,0.38814130154857085,0.9215791806707284,0.0060112139534796525,-0.0014174248678409077
1782548505.9998088,0.15124438899869166,0.6209557751360336,0.05711347541594437,0.3647872258804398,0.9310717700905597,0.005758254670447689,-0.0015752072990815925
1782548506.9998074,0.14928526446577114,0.6228323339989833,0.057036933292972256,0.34127304205612446,0.9399407989729017,0.006508374288260169,-0.001283065105830478
1782548507.9998612,0.14710080395969297,0.624711229419794,0.05706228989629422,0.3174226678590185,0.948260885433496,0.006490966181444759,-0.0014179013283359418
1782548508.9998486,0.14486242493307305,0.6262616063117699,0.056963408644091315,0.2934223008664574,0.9559603749370545,0.00643944969977144,-0.001283897193829899
1782548509.9998455,0.14257951660792037,0.6279325750753191,0.05697090184627464,0.2705794892832817,0.9626746502095205,0.006521415756226405,-0.0013148991255764065
1782548510.9998195,0.14022345022832347,0.6293566362224032,0.0569596350820844,0.2462862553193279,0.9691729505744398,0.006735170091943573,-0.0012287389674495255
1782548511.9999096,0.1378024829058737,0.6307329971125624,0.05689850974336885,0.22170827417295771,0.9750882897991959,0.006805185799518927,-0.0013991804607851592
1782548513.0000875,0.13530870270166628,0.6318339745984509,0.05681402884544724,0.19708473330377516,0.9803655489932026,0.006169880417130469,-0.0017119642153658843
1782548513.9998462,0.13268431770119604,0.63298360604416,0.05673751165956084,0.17227656199438263,0.9850242546125342,0.006739219309012495,-0.001608395325231449
1782548514.9998574,0.1302245874109934,0.633938901636178,0.0567421795634286,0.14745511730304056,0.9890434899057015,0.006886167541575129,-0.0015950400893581043
1782548515.999855,0.12753446222829457,0.6347415359614524,0.056703488020746914,0.12247938211907786,0.9924463428833261,0.006796208520052624,-0.0016938131515717753
1782548516.999857,0.12501626116813447,0.6353805965220386,0.05663754665749904,0.09886723358390839,0.9950759343708825,0.006864949940679457,-0.0014238755886680316
1782548517.9998164,0.12221553631920873,0.6359378240589288,0.05659075117880648,0.07371391542156602,0.9972552589469261,0.0068190229619941025,-0.0013069436734313368
1782548518.9998121,0.11947457588327703,0.6363412123916774,0.05656362755585172,0.0485614637639352,0.9987960468513329,0.0068099073383054215,-0.001366086855889387
1782548519.999808,0.1166238044895922,0.636648761933535,0.056476918528983455,0.0233355625927964,0.9997029602812613,0.006862704010707456,-0.0015316713165929947
1782548520.9998038,0.11393348322425523,0.6367965468052217,0.05651219342593536,-0.0018140120633299284,0.9999741170522629,0.006791686272280884,-0.0015321825479712547
1782548521.999848,0.1111118915820733,0.6367854502561565,0.05644948298969134,-0.0269814333778388,0.9996116656507729,0.006769967861597836,-0.0016394154195125557
1782548522.999888,0.10831115017992932,0.6366612843774637,0.05640296901421325,-0.05220665686251156,0.998612068692693,0.006778999553481342,-0.0015640989719651922
1782548523.9998155,0.10569912462497655,0.6363657490444282,0.05635632584749503,-0.07594788689202879,0.9970875922577105,0.006824516722484213,-0.0012953045440420264
1782548524.9998105,0.10293966739823535,0.6359407798991152,0.056263811710494174,-0.10110464317747223,0.9948510884550106,0.006804044574023877,-0.0016934890822003536
1782548525.9998262,0.10026060259963038,0.6354334616486026,0.05629929390593298,-0.1260590465716819,0.9919993198219498,0.006666812818460625,-0.0014212167572563732
1782548526.999889,0.09749041014923576,0.6346993734963762,0.056241648383614465,-0.15103389604944045,0.988505333216438,0.006650528156239654,-0.0013186819286451043
1782548528.000051,0.09483419020715067,0.6338769456221349,0.056215130299510224,-0.17588099222864148,0.9843883830555257,0.006626894125558828,-0.0012133228114990314
1782548528.9998758,0.09223527040530732,0.6329581242041288,0.056191778174973644,-0.20060000690131055,0.9796497028735038,0.006639278694215077,-0.001420165296879806
1782548529.9998496,0.08973406770627518,0.6318958635843619,0.05612832375680146,-0.22522011175826656,0.9742837514668025,0.006692471672449964,-0.001511194984601482
1782548530.9998133,0.08736738826529866,0.6307472406919907,0.056154655125426875,-0.2483410166372844,0.9686478088319327,0.006753031738286806,-0.0015995196145423066
1782548531.9998045,0.08490449361895802,0.6294072251016325,0.056094582957569,-0.27267732371455755,0.9620817309397555,0.006614919592391608,-0.0014363017150423269
1782548533.0000868,0.0825299149524042,0.6279675283397116,0.05604455415357136,-0.2968156139681871,0.9549106211975256,0.0066367582861250034,-0.001466379315065997
1782548533.9998195,0.08021610257285133,0.6263334366205416,0.05603496158403319,-0.3207610487824434,0.9471371228655068,0.006474137047298743,-0.0013059952258305193
1782548534.9998283,0.07797913620185076,0.6246476189907253,0.05601382798026254,-0.3445296130751568,0.9387525553875764,0.006412161323169973,-0.0013673531890846902
1782548535.9998868,0.0758653566404282,0.6228581477910671,0.0559747499321548,-0.3680368843434217,0.9297872884179469,0.006502698892256961,-0.0014713824469510127
1782548536.9998062,0.07378880166062807,0.6209546488134726,0.05592083206858946,-0.39141728621909877,0.9201879143105104,0.00666063425805824,-0.0015317823048370594
1782548537.9998631,0.07195185808706128,0.6190081989956498,0.055966200623010276,-0.41313491111975115,0.9106450747870164,0.006566873397477447,-0.0014032654796230816
1782548538.9998555,0.0701043538313057,0.617164785665113,0.055969414564614926,-0.43596960408909347,0.8999350154930448,0.006765169919848516,-0.0013056323709108256
1782548539.9998481,0.06841910438498544,0.6147856636651459,0.05579015229887113,-0.4584634709418292,0.8886873350279744,0.006632857229060371,-0.0014392976850940156
1782548540.9998863,0.06678244953058365,0.6125255068698308,0.05578777808628081,-0.4807165403811307,0.876849395829662,0.006636164006731894,-0.001645042379201729
1782548541.99988,0.06524453328746321,0.6102760181743421,0.0557518747799642,-0.5026832552844641,0.8644407130277784,0.006980160582135648,-0.001753817233342298
1782548542.9998424,0.06388121382925899,0.6076187274775584,0.05582347769077497,-0.524278246965093,0.8515189392404606,0.006610780482132559,-0.0020281655324324915
1782548543.9998078,0.06260819497849845,0.6052815495668545,0.05572611460042643,-0.5455541388267354,0.8380462986929558,0.006780662994767924,-0.0017622330741613075
1782548544.999813,0.06155811469813943,0.6027158017461625,0.055810148621547054,-0.5653433222808008,0.8248289533114735,0.006349427227765108,-0.0019520516091846368
1782548545.9999046,0.0604994713800045,0.6004183991360019,0.05585265749833841,-0.5859293796856406,0.8103316532373515,0.006711404192075677,-0.002081066215141039
1782548546.9998167,0.0596519926231438,0.5974196332589834,0.05576569770171537,-0.6061328721328261,0.7953354028111913,0.0062586909880777445,-0.00231670936612478
1782548548.0000126,0.058909371804355404,0.594769003220486,0.05573819295610194,-0.6259869998390216,0.7798045778381222,0.006362937164058767,-0.002146962015260634
1782548548.9998147,0.058295416237514774,0.5923207674784616,0.05576313444011301,-0.6454427061911887,0.763775874672069,0.006827948193730124,-0.001872275881042751
1782548549.9998877,0.057815416322939794,0.5891718969137654,0.05565697548571275,-0.6644509431654818,0.7473040611360542,0.006113548091559683,-0.0020515520452615375
1782548550.999853,0.057472787824462745,0.586376855416088,0.05563983814301601,-0.6830838524598649,0.7303118511473378,0.00604197548541929,-0.00213192743118652
1782548552.0002162,0.05734945678706105,0.5836992755588171,0.05566571040549334,-0.7002333874673896,0.713886744980938,0.005921356310994143,-0.0019636588054048644
1782548552.999822,0.05720537871109643,0.5811298202741446,0.05570293500969709,0.7179812385714482,-0.6960311325721085,-0.006403467986571118,0.0016121871920164387
1782548553.9998107,0.05733631678467982,0.5781897604573324,0.055723363524638136,0.7352048873816966,-0.6778124929615073,-0.006209009758026221,0.002333699466124331
1782548554.9998126,0.057539024081481926,0.5752962918027759,0.055679671280656734,0.7521213328269694,-0.658997548328055,-0.005670850515404846,0.0018903593912180882
1782548555.9999218,0.057899640585555745,0.5725351296053502,0.055782956620340135,0.7684918119279143,-0.6398341121163285,-0.005378564187108798,0.001927438545353434
1782548556.9998748,0.05843839554318769,0.5697661292320981,0.05578966169270742,0.7843443172360623,-0.620300425214367,-0.00527035743674085,0.0018967948913446195
1782548557.9998136,0.05905761628515516,0.5670140031810442,0.055803827470743986,0.7997050497047401,-0.6003661468274077,-0.005268452500704849,0.0021369671496500385
1782548558.9998634,0.05987923340839435,0.5643977354886736,0.055778118079900976,0.8137306566935844,-0.5812175668938165,-0.0049085537866407035,0.002112910500604775
1782548559.9998367,0.06075741189767017,0.5617955494560609,0.05582296954229232,0.8281507617334849,-0.56047734142227,-0.0051786047736249756,0.0021558397602045387
1782548560.999822,0.061832780663275244,0.5591721137327139,0.055838527527964726,0.8420096589538163,-0.5394343951371634,-0.0051073449778539165,0.0020451402782867426
1782548561.9998758,0.062997297085154,0.5565694643712314,0.055839675769414426,0.8552979186473663,-0.5181100085499852,-0.00487750768824818,0.0019233607484752811
1782548562.9998121,0.06426505767627863,0.5541092565931176,0.055852957030333175,0.8681017947082613,-0.4963614871299605,-0.004611306111267852,0.0018121739370456022
1782548563.9998188,0.06572558922043314,0.5516672505056597,0.05595564776369376,0.8804021642387566,-0.47420461320196583,-0.004334064987729024,0.001797192913879445
1782548564.9998877,0.06727055082087219,0.5493175870380625,0.055996779814001765,0.8920516759309852,-0.45190884849098917,-0.0043509274729386345,0.0018081909174263004
1782548565.9998875,0.06879149230535242,0.5471754063602418,0.05604046033724503,0.9025756701642922,-0.43050486207635347,-0.004315956014307938,0.002023828001903444
1782548566.9998147,0.0705836187605535,0.5449245375267497,0.056017256246067335,0.9131257601562726,-0.4076488073285071,-0.0043653859650633784,0.002177022749304719
1782548567.9999275,0.07246215789473465,0.5428002883515821,0.05601358035036076,0.923114197444831,-0.38450378316121997,-0.0038555142873913056,0.0014677261580562056
1782548568.999878,0.07453865297235021,0.5408527930489181,0.056073173300894105,0.9324814069490498,-0.36119828821833155,-0.003597875778169978,0.0011302974620318678
1782548570.000288,0.07660208230797838,0.5389226045343856,0.05610567270274287,0.9412835145877347,-0.33759504889024095,-0.0036573584431775132,0.0012457364792374287
1782548570.9998147,0.07879453322533381,0.5371328086202467,0.056054046281414,0.9494836430780177,-0.3137949246427673,-0.0034512619730035707,0.001282804166313577
1782548571.999842,0.08107212414071768,0.5354215835553686,0.05607740126430595,0.9570910722778805,-0.2897634847102975,-0.003501573686642374,0.0012414814695828262
1782548572.9998655,0.08329693089022044,0.533973567605165,0.0561196357894858,0.9637076800556802,-0.26693815992310505,-0.0032144400501033835,0.0010924988466633142
1782548573.9998841,0.08568927329190776,0.5324790416741472,0.056168753847252104,0.9701438500954491,-0.242507366310376,-0.0031708804193902864,0.0010163289575813635
1782548574.999821,0.08814829594110984,0.5311228599352632,0.05615266702964765,0.9759347774371939,-0.21803905709825647,-0.003070798352712194,0.0009219358953316028
1782548575.9998612,0.09069934346934366,0.5299125054450011,0.05622027238831659,0.9811190724316051,-0.1933831282212888,-0.0027873069884212505,0.0007499000251438002
1782548576.9999814,0.09329518596274688,0.5288317433151627,0.056243605473806864,0.9856805112522563,-0.16860351275803262,-0.002512858202110771,0.0006861244776226094
1782548577.999946,0.09587335655062229,0.5278441395765576,0.0562856305079331,0.9896098238154024,-0.1437554722620336,-0.002357223495220504,0.001097406106008445
1782548578.9999225,0.09853701944220614,0.5270089819581287,0.05628364905451892,0.9929271585319814,-0.11870424571934123,-0.002066499657630912,0.0008303475012896267
1782548579.9998188,0.10123366805430054,0.5263783907865116,0.05630244020908294,0.9954612651991023,-0.09514848919542784,-0.0018619532178778396,0.00040941695689735916
1782548580.9998722,0.1039130602591736,0.5258186982631529,0.05637304619954847,0.9975479182613046,-0.06996181195739083,-0.0017316853922806224,0.0007049155115183928
1782548581.999838,0.10669763888894557,0.5255199694114996,0.056340800216056725,0.9989951676121656,-0.04479664022870089,-0.0011907550222766657,0.0007058429276857089
1782548582.9998486,0.10933427251597597,0.5252535858611513,0.056471638752259884,0.9998078032968112,-0.01955740541416368,-0.0007973199264753785,0.001108440889592405
1782548583.9999056,0.11207561214921771,0.5252667360376038,0.056496665005409584,0.9999829215954973,0.0056938053372096445,-0.0001262732818814769,0.0013119272745643513
1782548584.9998598,0.11492176651476232,0.5252784574448118,0.056516177150115865,0.9995241313731685,0.03080162725563874,-0.00013277575921336724,0.0016591961051817927
1782548585.9998388,0.11777471081814503,0.5254979543234617,0.05654712720154571,0.9984312045065001,0.055961847531997455,-0.000332928951654512,0.0018140140071045852
1782548586.9998114,0.12037681617350038,0.5257415257687371,0.05659273372075457,0.9968178785639936,0.07969299750434278,-0.0003365049682900388,0.0017406574500694546
1782548587.9998558,0.12325960940901484,0.5261991295442148,0.05664597713596506,0.9945000387228285,0.1047251190548905,-0.00019496716158751582,0.0015114254985173065
1782548588.999811,0.1259401329832573,0.5267816020883055,0.056680332615674026,0.9915413449585617,0.1297831340673218,-5.299790012714353e-05,0.001447943594447397
1782548589.9998512,0.1286625368956135,0.527411018197036,0.05670273334647377,0.9879549409870831,0.1547355060822075,-7.651397854200707e-05,0.001397097814531214
1782548590.9998572,0.13132795266814723,0.528266277958178,0.05665198228004073,0.9837478088814162,0.1795529146324449,9.285974569045697e-05,0.000995361780539733
1782548591.9998672,0.13400809260026977,0.5292079119763331,0.05668740077627357,0.9789166346770191,0.20425785131572316,0.0005125392649259617,0.000830561259337181
1782548592.9998953,0.1365454626141138,0.5303185852372235,0.05674594331974078,0.9734506461862652,0.22889124696202792,0.0009121279857805385,0.001343326560493731
1782548593.999929,0.13892809127841727,0.5314539712932106,0.056770057060156975,0.9677224365365131,0.2520158157657007,0.001051371053312983,0.00045721624098697504
1782548594.999868,0.14144433700398043,0.5327738407851543,0.056845218033922146,0.9610668326328374,0.27631047804816733,0.0014419912675266025,0.000991763612710256
1782548595.9998145,0.14378372028118314,0.5342472779013832,0.05685139029276047,0.9538045928800946,0.30042421330281815,0.00144190228798995,0.00010761046305320226
1782548597.0037203,0.14610416025014222,0.5358162300356795,0.05693391669048574,0.945929296544712,0.32436855496451433,0.001675199822759265,1.393603150369775e-05
1782548597.9998214,0.1483227281287992,0.5375386461159646,0.05690655782064573,0.9374758346134979,0.34804515190465973,0.0018713208282967405,-0.00036042994540490866
1782548598.9998503,0.15053082559257316,0.5392982478741729,0.05687185086151528,0.9283989322939572,0.371579073801153,0.002093178143810317,-0.00018175196264635005
1782548599.9999032,0.15254955341589443,0.5413096012040698,0.056823262798380375,0.9187434549373648,0.3948472618885881,0.0023331157208527076,-0.0008126252963286122
1782548600.9998076,0.15437675082479826,0.5431532782981061,0.05696010633604193,0.9090632484097592,0.41665108844273396,0.0023856478677853144,-0.0004354014612497219
1782548601.9998176,0.1562647776920324,0.5452785831184713,0.05703203970851209,0.8982899601215935,0.4393938108295323,0.002703479533320238,-0.0009579915762208938
1782548602.999978,0.15791178366358374,0.5475159120743585,0.05698839468377341,0.8869230523582514,0.4619085552088816,0.002600570386958309,-0.0011058273050745138
1782548603.9998548,0.1596074066892707,0.5497438831882855,0.0569495087811368,0.8750019510045618,0.4841092837063758,0.0028922483357731897,-0.001192504538563824
1782548604.9998922,0.16105419719983563,0.5520948151460334,0.057112309192870504,0.862552591939094,0.505957420017653,0.0029317768585935236,-0.0012328636107772266
1782548605.9998896,0.162503501846571,0.5545460246613606,0.057091883745139946,0.8495157024665528,0.5275526918229267,0.0031632851028772775,-0.0011055498637462526
1782548606.9998343,0.16370026415164016,0.5570274634149481,0.05704455015825606,0.8359403343303443,0.5488086293225675,0.003290778766122893,-0.001420068966373192
1782548607.9998186,0.16492506004351995,0.5594156465234937,0.057330257170525464,0.8226535097452432,0.568526262977726,0.003954483384854626,-0.0018582974932898034
1782548608.9999492,0.16579908315454187,0.5620525148442879,0.057123955423574097,0.808047299897264,0.5891054328729,0.0034315130456225346,-0.0016046203887550771
1782548609.999808,0.16678669478892322,0.5647368183065896,0.05713655371530295,0.7929916256564716,0.6092190767056217,0.00362386115063773,-0.0018071654647924711
1782548610.9998455,0.16754736604858442,0.5674502003552915,0.057359200380069225,0.777372707494744,0.6290241858452458,0.00395202717802227,-0.0021514518821448276
1782548611.9998167,0.16829429388870065,0.5701437688070643,0.05721428200720027,0.7612954149406028,0.6483867016203239,0.004348558195801354,-0.002250865155956343
1782548612.9998102,0.16871654455513246,0.5729611451912753,0.057055604818635634,0.7447497530059254,0.6673252807616252,0.004413625160634865,-0.0023010795233465707
1782548613.99994,0.16909338738241672,0.5755613434698266,0.05711287668875764,0.7276568020998794,0.6859245979445163,0.004306124209612814,-0.0021169758435007338
