timestamp_sec,position_x,position_y,position_z,orientation_x,orientation_y,orientation_z,orientation_w
1782545533.6723056,0.2884420651909273,0.5812874107608041,0.058475745157146805,0.7063411177119425,0.7078591849431932,0.00392252337882248,-0.0014877941203113435
1782545534.703082,0.2882053085324725,0.5885146876067372,0.05818141321980343,0.6908047782936051,0.7230277246376017,0.0042728958187815014,-0.0011874567013527124
1782545535.703067,0.2875351453693738,0.5969349330948805,0.058098957981023866,0.672336266750733,0.7402271263512138,0.00515100889272856,-0.001101332328803849
1782545536.7030861,0.2864372901946725,0.6054330245197251,0.05805831760110462,0.6534342721243711,0.7569616128534471,0.005612049504169144,-0.0011285300014063668
1782545537.7030642,0.28501225011993525,0.6134427762112982,0.058075433566252485,0.6352591881300839,0.7722753895446478,0.005891586871900032,-0.0013325929987438373
1782545538.703154,0.28320187063494573,0.6220294248661448,0.0579868528876694,0.6155589332095769,0.7880691106568183,0.005676193666787464,-0.0014343639414292478
1782545539.7030814,0.280850368480157,0.630400884208725,0.05786621624808615,0.5955408553930673,0.803302786470953,0.0058150290937288825,-0.0013813914490576544
1782545540.7030613,0.27806307959097976,0.6387836734065735,0.05801788004063414,0.5750377778644643,0.8181035647845036,0.006005339670970435,-0.0014308078218402806
1782545541.703075,0.27505904569853723,0.6469978672008674,0.05796475681047243,0.5542687308706432,0.8323125326936935,0.006411770674824359,-0.0009545139438467774
1782545542.7030847,0.27149103137212544,0.6551631942007108,0.057879762479207494,0.5330652422057586,0.8460457193089783,0.006880217306112069,-0.0008666030753597235
1782545543.703083,0.26746764345566376,0.6629950265553304,0.05767010564613122,0.5115810359040154,0.8592142265378456,0.005934728225567615,-0.0007318601197344604
1782545544.703065,0.2633534867777943,0.670221610236828,0.0575725065484959,0.49102754136142185,0.8711258209530579,0.005602282431036886,-0.0006100204758994555
1782545545.7031214,0.25852973592610873,0.6775302008984536,0.05746917157391353,0.468919828189783,0.8832189641868535,0.0062001296147483126,-0.00012009965173258197
1782545546.7030487,0.2534722305457289,0.6847175789464355,0.05744380818962917,0.44646728080333115,0.8947764551832841,0.006485495940265227,-2.764280520236944e-05
1782545547.7031178,0.24790109793124637,0.6915636733761674,0.057251708340075216,0.42385005657526187,0.9057099847176833,0.0063675630906056425,8.522985670131962e-05
1782545548.7031481,0.24211938865627297,0.6982617174544177,0.0572581607702451,0.40082931740523065,0.9161234941822777,0.007314747388431247,0.00031013925043012333
1782545549.7030866,0.23599824374355788,0.7047341684718041,0.05710214059873896,0.37758593012185493,0.925949119467938,0.006861628389862135,0.00010764015646244599
1782545550.7030933,0.2295674613947089,0.7108546645254644,0.057117407542554025,0.3542146433715125,0.9351410495283423,0.006572520306381173,-7.671404741240196e-05
1782545551.7030883,0.2233866355305706,0.7162525296482427,0.05688072650872709,0.331827508718099,0.9433116776909325,0.007316994762070826,0.0002116069711956461
1782545552.7030704,0.21635762743693826,0.7217308623559509,0.056814956086005605,0.30794443846045294,0.9513800216483818,0.006801644424178094,0.00012191278850760319
1782545553.7030532,0.20914244411058813,0.726751006696847,0.056707802713686015,0.2839054567224213,0.9588271825981449,0.006930991654854291,0.00029480301467244723
1782545554.703082,0.2016233544680756,0.7314554417225017,0.05666979296424947,0.2596323294281608,0.9656809567171019,0.007155079113168227,0.00038495783431703983
1782545555.7030966,0.19391829243129305,0.7357118589804249,0.0565553671185587,0.23525427919810518,0.9719079050137504,0.0070885722755604005,0.00044769839960378475
1782545556.703068,0.18596183650165166,0.7396476234738114,0.05649799052935216,0.2106742104953973,0.977529660112642,0.0072098804918511745,0.0003978133946901579
1782545557.7030957,0.17779919465090543,0.7431943810411736,0.05650239120057522,0.18592028252323056,0.9825379063804661,0.007253008861435111,0.0005522086820245411
1782545558.7031243,0.17004496877388836,0.7461977939593184,0.05641972000494265,0.16247043009310236,0.9866849108963738,0.007464692975198747,0.0007240949960411413
1782545559.7030985,0.161606807399706,0.74885531235632,0.05613924175194433,0.13761209787472511,0.9904580855668841,0.007421520197471207,0.0007824906763459156
1782545560.7030602,0.1531466700369799,0.7511210150815772,0.05607753766500452,0.11266692513150742,0.9936040264286127,0.007539961784549382,0.0005929776960079305
1782545561.703062,0.1445972223029191,0.752937804126494,0.05599486040486805,0.08758557465010426,0.9961289832409262,0.007425109828941263,0.0008268038689312131
1782545562.703074,0.13576480847634137,0.7543159610925281,0.055769759541045315,0.06250155621395734,0.9980162957230643,0.0075118013754349915,0.0007757461845370201
1782545563.7030573,0.12700461387908424,0.7552647136448705,0.05565589835737232,0.037303185212730176,0.9992755116591618,0.007492739215176917,0.0008848900262196563
1782545564.7031276,0.11823625923271641,0.7557595854153163,0.05554299351001816,0.012124960351854676,0.9998963829162866,0.007718308420780474,0.0007977985426326092
1782545565.703076,0.10991189077344898,0.7557182055049081,0.055354299901498386,-0.011690044244880236,0.9998990479801212,0.008051502990406408,0.0006403230400300526
1782545566.7030735,0.10119828661282787,0.7553191118679005,0.05529448550785006,-0.0369279329410207,0.999287040136631,0.007846996262063817,0.0004047633109860055
1782545567.7031052,0.09244190986543133,0.7545046575298994,0.05519751875957883,-0.06209295047367642,0.9980305985808354,0.008900657769047688,0.00040998674524042426
1782545568.7031074,0.08371617692390326,0.7531669106853474,0.055009501519919665,-0.08725266148772548,0.9961443387321848,0.009126137423079501,0.0003782735276710208
1782545569.7030928,0.07510271322111,0.7514522908013848,0.05493147037570402,-0.11228247839803104,0.9936321728071946,0.009363284057439253,0.00028128083627942615
1782545570.7030985,0.06650234700307828,0.7495187347755383,0.054942016480948916,-0.13730839109353804,0.9904955122373296,0.00800894193902935,0.0009501694750806161
1782545571.7030969,0.057931164043732886,0.7471439799295778,0.05478036694724752,-0.16220602776643328,0.9867309256021755,0.0070245843109308795,0.0013929220250420886
1782545572.7030935,0.05008115245763678,0.7444108256914933,0.054603594579797396,-0.18556102198072422,0.982608611385489,0.006775581852971638,0.0012310333480269177
1782545573.7030642,0.041981788243196094,0.7411221140640778,0.054499296084628626,-0.21028096050431067,0.977612747085539,0.007379350221176638,0.0008829357641677228
1782545574.7031138,0.03404526754612214,0.737272316709062,0.05438474503697939,-0.23481745131157955,0.9720090936126586,0.007653959975881476,0.0007095001898016912
1782545575.7030487,0.02635430521118759,0.7330809536140098,0.054313028653279645,-0.2593088631524736,0.9657622793755524,0.007868251192318257,0.00047312692166375864
1782545576.7030528,0.01884419450512742,0.728594703704973,0.054236588309858294,-0.28357735347690505,0.9589156352846779,0.008030162639775034,0.0004533096025563961
1782545577.7030606,0.011462484916155202,0.723729135015825,0.05416831340202778,-0.30762905652026745,0.9514708916974454,0.008213893894440242,0.00019438109260895827
1782545578.7030566,0.004569414879366185,0.7184183176597211,0.054156987026960715,-0.33148475756493656,0.9434231720013176,0.008399467662417075,0.00015157861191966355
1782545579.7033818,-0.001730007237109532,0.7130614527898265,0.05403067941422514,-0.3537989898137351,0.935281823614032,0.008613054644715564,-2.2664479423873304e-05
1782545580.7031,-0.008271856299589042,0.7071959081137799,0.0538529101138079,-0.3772666882151107,0.9260632339427181,0.008759241620860746,-9.159139960814723e-05
1782545581.703064,-0.014442846887417371,0.7008947389442433,0.05376566697974367,-0.40046100758032743,0.9162729343917708,0.0086508710097528,-0.00023138629011068822
1782545582.7030644,-0.02029643572932377,0.694345596310815,0.053727319620521644,-0.4234159067679118,0.9058932607911339,0.008721358327482753,-0.0005548495630315227
1782545583.7030978,-0.02571640632102562,0.6874936806681279,0.053745449157352285,-0.4460450574543409,0.8949695034968213,0.008555135973568032,-0.0004518624579783955
1782545584.7030997,-0.031013455918015742,0.6803508081295084,0.053602841695250994,-0.46850051163638246,0.8834237574596374,0.00834959221551558,-0.00014022188984446498
1782545585.7030866,-0.03587683480214415,0.6731860691077447,0.053632146391323056,-0.49061489305596784,0.8713363518185718,0.008361084962708128,-0.00028455127781401736
1782545586.7030632,-0.040031446696838724,0.6660374133646765,0.05360412149411599,-0.5111324164094921,0.8594612940847002,0.008345879767888382,-0.0005321245587710207
1782545587.7031033,-0.04402271718643447,0.6582046257892724,0.053531648657189276,-0.5326397849519241,0.8462997249909947,0.008463518873623276,-6.176415375497013e-05
1782545588.7030878,-0.04778444466394993,0.6501194088077451,0.053393077167994976,-0.5538315078524726,0.8325900847605889,0.008009427620141646,-0.0005106245291228124
1782545589.7030852,-0.05110950603132769,0.6420557532496318,0.05345716429021873,-0.5745802970935219,0.8184118868243362,0.007706236054222438,-0.00028217446195059133
1782545590.7060184,-0.054117086384067425,0.6339492091992593,0.053464833146214,-0.5950359725724296,0.803662030775401,0.007715674301748249,2.19332513784378e-06
1782545591.7030516,-0.05645280723825752,0.6253396790355443,0.05347827424593907,-0.6150591190860147,0.7884516293821752,0.006794012811824081,0.0003867087293869704
1782545592.7033846,-0.05849743281044678,0.6167273354167306,0.05335467610411387,-0.6347491567223036,0.7726897883572375,0.006627016829830047,0.00028575638087722816
1782545593.7030578,-0.05999985160210153,0.6085136331857834,0.05320909184525176,-0.652892699566863,0.7574248549849618,0.006217309152185623,0.0002386843309430241
1782545594.703073,-0.061313948006089136,0.5998752615245889,0.053565119452080534,-0.6718137174989043,0.7407060682643352,0.004247221749091431,0.001676461782082303
1782545595.703135,-0.06221410982593162,0.5911933827560769,0.05332266531493863,-0.690261539485883,0.723546115141709,0.0034009109971055093,0.0029086378787069097
1782545596.7030673,-0.06258639685402467,0.5825543724636919,0.05331782790347994,0.7082763125672348,-0.7059186958997039,-0.004373199617069149,-0.0020820568031024254
1782545597.7030873,-0.06226422167242468,0.5733173148118421,0.05317189494879805,0.7258327853027843,-0.6878596127178175,-0.0034164033188815385,-0.0020613489901305736
1782545598.7030523,-0.061924631407644565,0.5646793353886141,0.05357286294825115,0.742856486020851,-0.6694393177625744,-0.00308092676474028,-0.00239768651048365
1782545599.7031074,-0.06131960278485121,0.5569429103797043,0.05362796123418893,0.7595054192961153,-0.6504801313001697,-0.0039234430823953245,-0.0034239506312995355
1782545600.7030635,-0.059611111852724746,0.5474899405911035,0.053594975857810104,0.7747263281862976,-0.6322842296490973,-0.0020772878763469773,-0.003384409417229324
1782545601.7030609,-0.057844199509292454,0.5387894828286997,0.05333793133282855,0.7904248045105806,-0.6125496613658574,-0.0019537167511711334,-0.0027791663930374633
1782545602.7030973,-0.0556487052263652,0.5308928181190635,0.05368711308364564,0.80558021551336,-0.5924745466261966,-0.0017217220232334087,-0.003385800762873845
1782545603.7031133,-0.05274809092413946,0.5220024815835564,0.05351522367013209,0.820283063222622,-0.5719476007855795,-0.0011022995617263264,-0.003228479736296426
1782545604.703071,-0.049609911306103205,0.5137381397953631,0.05355501556905111,0.8344333162027419,-0.5510989675514439,-0.0008611564449927423,-0.0031979969050952178
1782545605.7031147,-0.04612439880302541,0.5058972759045365,0.05356576511718696,0.8480578703912536,-0.5298939089353747,-0.0007969810208058342,-0.0031078226933416624
1782545606.7030606,-0.04196007791861445,0.4978427566683209,0.053620915256399004,0.8610766955775121,-0.508463607876153,-0.0007007060189108609,-0.003345565715022925
1782545607.7030773,-0.03787355099271569,0.4905084105314774,0.05374676904961983,0.8728999475732855,-0.48788803356784866,-0.0002726463691416422,-0.003297558462065374
1782545608.7031484,-0.033186868412045156,0.4830973665159071,0.05381294644938824,0.8849340296733635,-0.4657055412399217,-9.449950316114635e-05,-0.0031785302166295482
1782545609.7030616,-0.02801008725121243,0.4759831415058383,0.05384655578215773,0.896405041750136,-0.44322478410909455,6.143058535830421e-05,-0.0031285943595825666
1782545610.703052,-0.022485281276917013,0.469024212449069,0.05394431925918244,0.9072926834757876,-0.42049033624509063,0.00018666436207476675,-0.0027979978933327806
1782545611.7030506,-0.016658795851468594,0.4624159764084041,0.05412668347920037,0.9176739801560237,-0.39732310610479,0.000441831511005218,-0.0029360321455393456
1782545612.7030497,-0.010440603559221107,0.4558415469200145,0.054287165741903294,0.9273414208460482,-0.3741952610776875,0.001290702497380776,-0.0037589702442399116
1782545613.7030892,-0.003841877283975642,0.44988063454166316,0.05429609323140312,0.9364775355818296,-0.3507137654170836,0.0003391310148999183,-0.0030927475986138268
1782545614.703084,0.0024075058975586983,0.44451354635312057,0.054340566243632926,0.9445728225087311,-0.32829548178645274,0.0004738908374727493,-0.0020087418859513983
1782545615.703071,0.009276208993982099,0.439144099900309,0.05442619065432364,0.9524917065699203,-0.3045577280089253,0.0007668484837525177,-0.0018844545538268958
1782545616.7031043,0.016616990984781005,0.4341198480131103,0.05457480849636924,0.9599024793084117,-0.2803243876798929,0.0011148271571312272,-0.0020554926093697716
1782545617.7030582,0.024056458208266185,0.4294816015449545,0.05463860865227277,0.966668503015139,-0.256018553050678,0.0013631515084265389,-0.0021558270507086095
1782545618.7030551,0.03195026595233966,0.4251764641276935,0.05469959296172998,0.9727908272925981,-0.23166822494250966,0.00176505355779137,-0.002173585357769054
1782545619.7031229,0.03980423149408699,0.4212913063421685,0.05487814819695948,0.9783188321229805,-0.20708323690563732,0.0020920474549014734,-0.00210215214900591
1782545620.703129,0.04798188981120202,0.4177859810330342,0.05497996128339652,0.9832174109842317,-0.18241119662816738,0.002253992174716106,-0.0021442018143937934
1782545621.703102,0.05591533733410578,0.4150210510093421,0.05520935139328771,0.9872751132036012,-0.15893516537468877,0.002729199630008372,-0.0044738714237751815
1782545622.7031,0.06456167512919603,0.4121874727702952,0.055241561294680774,0.9909691976515916,-0.1340244243872233,0.002279879288199667,-0.0035078659987919027
1782545623.703061,0.07309654005692762,0.4098112331420953,0.05530175753434858,0.994030577400899,-0.1090485215042455,0.002498260924627727,-0.002321603352466216
1782545624.7030616,0.08164863161207436,0.4081590027239417,0.05536220117463464,0.9964618869300887,-0.08395239462212017,0.0030943490002376213,-0.0024755478592832433
1782545625.7030509,0.09037577829896237,0.4067347027750493,0.055486019175485,0.9982601925914022,-0.05878214560926174,0.0035937569164070063,-0.0028865474487510968
1782545626.7030714,0.09922672707060368,0.4058525797103004,0.05564557696233812,0.9994218325822029,-0.03366959249273488,0.003749179466932091,-0.00288144976170299
1782545627.703143,0.10810579759516797,0.40541223957921996,0.055601038560659,0.9999524108305531,-0.008553217989585358,0.0039508481778414576,-0.0025316664201799925
1782545628.7030582,0.1163710923626809,0.4054958117380708,0.05571785400344126,0.9998732597807904,0.015382415964041555,0.00345434739792809,-0.0022165600600380733
1782545629.7030563,0.12522754185494978,0.40587171535997196,0.055881018056295056,0.9991726925919565,0.04057376981105691,0.0026417032343547934,-0.000849108874456707
1782545630.7031088,0.1340033740775428,0.4066823856991285,0.056041603635182714,0.9978273683814244,0.06580319788397404,0.002948412627451392,-0.0013375052231993716
1782545631.7031012,0.14280886569552978,0.40800801045821683,0.05618046979839833,0.9958585832095929,0.09083024181860622,0.003225302172839703,-0.0022686658744647593
1782545632.703073,0.1515586258929526,0.4097475053411376,0.05628272422772386,0.9932489451085417,0.11592004150035622,0.0032717208290573697,-0.0028935898364589505
1782545633.7031147,0.1602552837834234,0.4119314224151165,0.05655210211915708,0.9900139566372246,0.1408956181459368,0.003236660985513486,-0.0032116158622881837
1782545634.7031024,0.16878870438299656,0.4146213131763118,0.05657946226767578,0.9861445474615714,0.16580959746506838,0.003182681952358034,-0.003997428657877849
1782545635.7030668,0.17663758307107813,0.4173482548090417,0.05643681115037344,0.9819035793342442,0.1893324197673382,0.003837261164434056,-0.001967521893128211
1782545636.703053,0.184650290466083,0.4207739940293804,0.056570789990676815,0.9768310535087119,0.21396645684216398,0.004034957519985558,-0.0017797093252637198
1782545637.703031,0.19249457697459724,0.42448977771559215,0.0566105373312646,0.9711242592541527,0.23853085391121215,0.004281367368020844,-0.0015410106817872542
1782545638.7030613,0.20015389834129063,0.42878303696593967,0.05674028451772967,0.9647959547648398,0.26295862472236653,0.004408303383111174,-0.0014471402161563254
1782545639.703103,0.20770057313140738,0.43322370914014896,0.05679722252606775,0.9578732123152489,0.28715692595659703,0.004314551126691867,-0.0010925440946660074
1782545640.7030714,0.21505301921071432,0.4382023021289191,0.0568297589165626,0.9503254199442542,0.3112160509504193,0.004877337719316366,-0.0015418869525775907
1782545641.703073,0.2220613442115914,0.4435445777382474,0.056916314257893605,0.9421690240453147,0.33509930190678816,0.004893785832140341,-0.0014278835077770123
1782545642.7030938,0.22847736614700678,0.4488651609276028,0.05704603388409468,0.933906815287353,0.3574786789731603,0.004999770050192279,-0.0014341334956592632
1782545643.703063,0.2350457106551171,0.45490081975189983,0.05687935172503716,0.9245980820839413,0.3809097760686219,0.005093281954282714,-0.0004331062038816907
1782545644.7030902,0.24115606744811666,0.46127659497037143,0.05720242786627831,0.9147197546657042,0.40405728383323436,0.0048716071604480975,-0.0013225918861528255
1782545645.7031116,0.2471010130207761,0.46791050356876673,0.05750468283562216,0.9042228737229256,0.4270293763533815,0.0050022635202782405,-0.0013724894060946817
1782545646.7030632,0.252660647541739,0.47477346485900096,0.05730855656205297,0.893190427522374,0.4496540007940501,0.0045214080035397945,-0.0013025444210801
1782545647.7030766,0.257881073744451,0.48200514526335003,0.05731501695419021,0.8815527350694649,0.47205971887110154,0.0049257380872441345,-0.00036635389785525535
1782545648.7030556,0.262531529461039,0.489458860731235,0.05743128110132814,0.8693523441942177,0.4941694135412317,0.004785444162642133,-0.0004380507962615411
1782545649.7031386,0.2666273629780369,0.4967038988048902,0.05729957011826431,0.8573454854734495,0.5147161624381892,0.005078740481022071,-0.0004439125198917935
1782545650.7030728,0.27055929021386665,0.5045001746572115,0.057492574768435584,0.8440875672793549,0.5361779526010356,0.005391063654809316,-0.0005642177347228361
1782545651.7031257,0.2741650639361922,0.5124508906388886,0.05755123695525455,0.8303181695089789,0.5572648565808094,0.005255098194496888,3.0760282534983585e-05
1782545652.703106,0.27734623520262874,0.5207562013322018,0.057465065067182824,0.8160278007046763,0.5779845999778231,0.0056920875100398,-0.00017551450925719884
1782545653.7030861,0.2801885096450628,0.5292081895755626,0.05732221022821839,0.801169893807522,0.5983992423182914,0.006674868993469202,-0.0007708263479426031
1782545654.703051,0.2824877832351915,0.5375907736726686,0.05776021476058674,0.7859081611156624,0.618317548073054,0.005636315544392029,-6.311742099138728e-05
1782545655.7030847,0.28430881027910193,0.5461730984272476,0.057718293508742774,0.7700682947621625,0.6379318401228098,0.00613445650314151,-0.0003964883756292733
1782545656.703068,0.28571073405534264,0.5543162733423836,0.05740930816000003,0.7546543345940253,0.6560900671849401,0.006471584433802824,-0.0008818246004683053
1782545657.7030668,0.28670357505596306,0.5629525958019793,0.05775388544028826,0.7378398819845325,0.6749394420348328,0.006997115667889087,0.0003138647635565619
1782545658.7030516,0.2873100048520879,0.5718031411512579,0.05765511559552973,0.7206579686915189,0.6932487378117043,0.007633022456197513,-0.00012904292298426497
1782545659.7030716,0.28546902058840473,0.5788729909451598,0.057648017785196834,0.7065809711791229,0.7075843570066309,0.008210277130127938,0.0005479384332880359
1782545660.7030873,0.27616024627260893,0.5792793353700272,0.05773876896073936,0.7064135445904731,0.7077635120806273,0.006984947323865666,-0.0013876228962793184
1782545661.7030742,0.2688313473611566,0.5782195396169849,0.05763106466759896,0.7103770607931202,0.703778737538947,0.007035002981395959,-0.0032293683694049826
1782545662.7030861,0.2682796435958357,0.570780931233059,0.05787118972222957,0.7278612115787052,0.6856884089432954,0.006142476274559203,-0.0034252744718977035
1782545663.7031062,0.2674975156734486,0.5641540005752437,0.057563399407197915,0.7439092910097279,0.668251960369071,0.005749731604023855,-0.002285781874810997
1782545664.7030568,0.2666380957525044,0.5573595120312549,0.05802582027265614,0.7604992177226684,0.6493110083068786,0.005570593028432965,-0.002263366524812152
1782545665.7031064,0.26505067880621946,0.5493386773084603,0.05790903720762404,0.7766362749090603,0.6299310002412027,0.00442005540452398,-0.0018693690693055614
1782545666.703086,0.26326414153101846,0.542259643180665,0.057835495894873634,0.7922599158746756,0.6101620804722583,0.004656779610796674,-0.002185327360824256
1782545667.7030518,0.26107364760284957,0.5344995657209847,0.057756403089761446,0.8074017518574693,0.5899749184528098,0.004976425614474546,-0.0026910745426030323
1782545668.7030423,0.25851351834436515,0.5270953942387987,0.05781928562478959,0.8220158141350148,0.5694459349355669,0.0039506131311573345,-0.002391893223964466
1782545669.70311,0.2557025419725397,0.5199931205265125,0.057545855517713726,0.8360777620477052,0.5485883862484799,0.004198159374928617,-0.0026709062978763935
1782545670.7031078,0.2525801555526016,0.5131814461992047,0.05763109973090602,0.8489167498835365,0.5285044246300945,0.004102484733215008,-0.002567982203953656
1782545671.7030683,0.2492206641541255,0.5069830357780879,0.05753177159996975,0.86196408126855,0.506935944835345,0.0046145223110672625,-0.003546353141086386
1782545672.7030978,0.24507148528053013,0.4993536533662163,0.057601059143982294,0.8744789847483038,0.485045180966718,0.0034296729037820136,-0.002432076954522254
1782545673.7030575,0.24084408420114145,0.4929786665993139,0.057449146586310895,0.8864510024007451,0.4628007507900294,0.0035368906949770785,-0.0027524198646105445
1782545674.7030847,0.23629951007440378,0.4866012636606727,0.05732817973497774,0.8978345788052338,0.4403111373642333,0.00346374047035041,-0.0026784168081196323
1782545675.7030773,0.23122172567234933,0.48051150926021147,0.057399481666316046,0.9086445170580674,0.41753986068578686,0.0027185018416480554,-0.00426803309993634
1782545676.7030587,0.22625085171247322,0.47480535946122626,0.057484400797419594,0.9188434834018469,0.3945740014751289,0.003385843635785877,-0.00515232304296289
1782545677.7030723,0.22103489532881693,0.4691547246120576,0.0572266120434191,0.9280212503632608,0.3724883622246467,0.0038022171320709255,-0.0038107776491465867
1782545678.7030592,0.21509929973679875,0.4639792145319728,0.05717469066124006,0.9371012101190737,0.34900451091746815,0.00254719082821256,-0.005539419781103626
1782545679.7030556,0.2092582390284468,0.4591401833167977,0.0572220408143143,0.9455868988813925,0.3253345902653193,0.0033430994661624532,-0.0034124370657312632
1782545680.7030578,0.20287604851817326,0.4541988991240165,0.057162133192888334,0.9535081343064707,0.30133986766226606,0.002347004072100244,-0.0033186654798177074
1782545681.703121,0.19647190019460908,0.44990203603415324,0.05701086691937636,0.9608011493261949,0.27721349048017424,0.002747622968571472,-0.002506534915780693
1782545682.703083,0.18973353425020892,0.4459194338203302,0.056874911874102346,0.9674779619336911,0.2529306975349188,0.0025918728697000796,-0.002395331325392369
1782545683.7030504,0.1828798507364374,0.4422215754886284,0.05676935091528451,0.9735541385487265,0.22843109713990023,0.0025464277319648403,-0.0022558545862399735
1782545684.7030895,0.17618721492679537,0.43907753354974555,0.05666054046367103,0.978707195574289,0.2052375712072899,0.0022736757984582493,-0.0021436171315763804
1782545685.7030616,0.16901952387157576,0.4360493511693474,0.05656690160027748,0.9835874000764984,0.18040779403844787,0.002100166830710382,-0.00210797538375379
1782545686.703056,0.16169723619021095,0.4333776134199297,0.0564408819998375,0.9878253044670191,0.15554137118024006,0.001941157477536258,-0.0020692060456024815
1782545687.7030928,0.15420793093449944,0.4310946893760472,0.056375758979679655,0.9914324988448565,0.13059551352174176,0.0015044431837329987,-0.0020368438681366598
1782545688.7030807,0.14664358651564108,0.429285480246125,0.05637032746059135,0.9944022133534375,0.10561516674974099,0.0015708547492888228,-0.0026845941156367734
1782545689.7031124,0.13895268070394803,0.42779786900888367,0.05633334243560348,0.9967554034044331,0.08045089062008634,0.0014074653468715871,-0.002083032356470471
1782545690.7031386,0.13123556354017027,0.42671847108406724,0.056140536462786564,0.998461857590054,0.055379757241560156,0.0013416944070611368,-0.0022806318867218847
1782545691.703104,0.12380200327609611,0.4260344528311112,0.05601642863306619,0.9994975098460173,0.031577726196428076,0.0013623224171975226,-0.0023914634652817944
1782545692.703069,0.11603423639030491,0.42566106822858757,0.05590082690057442,0.999975604560907,0.00638211991075388,0.0012928608874223178,-0.002527318582841773
1782545693.7030983,0.10813847578015062,0.4257343004560156,0.05584208266258038,0.9998187339940368,-0.01883300503188461,0.0011535094503057465,-0.0025468592380999797
1782545694.703098,0.10025095378030069,0.42617567120917704,0.055832384846237995,0.9990263560659589,-0.04400105869082611,0.000978368904976136,-0.003047870394917954
1782545695.703086,0.09259378572936669,0.4270072541152139,0.05572876994242484,0.9975993069990714,-0.06918050336499089,0.0009869257670745855,-0.0029506959635436153
1782545696.7030675,0.0848138363634875,0.4282341515094037,0.05556389092517962,0.9955432056729961,-0.09425992516452585,0.0007965160951505451,-0.0028561702370063302
1782545697.7030447,0.07717936627383626,0.42988480935989976,0.05543221447735974,0.9928477235716322,-0.1193546900998731,0.0006764158675551228,-0.002719965324264152
1782545698.7030983,0.07004976322128001,0.4317409253187497,0.05531526108180318,0.9897222766055495,-0.14297628645642085,0.0004714830486821373,-0.0027155856816849563
1782545699.7031128,0.0625592140192375,0.434085777943199,0.055215881129967795,0.9858152486361986,-0.16781353227680562,0.0003273435378399755,-0.002608982050469225
1782545700.7031162,0.055195633831187835,0.43677960703064633,0.05516860459609507,0.9812830855902671,-0.1925545983798534,1.4389658058265725e-05,-0.0024964715411444622
1782545701.703063,0.04804814550572431,0.4399329972243292,0.05510735004279403,0.9761037278213757,-0.21728918182002202,-1.7006049926048894e-05,-0.0026312939770285816
1782545702.7030983,0.04090107404366172,0.4433607644557156,0.05486581760368786,0.9703268792448458,-0.24177786163881765,7.08894206151957e-05,-0.0030344704660427747
1782545703.70306,0.03407871949953856,0.4471344543387246,0.054821238102187975,0.9639429513708273,-0.2660910399323736,-2.5002402578176774e-06,-0.0030894925077926466
1782545704.7030468,0.02743545186006724,0.45127921831681556,0.054665810072169765,0.9569333342780756,-0.29029032035827784,-6.057831721259701e-05,-0.0031811922294806647
1782545705.7030897,0.021282042639707538,0.455408195322349,0.05459817107823149,0.9497595482732938,-0.3129644316653818,-0.000214350578545245,-0.0031652851219007494
1782545706.7030544,0.015052212420525707,0.4602954763917426,0.05461284510972475,0.9415701544313776,-0.3367992449809582,-0.0003370507466769204,-0.003435005258018153
1782545707.7031019,0.009024237903975968,0.465276235273861,0.054378110253001974,0.9327949557998624,-0.36039056527013225,-0.0001868014971015704,-0.0034894131036929754
1782545708.703074,0.0033670843590032085,0.4707006546920003,0.0542293401132137,0.9234139879560971,-0.38378920158606045,-0.00028291568499789707,-0.0035178902294644523
1782545709.7030642,-0.0020699798501237765,0.4763204219863792,0.05424951000493573,0.9134626789772194,-0.4069078542373175,-0.0004094123658930326,-0.0034299646146904996
1782545710.7030883,-0.007263156038025159,0.4822142986871873,0.05427159107262737,0.9029195488805787,-0.4297964927036494,-0.0006461026356688889,-0.0032932750140791615
1782545711.7030606,-0.012104547897252765,0.4884760011989857,0.05415394374735656,0.8918212553062913,-0.4523738160309186,-0.0008539243103632047,-0.0034713062106016697
1782545712.703067,-0.016377468396999773,0.49451920278929823,0.05395013472538358,0.8808115778243203,-0.4734535897800852,-0.0009001554410525285,-0.003442733676031082
1782545713.7030556,-0.020572231502693522,0.5010314736343191,0.053888901070338086,0.8686305872014463,-0.4954483605613321,-0.0009665730857559664,-0.003300110851033447
1782545714.703055,-0.024456331702074313,0.5079153635207901,0.05392213509773293,0.8558816985415074,-0.5171591636474024,-0.0011295186919714176,-0.00341200010963258
1782545715.703045,-0.027979948125428672,0.5149307478483073,0.05388923163980661,0.8425740023636268,-0.5385674450872543,-0.0012800283933566995,-0.003538242563584354
1782545716.7030692,-0.03117685470306905,0.5220454267289433,0.05379807252158412,0.8287471655139007,-0.5596106641752888,-0.001298517618671069,-0.0035148322807188547
1782545717.7030547,-0.034056855699934885,0.5293822394039054,0.05378118227840392,0.8144101627653989,-0.580276063192919,-0.0015193474235984704,-0.0036699936199380925
1782545718.7030756,-0.036440422224714,0.536782984608005,0.05358012516217854,0.7995119374399341,-0.6006372624085466,-0.0013518700461756267,-0.003703153357326427
1782545719.7030892,-0.03852498895641995,0.5441028453086124,0.05359154267774821,0.7850143433266545,-0.6194642576092869,-0.001423940319084532,-0.0038061410856990267
1782545720.7030718,-0.04018859247061013,0.5515623449797866,0.05369793586170311,0.7692054415729882,-0.6389891721157301,-0.0012303206104007027,-0.00378323731130607
1782545721.7030692,-0.04152074607276107,0.5593517342080784,0.05342835766408979,0.7528769677961832,-0.6581504622102092,-0.001137705242990716,-0.003598066326934069
1782545722.7030602,-0.042544299946597974,0.5674204371734276,0.053424258296616255,0.7360704861302029,-0.6768893689680973,-0.001838132726498153,-0.004200344521322878
1782545723.703091,-0.04313799508997018,0.5750141731362985,0.053432452886126545,0.7187913874030455,-0.6952129379120957,-0.001552538852058605,-0.003937255128938301
1782545724.7035413,-0.04326655893474296,0.5827686809476402,0.05355633193653973,-0.7010588514151993,0.7130917981418629,0.001297064980660664,0.003859002156304692
1782545725.7031052,-0.04301605652974433,0.5907486773261542,0.05329830271983039,-0.6828372961346797,0.7305600106562048,0.0013919868351502638,0.003655162121782376
1782545726.7030764,-0.04247653335958712,0.5982126100320433,0.05329866519605183,-0.6653395515329346,0.7465303895210108,0.0016641639151349587,0.0035901596099652423
1782545727.7030597,-0.041506639026473835,0.6058708371085515,0.05347944390177856,-0.6463021073645698,0.7630698894136995,0.0018774158229695032,0.0037954177778384487
1782545728.703055,-0.04012111288610859,0.6135129799603702,0.05329186351185358,-0.6268786045432854,0.779105148232468,0.0018078867064917096,0.003887764033999003
1782545729.7030613,-0.03828501754482766,0.6211666898426782,0.053474520820141175,-0.6070138471326827,0.7946762951792627,0.001903207613427964,0.00448921709448841
1782545730.7030683,-0.03620505288298648,0.6287631438973799,0.053354162888965675,-0.586847579061837,0.8096823931979626,0.002069259359631555,0.004478756544313918
1782545731.7030797,-0.03358144051932688,0.6360675485993503,0.05336994850987434,-0.5662522738835435,0.824218117096542,0.0019056898634896844,0.004384759707420203
1782545732.703098,-0.030664383667645234,0.6433577816176652,0.05373345533003512,-0.5453289048776845,0.8382085706757051,0.001952400865028993,0.004354960569178038
1782545733.7030556,-0.027532031833057413,0.6501764896853787,0.053465662780096526,-0.5252333158889793,0.8509462647150366,0.0018866826497066591,0.0041059562070196835
1782545734.7030861,-0.024016282271854983,0.6570961252617498,0.05348436270844592,-0.5036570087679685,0.8638923873149624,0.0019341726771154066,0.0039773903772017906
1782545735.7030709,-0.02003807277971159,0.6639601623128759,0.053492017459397204,-0.48173668083325694,0.8763042115343235,0.002279003024345407,0.003937681066235899
1782545736.703064,-0.015865980397189172,0.6705015771094996,0.05364656332815519,-0.4595419373468848,0.8881456868949532,0.002132397991155193,0.0037282097809603477
1782545737.7031019,-0.011169857113155712,0.6768497102878475,0.05375021358973388,-0.4369645731048895,0.8994676057273276,0.0020913351913311212,0.003951508006813341
1782545738.7030895,-0.006224636888436497,0.6828549183600869,0.05375086494632701,-0.4141773908017663,0.9101860105503543,0.0020211288260686307,0.003798708377818248
1782545739.7030637,-0.0010568053591095694,0.6887354434529642,0.05370687188874189,-0.3911715182717918,0.9203081610617476,0.0020059985564300853,0.0037024243243184937
1782545740.7030494,0.004147280038621803,0.6939537745864884,0.05368187501091003,-0.3691351689425365,0.9293669908302421,0.0020026220895894235,0.0034946973649000335
1782545741.7031052,0.0100172458535005,0.6993274494293416,0.05387244421084531,-0.3455793886173458,0.9383800217921903,0.0021891606819235162,0.003609492991946286
1782545742.7031648,0.015979284360745694,0.7042939099236556,0.05396374996557764,-0.3218777597131008,0.946772815341945,0.0021859916172697427,0.0033414625857388423
1782545743.703061,0.02229829687696544,0.7089947508558776,0.05401860545188364,-0.2979085758905183,0.9545857365169101,0.0021768041868321136,0.003437087849278405
1782545744.7030501,0.028860980280306814,0.7133740548881539,0.054110467399412394,-0.273726108822139,0.9617990659418155,0.002108011543931707,0.003482870923893622
1782545745.7030406,0.0355671664137544,0.7173385146830544,0.05431218747079945,-0.2494870997241594,0.9683707162060767,0.0019868606536779495,0.003224197652156032
1782545746.703056,0.04256638749901115,0.7211287553799208,0.054441479796384404,-0.22490326660309162,0.9743737517396627,0.0021677162072786,0.0031005803452853384
1782545747.7030554,0.04916057122544343,0.7242882711819315,0.05456539462323125,-0.2017048594539501,0.9794391680487491,0.0021443671966821323,0.0030769228073547826
1782545748.7030654,0.05642288715765975,0.7272763494302296,0.05462149680706217,-0.17694084609362756,0.9842138744290296,0.0022668900522050247,0.0031380845369109807
1782545749.7030942,0.06376460350074953,0.7299355605282566,0.054692794742671594,-0.1520927626942772,0.9883589762273122,0.0020137404003467076,0.0032047615389684623
1782545750.7031405,0.07130597614020551,0.7321710798688279,0.05471762242129259,-0.1270754051752173,0.9918854945188623,0.0017761446493578933,0.003442742048258715
1782545751.703098,0.07889880964526697,0.7340396453519329,0.05486502206336526,-0.10203912241542715,0.9947721427127214,0.0017033952998203599,0.003674237864245341
1782545752.7031,0.0865906006612645,0.7355186667323879,0.05493919147483618,-0.0770138527700112,0.9970227125786381,0.0016361661952235779,0.0034496440447075935
1782545753.7030509,0.09436084814685436,0.7365409942432837,0.05515391617133973,-0.05181064729573897,0.9986500018091918,0.0014348689831344505,0.0034310150537372477
1782545754.7030683,0.10167324386092691,0.7372395428014562,0.0551915161585116,-0.028067597655325627,0.9995994714334003,0.0013608552072372976,0.0033548092390629854
1782545755.7031066,0.10956410181234116,0.7375603535665254,0.055334276246532296,-0.0028483067757033576,0.9999899368693291,0.0013802121351145843,0.0031793589053286998
1782545756.7030828,0.11745163563680866,0.7375210507202687,0.055481824738182486,0.022402190539333074,0.999741644263478,0.0021876916780015016,0.0031623708699046373
1782545757.7030675,0.12529895080023934,0.737013798885622,0.05566476209888142,0.04758973797216581,0.9988613552002037,0.0014321220187702237,0.0030263763607107797
1782545758.703098,0.1331292812377577,0.7361573644670476,0.055832236233612095,0.07273780283675065,0.9973454291802029,0.001449361464821926,0.0030341857529386815
1782545759.7030709,0.1408832750530465,0.7348460627863196,0.055924174106481386,0.0978343596065391,0.9951973512950729,0.0014375354416955848,0.0029331804416846794
1782545760.703076,0.14847836161660943,0.7332306733109317,0.056098438754006316,0.1228538049853714,0.9924203218592526,0.0014207934464286211,0.0026131795530595506
1782545761.7031338,0.15568455262330433,0.7312826221414531,0.05609644294390968,0.14647957803526923,0.9892092758725588,0.0013930515922752533,0.002607902137479553
1782545762.7030625,0.16319357397499418,0.7289634981660735,0.05612954900355467,0.17129718294036578,0.9852149883598029,0.001497596296790021,0.0025414628110622555
1782545763.7031434,0.17055107383043405,0.7262563254238903,0.05622840893640789,0.19604571790176406,0.9805904457353982,0.0016015299215152736,0.0024267935111364977
1782545764.7031105,0.17781433275383096,0.7230159637850941,0.0563530393307045,0.22071706858476864,0.9753331755898985,0.0023313380185984436,0.0019331559983251647
1782545765.7031,0.18495201747659773,0.7192211537503153,0.05644615179485444,0.24519898031447926,0.9694672452553647,0.0026489944560205525,0.0019243851190164489
1782545766.703134,0.1917949918031337,0.7152806690344148,0.05678663756149503,0.2695729203872787,0.9629735775811691,0.0031073878070649145,0.0016351193884971804
1782545767.7031193,0.19866654032629782,0.7110400772485854,0.056887300446985326,0.2937351859139429,0.9558763094053426,0.004169800396869766,0.0016536137316619573
1782545768.703106,0.2047231823210805,0.7066099191856989,0.05705553953938265,0.31640293006333253,0.9486197502975743,0.002840309775428548,0.001299166303958771
1782545769.7030656,0.21092629150360348,0.7017846716179328,0.05715307427772124,0.34030373964042443,0.9403113218085628,0.0025837431201062525,0.0011433008638150036
1782545770.7030761,0.21691846664389264,0.6966749888212126,0.05721055924445957,0.36385759559738434,0.93145026555124,0.002515389321437451,0.0013136769680735204
1782545771.7030668,0.2225348264177878,0.6913267323668142,0.05738165379829047,0.38729241830227523,0.9219535169069257,0.0022138323498563143,0.0011808195684487538
1782545772.7030709,0.22792062126817214,0.6854928479475937,0.05750362423538842,0.41026656047040677,0.9119625687855114,0.002244966899867746,0.0007632938700057853
1782545773.7030911,0.23311017526775749,0.6795127886588013,0.05758930682209189,0.4331670515808189,0.901310797946792,0.002203181699918842,0.0005449033809358275
1782545774.703084,0.23795309990780467,0.6733321167883252,0.05757183366001399,0.4557303633886799,0.8901149252160631,0.0022524538451414093,0.000426901510699748
1782545775.7031972,0.24219744987914274,0.6672838571583921,0.05768455141265601,0.4768075441500554,0.8790051015142228,0.0021191657721930934,0.0003263280462685245
1782545776.7030995,0.24639748573623024,0.6606493134986563,0.057662176013220226,0.4987409651510108,0.8667479464280502,0.002332242127411008,8.769067988475885e-05
1782545777.703067,0.2502452833872573,0.6537680484906445,0.057742004267577904,0.5204263041928354,0.8539035689044292,0.0022684443756694657,0.00010524533052119895
1782545778.703095,0.2537382668069742,0.6467817373399114,0.057825006548877775,0.5418129184436196,0.840495772621356,0.0023701183844476365,1.2332127212870116e-05
1782545779.7030969,0.2568301270401772,0.6395148097031619,0.057789625142699794,0.5627862898778934,0.8265987975138761,0.002444258486868575,-0.00021324760095138548
1782545780.7030578,0.2597709847182931,0.6320365878706079,0.05781430766506794,0.5834114870760223,0.8121698759200018,0.0033289315978540053,-0.00021819773181945397
1782545781.7030668,0.2620431793223199,0.6245413596575458,0.05803238865932323,0.6036189264249489,0.7972692857504899,0.0023998284915671105,-0.0003442146235884682
1782545782.703095,0.26388224907569413,0.6172633079193569,0.0581739727184256,0.6224227189165812,0.7826782708788669,0.0020513621770552335,-0.0006893357498998737
1782545783.7031207,0.2654647544618768,0.6094103348976112,0.05828069136839713,0.6419800264326365,0.7667166929523682,0.002194391003635532,-0.0015307050200951925
1782545784.7031212,0.26677344572498063,0.6014098004405921,0.058247497882847984,0.6611144768826032,0.7502791151859293,0.0027132330906517897,-0.0012394104473003292
1782545785.7030523,0.26750639666022213,0.5937263068503607,0.05824450104674609,0.6798268992411739,0.7333679587286456,0.0024965995677025572,-0.0007688750932895832
1782545786.703119,0.2680160665015392,0.5859142269460124,0.05822778740901367,0.6981474418022242,0.7159469180783186,0.0031572599488801337,-0.0004378456149519971
1782545787.7030964,0.26282604375748087,0.5822500430439819,0.05817947810977263,0.706276310113624,0.7079255745254048,0.0038928915787960466,-1.0015754415113216e-05
1782545788.7031095,0.2532016729578166,0.5818338591872401,0.058072460687827884,0.7061942245400776,0.7080038355248609,0.003939807295753744,-0.0021826650673892065
1782545789.7031093,0.24887550979828485,0.5848598369037032,0.058086900836249025,0.6971158758035795,0.7169401058747089,0.004101045155139023,-0.0030857283751348787
1782545790.703058,0.24830371290599162,0.5910657475831199,0.057959864743284226,0.6788815121322578,0.7342311291370527,0.004734234527578483,-0.0014589429686307678
1782545791.7030766,0.24741202571430568,0.5973838263899219,0.05786501645961968,0.6602440863085569,0.7510292403064668,0.0057248778783398286,-0.00022906887243176517
1782545792.7030678,0.24625008816532334,0.6039448632178744,0.057979814631145446,0.641049111155798,0.7674758580845163,0.006068871191277967,0.00011465714359477074
1782545793.7031202,0.24477210957566778,0.610443412694258,0.057934164214338044,0.6214920375609926,0.7833960935060343,0.006175140415122591,0.00027489747919920773
1782545794.7030988,0.24309126283686375,0.616998156914601,0.05787148192992943,0.6015607601830043,0.7988025244579066,0.0062494160337267695,0.00035146402248899093
1782545795.7030754,0.24108527470019797,0.6234327156061985,0.05774711099470562,0.5812811531004815,0.8136790607621532,0.006194914465156419,0.0004797521905865491
1782545796.7030647,0.23882317494726005,0.6295218882825666,0.05768747676334253,0.5617568751226119,0.8272790844055633,0.006194308666434036,0.00040037197243424246
1782545797.7030988,0.23611254965573433,0.6357740609111386,0.057621243712867656,0.5406400813767162,0.8412328427987494,0.005963713989885733,0.00020179484426465673
1782545798.7031806,0.23322282560359084,0.6418972458574665,0.057576315766251676,0.519302694153328,0.85456576172467,0.006455318205321367,0.0006321391441663888
1782545799.7030873,0.22992864917886396,0.6479836039921674,0.05761563011987468,0.49764101015345985,0.8673581860222319,0.006536762917939189,0.0006876657780147358
1782545800.7030494,0.22646525247472013,0.6538386966260578,0.05746023530803422,0.4755899330412215,0.8796420875155959,0.006600399993756815,0.0006694631982022165
1782545801.703106,0.2226628045352029,0.6594506747914629,0.05744112809934886,0.4532945977655007,0.891337623585569,0.006396801619395854,0.0005738871713495087
1782545802.7031152,0.21850720970391393,0.6649170950929109,0.05742686535744122,0.43065780627579314,0.9024929123168159,0.006327660079946001,0.0005981885542450053
1782545803.7030532,0.21450074480833908,0.669971154676557,0.05736146420079709,0.4091024563050665,0.9124634850204386,0.006719700907682402,0.0006437151763913134
1782545804.70305,0.20988648624950443,0.6750195450442197,0.05722110659254363,0.3859928530597342,0.9224783384396711,0.006543290808757752,0.0006464068240458093
1782545805.7030652,0.20497543616870648,0.6799005992926759,0.05721263584720186,0.36257881823416716,0.9319306676384679,0.006440685144752275,0.0005906417701560356
1782545806.70305,0.19986185003782786,0.6842657750499808,0.057124502220687115,0.3390195327774439,0.9407598397265343,0.006034147245084274,0.0005190569272645385
1782545807.7030926,0.1945993640981909,0.6887085510249982,0.057018156272527695,0.3152012330096791,0.9490030460727852,0.006413020462218518,0.0005238533232433834
1782545808.7030652,0.18899227001617036,0.692710217246137,0.056951587522045585,0.2911294149497642,0.9566631341539135,0.00624946851307553,0.0005056136109517546
1782545809.7030993,0.18332218647231013,0.696436487332563,0.05685104690491326,0.2669415052202839,0.9636928255558302,0.006162449387131018,0.0006284747413442726
1782545810.7030532,0.17770407997801807,0.6996548702917158,0.05672866718408541,0.24396974415032713,0.9697637236393781,0.006070717790724101,0.00048024766242927387
1782545811.7031171,0.17170803516451733,0.7027961125751112,0.056617104097364104,0.21948286783116264,0.9756008266179111,0.005486493856810395,0.00044296299636244327
1782545812.7031076,0.1654379595524953,0.7056438854124635,0.05663806157153935,0.19476894147603446,0.9808294601987761,0.006195621379024536,0.0004936782457714614
1782545813.703057,0.159111768529756,0.7081994708982737,0.05658552417309411,0.17000629453499783,0.9854243180767187,0.006042004404221202,0.000517053471988931
1782545814.7030864,0.15261687204891378,0.7104304301184302,0.056421360248496935,0.1450840565678355,0.9894002896182487,0.006116112570814627,0.0005259279112979028
1782545815.7030852,0.1461532406541738,0.7123703146741177,0.056304426147614585,0.12011128605871815,0.9927423435883825,0.0059626879602599075,0.0006037882536354656
1782545816.7031085,0.1393960898083707,0.71368418434568,0.05625936726072792,0.0949909605728739,0.995464507857535,0.0051965581988154385,0.000356073425862626
1782545817.703141,0.13314953006915647,0.7149838663636515,0.05620164006007124,0.07134626195359899,0.9974342884824643,0.005855078064675151,0.0005187731539837095
1782545818.703103,0.12643188808236838,0.7157444608037227,0.0560685032442929,0.04620760129481637,0.998918421163345,0.005150705907685773,0.0005618467426101213
1782545819.703095,0.11956100005068859,0.7163724292984079,0.0560674458362528,0.020942490723809385,0.9997627803400719,0.005958711011368304,0.0005374867955780095
1782545820.7030845,0.11274130074719774,0.7165410936197396,0.0559514749103736,-0.00418288407487799,0.9999776922477003,0.005187806374788823,0.0004529379621420925
1782545821.7030516,0.10597064383857452,0.7163954449176899,0.0558573008917395,-0.02938225198610138,0.999551121643917,0.005829496520148524,0.0005054294552912536
1782545822.7030873,0.0991392949343175,0.7159127231810999,0.05575856844118034,-0.05475614875274076,0.9984828984393399,0.005774271785764554,0.0005687559114705273
1782545823.703065,0.09232661996548863,0.7150632969221096,0.055619712394874864,-0.07987227369947587,0.9967890735026813,0.005630466749409347,0.000510572155609364
1782545824.703079,0.08599006263261955,0.713999155824315,0.055539650453746967,-0.1036114416404872,0.9946006708785655,0.005828664556642172,0.00044868538373414856
1782545825.7030861,0.07937068612112763,0.7125134882622324,0.05540931582575122,-0.1286327059594875,0.9916739667863161,0.0060083017051352165,0.0005204483188484565
1782545826.7030563,0.07280753510167592,0.710651486452335,0.05538531475582571,-0.15359823659230692,0.9881160034735069,0.005837716224605238,0.0005162020525997251
1782545827.7030494,0.06630168018629623,0.7085218388629334,0.05519934189754729,-0.1784480005732078,0.9839302576270822,0.00610659469034111,0.0005183807634694812
1782545828.7030478,0.059943096046663646,0.7059343709747536,0.05507672522342753,-0.2031922738481498,0.9791208029939026,0.005925071452597003,0.0004965090891878555
1782545829.7031078,0.053792075715838605,0.7032654164088314,0.055037822633991575,-0.22778771600741246,0.9736911392594593,0.006171713837865019,0.0004813647747500007
1782545830.70305,0.04774170685056345,0.7000744537665489,0.05496767478703106,-0.25220006139824913,0.9676551960418754,0.006191797286420525,0.0004607062438019717
1782545831.703089,0.042146884367830595,0.6969597087965371,0.05488920951133715,-0.27514421747985196,0.9613817721456641,0.006360720216446692,0.0005375981681077155
1782545832.7030735,0.0364023902503372,0.6931209080007978,0.05478692042878121,-0.29932756799015287,0.9541286527006957,0.0064305943658847075,0.0004106004835710726
1782545833.7030811,0.03089962280697328,0.6892506025862117,0.05474081563856133,-0.3232650975250311,0.946285788601913,0.006533292875389792,0.0004462021875232966
1782545834.7031538,0.025525910652431705,0.6849963106368506,0.05467013304209241,-0.34696070726095224,0.9378569255172602,0.006523142608574569,0.0003216936434019498
1782545835.703111,0.020467072415686682,0.6804389642929618,0.054656487090572504,-0.3704570071165195,0.9288271970486647,0.006450780271676515,0.00017701660564126438
1782545836.7031374,0.01556967557355915,0.6757169236581998,0.05463578599724103,-0.3937864490321312,0.9191795840284396,0.006405927712016206,0.00029825176969205025
1782545837.7030587,0.010953147724847678,0.6707113878851247,0.054496535339296256,-0.41677678090316495,0.9089867495094438,0.006336317015035798,0.00023495305086017042
1782545838.7031066,0.006800836174284952,0.6658145643184472,0.05449841716189642,-0.4383192294100364,0.8987974943844574,0.006267864660414372,0.00017632416653177017
1782545839.703092,0.0027052210896769124,0.6603629735794514,0.05441941222059411,-0.46080674639047564,0.8874798114652035,0.0060512957042985205,0.00032945866215771714
1782545840.7030857,-0.0011870708817249276,0.6547809017677795,0.05438229587186279,-0.4830024304676003,0.8755992124867845,0.005874260295707654,0.00040536513430707943
1782545841.7030866,-0.00472701832647765,0.6489163033230081,0.054348818796025586,-0.5048825120864128,0.863170676616533,0.005462402022104552,0.00044066179637739845
1782545842.7030542,-0.008022995788828202,0.6429156887800593,0.054298339070070256,-0.5264642986904354,0.8501800742960456,0.005381846896279531,0.00046818622740570044
1782545843.7030642,-0.011024253389856409,0.6368815001095094,0.0543953434775466,-0.5477317567570982,0.8366368883027775,0.005334489630132012,0.000427774724593207
1782545844.7030892,-0.013646379286859245,0.6304944739608875,0.05418363591120645,-0.5685995797893434,0.8225988284028773,0.005045853328804911,0.00047406516422202256
1782545845.703056,-0.01585342213703622,0.624556660885669,0.05422973878168461,-0.5880129886053532,0.8088355380738599,0.005054311591292828,0.0005015122218145223
1782545846.7030888,-0.017878057886536403,0.6181790048200333,0.05424847745178139,-0.6081711351287401,0.7937891815692246,0.005128005738137146,0.0005560368962576538
1782545847.703095,-0.019605957377520855,0.6113932176727193,0.054293448329753774,-0.6279899099601498,0.7782043330542061,0.005081969245101711,0.0009287585763127437
1782545848.7030704,-0.02100825068254114,0.6049912360649903,0.05423511677781635,-0.6474121917360486,0.7621255097309398,0.004613214287077689,0.0009379034185856568
1782545849.7030797,-0.022020107246838505,0.597817716259853,0.05418889344035489,-0.6663382050195715,0.7456387607439059,0.003778345343673278,0.0013996835541420663
1782545850.7031,-0.02257881598578343,0.5910960442026245,0.05411141940096406,-0.6849014553422607,0.7286227402899197,0.00403933903713355,0.001607029123765996
1782545851.703064,-0.023027454469227993,0.5848257791832376,0.054199355912461694,-0.7030444407037855,0.7111303222514376,0.0044530706655884975,0.0015327529857651376
1782545852.7031264,-0.022959365302206047,0.5778307623139494,0.05444020007817221,0.7198129342196226,-0.6941533781577477,-0.00431409667578424,-0.0013475504429970998
1782545853.7031014,-0.02269623057128617,0.5710766609936682,0.054391943585598956,0.7370516949641374,-0.6758257587103769,-0.003608369861221013,-0.0011499917305663825
1782545854.7030551,-0.02204741467582333,0.5642087676176857,0.05430584443672799,0.7538535642126831,-0.6570324509017555,-0.0034723463158406725,-0.0010511883413926594
1782545855.7032373,-0.02099332996534581,0.5575336011646883,0.05440994112808841,0.7701519617968287,-0.6378507695563459,-0.003310827052041522,-0.0011789576349720374
1782545856.703057,-0.019665527176746356,0.5509094246882958,0.05428190932587461,0.7859354671357957,-0.6182990321109079,-0.0032153378679342357,-0.0011874304814418883
1782545857.7030861,-0.01799635601326438,0.5444393442832789,0.05447294224685867,0.8012798650926097,-0.5982813145159113,-0.002994882340371632,-0.0010378718850317854
1782545858.703103,-0.01604844897159735,0.5377631696224826,0.054409552050799115,0.8160757622716527,-0.5779349053130419,-0.003263667869337178,-0.0009715583281194494
1782545859.703217,-0.01383235744938005,0.5317771248713412,0.05444752831582369,0.8295888830399333,-0.5583687158484706,-0.002423034231972715,-0.0008894961475664127
1782545860.7033246,-0.011158744276311916,0.5253959767573154,0.054397192480706895,0.8434203905243184,-0.5372491692679077,-0.0021629667477713883,-0.0008345918748892248
1782545861.7030582,-0.008223186790136672,0.5192983327046673,0.05448385561862612,0.8566958591130878,-0.5158174883613348,-0.0019478514202816782,-0.0008541392962543878
1782545862.7030632,-0.004908466883323942,0.513247788701555,0.054441448409609614,0.8693968715724868,-0.49411085805363886,-0.001648780030677815,-0.0009061886559693992
1782545863.7030554,-0.001435525046613234,0.5074436343694219,0.05457870257780704,0.8815521522167319,-0.47208308934738147,-0.0016682764605325995,-0.0007592943642359374
1782545864.7031407,0.0024835800551133436,0.5017935644090431,0.054601197925803716,0.8931875531342911,-0.4496810639702163,-0.0014010837350956179,-0.0009862033053321384
1782545865.7031257,0.006690650628842526,0.49634290631184735,0.05468197865743476,0.9042107338714251,-0.42708419333663017,-0.001138955964751832,-0.000862167622354522
1782545866.7030764,0.010667986237914845,0.491446215951051,0.05479740209732834,0.9141384441907022,-0.4053996320766175,-0.0012642758456251123,-0.0006669117870907856
1782545867.703132,0.015455144348920674,0.48645105154300855,0.05474049111103517,0.9240324596836493,-0.3823120063338879,-0.0007353061500631213,-0.0010012935673025022
1782545868.7030463,0.020386876665352743,0.4816397664538879,0.05484453477119856,0.9333628108736942,-0.3589325040346606,-0.0004739044757518894,-0.0010470147624216824
1782545869.7030501,0.025467462281062253,0.47711942451712175,0.05493468236309136,0.9421066034919264,-0.33531183040966395,-0.0003076409874169066,-0.0010145941306482968
1782545870.703118,0.0308755221865957,0.4728472203081422,0.055023357566051125,0.9502587708951719,-0.3114598805318118,0.0001131808144042845,-0.0009991726628894376
1782545871.7030904,0.03634122153697206,0.4688709285046623,0.055130625999714855,0.9577953143770094,-0.28744939983929085,7.976830575956635e-05,-0.0009858633245880216
1782545872.7030933,0.04220612995148368,0.4651266904651438,0.05520576717663962,0.964717291940618,-0.2632851917051655,0.0004849063092815645,-0.0011042306851121282
1782545873.7030818,0.04780145142166334,0.4619398798172164,0.05524871000239781,0.9707100254464422,-0.2402504821162408,0.0007153231033165608,-0.0011138462816814268
1782545874.7030928,0.05387471610837724,0.45883521747746736,0.05531547588944694,0.976457226884539,-0.21570651033363614,0.0008763086672230124,-0.0011034254668144665
1782545875.703046,0.06006154363477664,0.4559604971033106,0.055426885708759366,0.981584567076452,-0.19102070727449663,0.001244322636701888,-0.0011308098253951053
1782545876.7030997,0.06650105763238087,0.45348745290013237,0.05552140908368286,0.9860753341227301,-0.1662865526167233,0.0016063782140773109,-0.0012796103411870994
1782545877.703096,0.07292253934232096,0.451283831841796,0.05563160308511525,0.9899605946802995,-0.14132703838538732,0.0017915957574576396,-0.0012163001623433866
1782545878.703069,0.07953473341220496,0.44939961361013975,0.05571139128414554,0.9932079564696655,-0.11632728030221037,0.00210498023864258,-0.0012198856655239278
1782545879.7030966,0.08622574021606969,0.44790335457909736,0.05572876900798368,0.9958172496293877,-0.09133395007904416,0.0022336231391760822,-0.0010610519274382392
1782545880.7031162,0.09252510049579377,0.44681641755498935,0.05583624000570884,0.9977091313959794,-0.06759360387267326,0.0025224954464980152,-0.0011094418897916168
1782545881.7030509,0.09929597314596497,0.4459250398626978,0.05594672922064535,0.9990957147915246,-0.04241198289086079,0.002800179476433481,-0.0010655455775489338
1782545882.703104,0.1061022693470515,0.445423475490714,0.056015200427995,0.9998474124179675,-0.017208077174391434,0.0028497308080418075,-0.0009555079156277991
1782545883.703056,0.11292130953494414,0.4453273940364955,0.05608644377017649,0.9999630364105012,0.007950727904404101,0.0030994184043236675,-0.001051353430508503
1782545884.7031062,0.11970120493488945,0.4454685678814069,0.05613938895532415,0.9994449068950622,0.03314688488364937,0.003197773716499257,-0.0009676503959665922
1782545885.7031054,0.12649205025394325,0.44599796967920724,0.056260242948970036,0.998290396340301,0.05834306405496761,0.0035019452400642023,-0.0003283762147406329
1782545886.7031088,0.13324563453926985,0.44694361291458584,0.056422692049290124,0.9965008087509258,0.08349759214275422,0.0036350320291046955,-0.0010376932400070393
1782545887.7030568,0.13959007058286235,0.4479895516477067,0.05647530983275993,0.9942325152191231,0.10717093559066614,0.003901876780289626,-0.0009335969520697767
1782545888.703047,0.1462564799920015,0.44949509214219807,0.05654268287413429,0.9912146010899111,0.13219566741297606,0.0041358849919114204,-0.0009025290798326616
1782545889.7030373,0.1528193156946677,0.4512970348642739,0.05661613718827349,0.9875656782592644,0.15714864696152045,0.004216337930214664,-0.0007459067908103139
1782545890.7030778,0.15928692918373116,0.4535437474495021,0.05665474465859466,0.983300500741415,0.18192966895762758,0.004551395980418399,-0.0010027907458830137
1782545891.7030528,0.16561096690350638,0.45590849857703264,0.05676696554052051,0.9784022029907634,0.20665703334003815,0.004644821407871347,-0.0006522177584895044
1782545892.7031553,0.1717615492803329,0.4588060623436208,0.05680587093245677,0.9728838254462069,0.2312456687629634,0.004637978200187364,-0.000996002880986272
1782545893.7030935,0.17778482222709385,0.461912571734452,0.05686294925287244,0.9667412093469563,0.255711233597773,0.004684541869469024,-0.0011199239987001715
1782545894.7031116,0.18321554119962102,0.4649985315080405,0.05692749482286673,0.9603778028948436,0.2786695501628931,0.004140691053901632,-0.000782429856151179
1782545895.7031767,0.18913875903259736,0.46885753335519875,0.057043951672998985,0.9530501565945902,0.3027718549428364,0.0048974756649400155,-0.0007858763339551738
1782545896.7030606,0.19468705802184957,0.4728847639646476,0.05703731976816115,0.9451046778672751,0.32673116557267445,0.004740467248033771,-0.0011921774977435187
1782545897.7031107,0.20014176912296552,0.4771301305895246,0.05693290065674979,0.9365587060164876,0.3504714004808576,0.005158196740181134,-0.000990270719753264
1782545898.7031054,0.2051590709666815,0.48184793742466014,0.05689512186355808,0.927431592567389,0.373953245956656,0.00537077559159931,-0.0008750519653919703
1782545899.7031825,0.2100437848615588,0.48657458431326595,0.057170579683234246,0.9177278784764785,0.3971725940832773,0.005405242781254552,-0.000504902661674863
1782545900.703098,0.21465921667517784,0.49169940807511814,0.057307958972098165,0.9074019282038088,0.4202227562547807,0.005874409879062663,-0.0002590872783193051
1782545901.7030528,0.21869136178865642,0.496669709392697,0.05739281160603246,0.8971302404070701,0.4417303381795488,0.005606906378292473,-0.0004501997325151136
1782545902.7030592,0.22290906410578895,0.5020663544444504,0.057155689565704756,0.8857261660800109,0.464175331041148,0.005515034320876535,7.190608738441524e-05
1782545903.7030904,0.22666806213626875,0.5077948956899072,0.05734432750902249,0.8737635270167418,0.4863179485104493,0.005663490670057725,-0.0002769210747385312
1782545904.7030857,0.23019943357265613,0.5135645571921741,0.05743666095033034,0.8611943292931931,0.5082388317871727,0.006120192768217943,0.00040037149908981283
1782545905.7031066,0.23338409489248174,0.5195971582409881,0.05776797606592931,0.8481373388574045,0.5297411773069002,0.006070644489679611,-0.0006976939583758631
1782545906.7030694,0.2363436164756189,0.5259717875120744,0.057707361968502915,0.8345346836223241,0.5509202228650089,0.005840695263816131,-0.002157811064900163
1782545907.7030437,0.23881173260351146,0.532215955991718,0.05763881231615019,0.8203565247358372,0.5717986169294262,0.007480059274377933,-0.002358540690108908
1782545908.7030516,0.24090884690794245,0.5381727797777165,0.057551654023123136,0.8065245739956853,0.591147624296191,0.0076357468608463045,-0.0020720038428838593
1782545909.7030616,0.24284989724457898,0.544671009415057,0.05760818075369295,0.7914117973629792,0.6112320623999762,0.007566182093423057,-0.002342173669812816
1782545910.7030609,0.2444242469052484,0.5511759211310849,0.057606353856167344,0.775745368531204,0.6309929557252109,0.007966779611709445,-0.0018824054205094016
1782545911.7031024,0.2458421766736615,0.5579294505573787,0.05777225365335226,0.759509435722921,0.6504471941315263,0.007974708402479687,-0.0005183822626430553
1782545912.7030427,0.2468601899475685,0.5648999209507337,0.057607051178602584,0.7429488454231155,0.6693220100070901,0.005808322666825937,-0.0011503879027244981
1782545913.7030725,0.2476396154799248,0.5719127538165867,0.057761660422240915,0.7257537501161297,0.6879266088336278,0.006201482029893949,-0.00012911882942272907
1782545914.7031016,0.2477433348554851,0.5786057604213182,0.05760996024681908,0.7082824374610538,0.70590499241676,0.005842105259952704,1.6475871482729657e-05
1782545915.7031367,0.23976436924253733,0.5794810349631635,0.05752850775789775,0.7063992376356591,0.7077813927785351,0.006751912644917622,-0.00016964631433347808
1782545916.7030637,0.23036050643922681,0.5798492273178816,0.05763734535018588,0.7063785556383481,0.7078041135788968,0.005994024718120406,-0.002597037302737439
1782545917.703065,0.22900723031667392,0.5754141427149382,0.05788633589390514,0.7217376421086961,0.6921381578178295,0.005021049883085905,-0.003786226880763232
1782545918.7030454,0.228515191726472,0.570350174688361,0.05779274122130962,0.7388691548254845,0.6738252820541076,0.0049816253551365226,-0.002654189329662856
1782545919.7030668,0.22777168474962584,0.5655807717459358,0.05786736388382907,0.7555966887794077,0.6550100598626115,0.005475066850362637,-0.0023428673366389543
1782545920.7030406,0.2264751498805515,0.5592193694791592,0.05774499996745179,0.771860327751027,0.6357732206983974,0.004651031420878799,-0.0015537675457142411
1782545921.7030432,0.22526467669827707,0.5542519552687462,0.05777564818646887,0.7876903929427598,0.6160405580608886,0.005345283377516124,-0.0030501861129351685
1782545922.7030919,0.22364334501435967,0.5483560944214048,0.057603571983708676,0.8021119966364205,0.5971492311677546,0.005146564088680821,-0.0016289400773824164
1782545923.7030923,0.22193752857333846,0.542867591504777,0.05760763553219292,0.8169336548349087,0.57670519052444,0.005173784152206772,-0.0019387567650337668
1782545924.7031128,0.22007920203687123,0.5378510625861688,0.057908964568659696,0.8312072407331027,0.5559322800800497,0.005153453370222938,-0.0026953360124766937
1782545925.7030792,0.21783195510389966,0.5323069343025102,0.05746799927608523,0.8449403535323424,0.5348341818748187,0.004959845404213865,-0.0018965243210084094
1782545926.7030535,0.2152748500016333,0.5277056223975782,0.057713030232150436,0.8581755850947338,0.5133296713338096,0.0044309174949423834,-0.002771397803897341
1782545927.7030468,0.21221744464389491,0.522020633848977,0.057578370335408996,0.8708451287254478,0.4915407932395477,0.0034773358796704136,-0.002078098114732752
1782545928.703055,0.20921890651740055,0.5170579292442266,0.0574914896292744,0.8829296060897476,0.46948882741609504,0.0035276426045897295,-0.0017627703530779266
1782545929.7031229,0.2060026001408425,0.5125673895902111,0.057553440280392436,0.8938951009167377,0.44825896722661274,0.0034302470143755624,-0.001918401263076439
1782545930.7031004,0.2025502949416359,0.5082810094975336,0.05728895013502844,0.9048730633237667,0.42566007324065774,0.0035453238076419663,-0.0023815958765976922
1782545931.7030964,0.19872275628168326,0.5036762263142267,0.05741636362545884,0.9153416998256776,0.4026603480390289,0.003078734022715747,-0.0021767117734621
1782545932.7030952,0.19472124476293057,0.49926268693333703,0.05717826711391713,0.9251851617280323,0.3794970037164334,0.003227492223785782,-0.002005986657352985
1782545933.7030542,0.1905734883517264,0.4959226771408125,0.057323145316136914,0.9344681306828041,0.3560176714105666,0.0035658306692258348,-0.002831118722712033
1782545934.7030885,0.18595365159779523,0.49151872347872944,0.05711165430415774,0.9431161694338765,0.33244493650524287,0.0027843269511357506,-0.0021219490629705187
1782545935.7030876,0.1814524799907694,0.4880587612911004,0.05709525424015491,0.9512108095721082,0.30851799178421613,0.0029633462649884847,-0.0024213792604142375
1782545936.7030854,0.17696002713043152,0.4849097336671213,0.05705655510569618,0.9582905745511897,0.28576970978444016,0.003003900657171108,-0.00241335387153861
1782545937.7030609,0.17205359536160658,0.4817503436946743,0.05707400922631979,0.965180329139177,0.26156225054868315,0.002659507874551741,-0.002246853035511458
1782545938.7030835,0.1669734066434422,0.47886612601896555,0.057102991541156514,0.971473450477155,0.23712622424347754,0.002409046097662431,-0.0021645532892659376
1782545939.703065,0.1618164568426447,0.4763192211738325,0.057082893039794594,0.9771382003771709,0.21258127836218396,0.0022786813404189624,-0.002223750191078155
1782545940.70308,0.15648323211499823,0.47414110951408267,0.0569789382016363,0.9821805896563038,0.18790536183055565,0.0019993917295259957,-0.002977705565568657
1782545941.7030969,0.1511067320180699,0.4720750572503787,0.05679949716879053,0.9866155250385509,0.1630357796849612,0.0019083591539997566,-0.002344879690069614
1782545942.7030919,0.14557000904948272,0.4703007416264354,0.05665564951821296,0.9904127723982826,0.13810653389563202,0.0016978354397757496,-0.0024985836991828336
1782545943.703041,0.1402357260730731,0.4687617142799986,0.05658491680720998,0.9934207816985332,0.11448937987350362,0.001591474341549045,-0.0021907978172115558
1782545944.7031276,0.13456615598134145,0.4675414433951327,0.05658065526441193,0.9959887166566469,0.08943945837358484,0.0015405199140381778,-0.0021648041204298655
1782545945.7030694,0.12876747086537382,0.4666764503681293,0.05659295865386406,0.9979249434227158,0.06432903028056548,0.0012200612688115797,-0.002468726074728973
1782545946.703056,0.12303465205231173,0.46602491685976544,0.05642277195347156,0.9992313162402147,0.03910383795489502,0.0010534116255224608,-0.0025606299991634772
1782545947.7031362,0.11728636382287505,0.465704269089804,0.056216331535474034,0.9998985693215654,0.013948265215242783,0.001092789605725539,-0.002665103572003504
1782545948.7030396,0.11146606387430882,0.4655417598412731,0.05613873805825996,0.999932546495433,-0.011279016877662917,0.0007802629135310376,-0.002660343439867493
1782545949.7030826,0.10564672055885901,0.4657117737482305,0.056221632457522805,0.9993321706681408,-0.036447956940211905,0.0005311868004160476,-0.0025449839232032515
1782545950.7031019,0.10020582240556375,0.4662232045695525,0.05617377825967852,0.9981816165966166,-0.06020459397871771,0.0003312280558948345,-0.002959297281077849
1782545951.70309,0.09446742156270724,0.4670174109064307,0.05609997804468227,0.996350951058436,-0.08530197782119645,0.00011210535673469833,-0.002888310428481178
1782545952.7030993,0.08877727457012244,0.4681039395927361,0.05600639041367349,0.9938832690598387,-0.11039623378222435,-0.0001452834017308586,-0.0029492274178016782
1782545953.7031107,0.08312539913574193,0.469491765975553,0.05595698148952115,0.9907826898016505,-0.13542223914083631,-0.0001532134239078176,-0.0032334596232714537
1782545954.7031043,0.07755036001508797,0.4711143608321243,0.05590235475630512,0.9870549682240515,-0.1603563511333984,-0.0004227523969191094,-0.0028551069699873973
1782545955.7030978,0.07204709074602775,0.4730765103210803,0.05578533294900975,0.9827015318892593,-0.18517625535036356,-0.000751130180974614,-0.002624781966404999
1782545956.7031276,0.06675823115790197,0.47526175504650514,0.05571375843597319,0.9777198245516553,-0.20989247395166938,-0.000924168317934962,-0.002870534801811081
1782545957.7030673,0.06179117765742592,0.4775732620606681,0.055561308399834496,0.9724522946418797,-0.23308464157610925,-0.0011902409971718743,-0.002582214833893722
1782545958.7034316,0.05664247577580189,0.48025286778821397,0.055416438085871,0.9662637837444623,-0.25753819461255567,-0.001435187212155712,-0.00251371780565285
1782545959.703091,0.05162468144103327,0.4832063249471732,0.0553912585991084,0.9594620540680173,-0.28182303969567296,-0.0014996542588410363,-0.00246822555213675
1782545960.7030704,0.046865876098940995,0.48655083126650467,0.05551903279648715,0.9520747591005355,-0.30584897515046755,-0.0014214876543022993,-0.002834934904827318
1782545961.703125,0.04208968987137404,0.48995445119825076,0.055431067701214275,0.9440950011746382,-0.32965832930223415,-0.0017567799969548823,-0.002632185928480227
1782545962.7030842,0.037563125747827,0.4936158638404501,0.05521037194912695,0.9354707863593733,-0.3533897774900353,-0.0019182398008219614,-0.0025285153322732435
1782545963.7030876,0.03318590084738168,0.4975434229085547,0.05524114880187377,0.9262875979721256,-0.37680331857726596,-0.002066880680522084,-0.0025045870801376643
1782545964.7031205,0.029287300454973797,0.501415215989202,0.05529405768756884,0.9170696199292442,-0.39871388815500347,-0.0021325881932737975,-0.002449420900747974
1782545965.703017,0.025462459283002836,0.5056963560834722,0.0551510618267958,0.9067339115969587,-0.42168811621578567,-0.0018536162535894368,-0.0030512799355648756
1782545966.7031093,0.021779091494055852,0.5102518482511831,0.05493288417240255,0.8958176662733878,-0.444409061019139,-0.0022276367474305353,-0.0025165275897506304
1782545967.7030728,0.01823887322910686,0.5149487601910074,0.055076846379581074,0.8843779153248867,-0.46675960330141236,-0.002328812027337677,-0.002398384051172139
1782545968.7031243,0.014977917290450504,0.5197113353550746,0.0549180104264307,0.8723553830673941,-0.4888595607605898,-0.00252020407531449,-0.0024625307555823364
1782545969.7030814,0.012041182775091253,0.5247507199775091,0.0547469514416397,0.8597304196524002,-0.5107368282557374,-0.002373473315967918,-0.0024216548052488447
1782545970.7030478,0.009266414093739406,0.5299129716082547,0.05474217381576457,0.8465948721659552,-0.5322270017504687,-0.0023168032391635315,-0.0024846433884237813
1782545971.7031736,0.006977146823883451,0.5348680592634731,0.054728462530666364,0.8337114454473334,-0.5521899958541067,-0.0021900083181570157,-0.002576445676942377
1782545972.703072,0.004671764977368431,0.5402815054036177,0.054824767406453104,0.8195212938465863,-0.5730377892237528,-0.0024776518822021303,-0.002530275621693832
1782545973.7031057,0.0027284482324513304,0.5457586131810083,0.05469371105924298,0.8048575030459738,-0.5934575472695418,-0.0024236780282046425,-0.0025816979365517237
1782545974.7031093,0.0010007290644358235,0.5513078685837551,0.0546670764120028,0.7896635162640246,-0.6135288661100984,-0.0025836168337919642,-0.0026807564696822526
1782545975.703116,-0.0004342322521090347,0.5570049679403801,0.0545809293455655,0.7739789969018662,-0.633201032706653,-0.0024265009495730403,-0.0026601930664957854
1782545976.7030783,-0.0015168076785943563,0.562736997451643,0.05475055930885835,0.7577667316010429,-0.6525158690417556,-0.0023159713456132112,-0.0026939569561607144
1782545977.7031488,-0.0023843312577317977,0.5686752667326883,0.05471362118060607,0.741113909306979,-0.6713663878529631,-0.0026815289637973925,-0.003186862941513335
1782545978.7030709,-0.0029237466485454444,0.5740722912671354,0.05452157857768383,0.7248922200556486,-0.6888515978122064,-0.0023544575437614225,-0.0030334838120834474
1782545979.7031088,-0.003191315586561383,0.5798614803526343,0.05472729550071128,0.7073077635846395,-0.7068908592550719,-0.0010574364355432654,-0.00446346308451464
1782545980.703061,-0.003228553019446745,0.5857392861816181,0.05454416294632311,-0.6892681898531465,0.7244878411889243,0.0017982537277353968,0.004847340457363907
1782545981.703071,-0.0027840644393672953,0.5916983169981518,0.05457165791451892,-0.6708554752220461,0.7415759199966282,0.0017354022837015575,0.0038826053972671947
1782545982.7030866,-0.0019601118096368997,0.5974508978113511,0.054453715725443136,-0.6519648672619975,0.7582367263884753,0.003064630061471641,0.003080041285603727
1782545983.7030792,-0.0011211147908370966,0.603243758158212,0.05436387110268834,-0.6327091389522629,0.7743776581855113,0.003011989657679437,0.0030521971940890274
1782545984.7030582,3.4566111126010934e-05,0.6089893953866689,0.05440713118412186,-0.6129547170839804,0.790107021293462,0.0031872044795471202,0.002692848840168412
1782545985.7030528,0.001463812314027868,0.6142692028933239,0.05446286028711621,-0.5939793999983132,0.8044706714203752,0.002608746930287656,0.00293353737804834
1782545986.7030678,0.0032224691962977614,0.6197416619980486,0.05450525689711351,-0.5736036926617437,0.8191219159261656,0.0030190130325424415,0.0029960264633545875
1782545987.7030387,0.005283757646797116,0.6252308084153699,0.05452013703543958,-0.5527464246489691,0.8333405286009664,0.002620387310231233,0.0028437649670642485
1782545988.7030728,0.00755016923471602,0.6308308734611167,0.05455761758060181,-0.5316116254971754,0.8469732587005663,0.001260718511961528,0.00487742465121152
1782545989.703056,0.01013795058596173,0.6362049552080196,0.05470753027531247,-0.5100716553510386,0.8601157788423638,0.0010526481886606633,0.00516191104497519
1782545990.7030563,0.01303116886208211,0.6411237230974198,0.05479346033389956,-0.4882593520177835,0.8726868065921068,0.0008076334900937815,0.004459876163147357
1782545991.7031202,0.01615289375500034,0.6460187594937551,0.05481953356945339,-0.4661677817211949,0.884688349417809,0.0025939543834368035,0.0027193915109222176
1782545992.7031038,0.019384286442246934,0.6504462312822723,0.054837343161873095,-0.44496586605356964,0.8955397643174774,0.003170878604626915,0.001963186763568821
1782545993.7030897,0.022947028853904372,0.6549648721221553,0.054909458500988204,-0.42223825388789976,0.9064763067383848,0.0037186451658528727,0.0013167967822701747
1782545994.7036963,0.026735209808071758,0.6594779326054835,0.054976889120444364,-0.3992264816431519,0.9168403986472408,0.00458280648315461,0.0009474428408760329
1782545995.7031212,0.03080351047317098,0.6636506807803133,0.054881788414537065,-0.3760465017175345,0.9265913582997002,0.004018919320085419,0.0011539314623441386
1782545996.7030609,0.034992480342104226,0.6676317276184465,0.05489049856263275,-0.35260596782356396,0.935763567113354,0.0038691191405889887,0.0007796381054124871
1782545997.703106,0.03943464897430293,0.6715132928041675,0.05503283929918949,-0.328910521674665,0.944349334230475,0.004696923159218148,0.0003776016353040672
1782545998.7030647,0.04400995393681684,0.6750372008102291,0.05515462115534238,-0.30505317457603065,0.9523238523999744,0.004662954612961506,0.00031254669269123334
1782545999.7031248,0.04854511721379057,0.6781788623660945,0.05522657775082583,-0.2822799398048263,0.959323010548064,0.004134953871543768,0.0005469673326634785
1782546000.70305,0.053456403307859224,0.6812935598883267,0.055291155196790606,-0.2580541867783018,0.9661205230361113,0.0043746865567627045,0.0001837720063173269
1782546001.7031019,0.058661502916508956,0.6840823345082871,0.05541014063720508,-0.23362460200268922,0.972317900728855,0.004176743714169058,-8.559430859148232e-06
1782546002.7030766,0.06393677307863954,0.6867192547510038,0.05547939348984572,-0.209019046012856,0.9779024494080434,0.004223476830512317,9.438586958471886e-06
1782546003.7030964,0.06937307090898204,0.689081383618275,0.055563141756098514,-0.18426744552467578,0.9828668625307223,0.004266590394379678,-0.00018779039231920418
1782546004.7031016,0.07482502248529083,0.691030951055345,0.05562535534046875,-0.15959033590740632,0.9871742992131982,0.004202846813736624,-0.0004046437351559936
1782546005.7031248,0.08037636951625704,0.692815542222524,0.055658416422087034,-0.1346192208302173,0.9908883432100875,0.0042142204542653374,-0.00044386866977227745
1782546006.7030702,0.08568288330877105,0.6941873642235696,0.05575468763767212,-0.11103827533896601,0.9938071287293566,0.0041962410287653,-0.0005327829655943533
1782546007.7031057,0.09146902058113565,0.695395541367454,0.05583107717770951,-0.0859320693645656,0.9962915265995078,0.00429294898764081,-0.00066638557553171
1782546008.7030568,0.09719286063357474,0.6963191599286153,0.055868981232384665,-0.060841226093260294,0.9981375408126555,0.004343414669298144,-0.0009641457067581515
1782546009.7031167,0.1030423362537658,0.696914130553123,0.05584820711136,-0.035618578637807825,0.9993547205955449,0.00446961926759057,-0.00121728502226153
1782546010.7030687,0.1089415718573093,0.697203440638732,0.055940257350522035,-0.01046706295577654,0.9999302059452336,0.005182579587024385,-0.0017789604342493956
1782546011.703092,0.11481707997491869,0.6972514136112026,0.05600845400034724,0.014707561793049655,0.9998736012492412,0.0057813957180274,-0.0017448823824680033
1782546012.703069,0.12062877110811249,0.6969668650448636,0.05601262209488515,0.03988919368660339,0.9991861036899862,0.005716111857451683,-0.001818924157310874
1782546013.7030709,0.1261674057227477,0.6964661621385412,0.05611464360261563,0.06365044473493159,0.9979538651727913,0.005709717343686698,-0.0020255862328865354
1782546014.703043,0.13202955976127584,0.6956110840841085,0.056127031891000975,0.08877549218002578,0.9960331073028759,0.005744260293381951,-0.0019911349662467856
1782546015.7030602,0.13780019272354022,0.694456943400366,0.05624095274037129,0.11383693882471875,0.9934801393317738,0.0057952503400168975,-0.0021861349073547744
1782546016.7030761,0.1434195894499845,0.6930644985938887,0.05632255949398761,0.13878238092700296,0.9903022575734571,0.005857821302643813,-0.002564238431377675
1782546017.7031116,0.14905363271909478,0.6914004615522976,0.05638460466952512,0.16374086077267175,0.9864819086729221,0.00588186541000584,-0.002788912646848474
1782546018.70306,0.15453197679548186,0.6893958197139032,0.056450560012360804,0.1884862108570141,0.9820531755036286,0.005940739506758864,-0.0030358547589251854
1782546019.7031143,0.15996716283310553,0.6871936079266263,0.056507577366920345,0.21318038140357265,0.976988344000534,0.006093785408108523,-0.003281227075606068
1782546020.7030833,0.16500465037458922,0.6849053212846646,0.05660538004090383,0.2363843340244242,0.9716331908026473,0.006256424746337862,-0.0034994725158644106
1782546021.7030833,0.17012174508904293,0.6819987744108651,0.056781271348688114,0.26077212144073597,0.9653737869809004,0.0061589101348921635,-0.0036633202704180233
1782546022.7031174,0.17515487250997036,0.6790048999451446,0.056846509772575674,0.28499179605418823,0.9585019652889899,0.006196953434656504,-0.0039059553352332023
1782546023.7030668,0.18000948960455554,0.6757178359374839,0.05689808783334406,0.3090385475641089,0.9510198159456733,0.006291095763512601,-0.004111923177526345
1782546024.7030857,0.1847072776590563,0.6722191419832101,0.056948820278684434,0.33290936238071694,0.9429283477545098,0.006332320310823353,-0.004170031138472408
1782546025.7030606,0.1893149428817969,0.6685518756998482,0.056998961412787694,0.3565694199100795,0.9342345827121918,0.00669520425084545,-0.004378069164092206
1782546026.7031112,0.19351274920168526,0.6645002018305779,0.05714282937840583,0.3800087781402416,0.9249510147092719,0.006223645226731799,-0.004496127749599364
1782546027.7031586,0.19744352803331208,0.6605603932151265,0.05720190063153825,0.4019139444164567,0.9156440695416694,0.00636941091905227,-0.004533188868780882
1782546028.7030625,0.20130203851047823,0.6561658198671634,0.05725629161623118,0.42482127632076666,0.9052435306553379,0.006221381118405696,-0.004725231087754896
1782546029.7034333,0.2050104838599459,0.6515471403761732,0.057434500779794825,0.4475671383637951,0.8942166794610927,0.006143985827901263,-0.004736904956546949
1782546030.7030694,0.20846677537753275,0.6469004790579737,0.05749344320757717,0.4699513181341677,0.8826573185511436,0.006490878027975767,-0.00443678875868977
1782546031.7034264,0.21157950664534173,0.6419980973550614,0.057593772056125224,0.49200982033217666,0.8705534556993942,0.00630912737399401,-0.004817922614667259
1782546032.703061,0.214622102264904,0.636831917165553,0.05759476010350299,0.5139309925969784,0.8577945074458966,0.006350770624657376,-0.004815138254414536
1782546033.7030563,0.21724908194284148,0.6316715610348522,0.057637953148445734,0.5353343677201255,0.8446006736920869,0.0060048058017275075,-0.005546083649745516
1782546034.7030542,0.2196079411343611,0.6265855784345915,0.057670764011366324,0.5553937696193318,0.8315464083672215,0.006360413867917184,-0.005279823390173105
1782546035.703058,0.2217324821407286,0.6211833630297943,0.05768289877966444,0.5761372721607994,0.8173112537589438,0.006395933370336512,-0.005220166895669097
1782546036.7030659,0.2236351778162044,0.6157334519559771,0.05768977034754584,0.5965081286438846,0.8025623535944301,0.006569596132292071,-0.00534429241325396
1782546037.703151,0.2252072118014922,0.6100878015910967,0.0576479475761683,0.6165700766517811,0.7872539099782463,0.006655183618652241,-0.005322624595261973
1782546038.7030993,0.22658136938665027,0.6043737541393622,0.05766831539140792,0.6362595499391146,0.7714255019886969,0.006704678556284084,-0.005614915691219806
1782546039.7031214,0.22749050073985458,0.5985269294067894,0.057795950676415214,0.6555086460876295,0.7551493100950201,0.00603560195560625,-0.0046374428742475765
1782546040.7030654,0.22804503202281368,0.5926008973415084,0.05792255481087839,0.674549634679629,0.7382107389519603,0.004102517167224917,-0.0032961496435176207
1782546041.7030702,0.22839960569622617,0.5869197880723969,0.05793874611471317,0.6917671574462202,0.7220954556125774,0.0048172512161632035,-0.0036258727447566587
1782546042.7030804,0.22678624147708598,0.5821507978074196,0.0576225118617959,0.7060948331586894,0.7080886730186321,0.005994099933779543,-0.0021420773326631466
1782546043.7030654,0.21703699772768584,0.5816625166563396,0.05756781931639465,0.7062472968693538,0.7079306033548382,0.006261348134180239,-0.0031324140735759813
1782546044.7030842,0.20940251444774555,0.582333621878647,0.057523218929866435,0.7022468679841494,0.7118982909861887,0.006052031779720387,-0.003678669424385696
1782546045.7030578,0.20895317639874691,0.5865460072254215,0.05759734978495176,0.6840717175790747,0.7293847071870169,0.005288600597664168,-0.003983068395473132
1782546046.7030616,0.20857836689202325,0.5907642451894057,0.05778858929970715,0.6654088608513001,0.74642617526002,0.007959719150688615,-0.003956723179016574
1782546047.7030478,0.20769270357529862,0.5953507701825447,0.05747960855502164,0.646479006082773,0.7628905452026715,0.007516182759512528,-0.0025333241652615054
1782546048.7030568,0.20678287634292186,0.5996833316672747,0.05752126058420162,0.6281744888340297,0.7780308283413663,0.007828710750939279,-0.0018849447024175646
1782546049.7031207,0.20548140232548248,0.6042272805264637,0.057471734562564804,0.6084050191147942,0.7935862048680745,0.00782803141253768,-0.0017291857094887798
1782546050.7031214,0.20416444685436613,0.6087623866405262,0.05747338655512452,0.588171047032938,0.8086952774545231,0.008068416696429593,-0.0012916295685748429
1782546051.7031403,0.2025816393549302,0.6133326248182394,0.057440912287957974,0.567642425849874,0.8232331860780514,0.008215660681222302,-0.0013040838247060933
1782546052.7031577,0.20078670794303882,0.6178074019677138,0.05742619385573068,0.5467122847245893,0.837277495065282,0.008393864742761463,-0.0012716222341695915
1782546053.7030683,0.19875175562026104,0.6221664699919955,0.05736247249579353,0.5254171488790769,0.8508009940671205,0.00855136618281679,-0.0011671737613230422
1782546054.7031672,0.19654686824698342,0.6264053540986013,0.05738506402441769,0.503815643896405,0.8637722005670492,0.008081220851534607,-0.0014409588324636091
1782546055.7031457,0.19419894532907947,0.6302988473836026,0.05729378746451409,0.4830960240600142,0.875527456775203,0.008271869709595531,-0.0012166107260575428
1782546056.7030637,0.19167055872641464,0.634449236502459,0.05728286216648844,0.4609379065649893,0.8873877693417547,0.00884412122030825,-0.0009872355294528296
1782546057.703123,0.18876457103636327,0.6382469077284405,0.057170429146873966,0.43837737773756036,0.8987488091725421,0.008650507672444394,-0.0010106512192662993
1782546058.703107,0.18581321020474695,0.6421186942901798,0.057211903193054116,0.4155994855258488,0.909501537329475,0.009111683366766822,-0.0009992257979606967
1782546059.703075,0.1826529888296102,0.6456880622415918,0.05716242265824005,0.3925865994774013,0.9196706467606844,0.009006466883810373,-0.0007395619147275303
1782546060.703068,0.17921040324659065,0.6491042350702998,0.05709753721488571,0.3692883646313969,0.9292728575229939,0.008804208899137881,-0.0007388670910168779
1782546061.7030685,0.17568027954782509,0.6523934192903453,0.0570263748777166,0.34572659701901454,0.9382919954903395,0.008972034580582662,-0.0008682786958027376
1782546062.7030997,0.1722220228803145,0.6553390598538034,0.05699869609160334,0.3232397373804726,0.9462738837513698,0.009012227610948503,-0.0007673733060759126
1782546063.703055,0.16838709757144796,0.6582679891611491,0.05683555514877493,0.29933533000435714,0.9541048966987452,0.009043161374505724,-0.0006538646756062132
1782546064.7030718,0.16441433459727428,0.6609934769344925,0.05677678658439066,0.2751925336171184,0.9613445477017842,0.009235028556347571,-0.0006665530786264071
1782546065.7031078,0.1603285639294983,0.6635542545506085,0.0567747166647268,0.250846877727288,0.9679857864606843,0.008875782038065652,-0.000762651804131212
1782546066.7030747,0.15609763791828274,0.6658273163063573,0.05667561155999208,0.22644577932837642,0.9739817507033602,0.009027534893403518,-0.0006016102808949175
1782546067.7032418,0.15181578789333144,0.6678048857140626,0.0566310682737209,0.20179321718870802,0.9793858621344899,0.009089207780141613,-0.0004656711739999029
1782546068.7030642,0.14737529000173177,0.6698141323077333,0.056633382334822874,0.1771155629806307,0.9841474633583882,0.009150321935275057,-0.0003454327505387384
1782546069.7030752,0.14302878373129152,0.6713247810844877,0.056468778054185945,0.15366341221312696,0.9880825311849304,0.008960678638344642,-0.00041659637560298885
1782546070.7031348,0.13854483439265203,0.6728284205826638,0.05644769044598459,0.1286768687696262,0.9916447091435903,0.009104689604401655,-0.00037269072448902364
1782546071.7030632,0.13384203862272598,0.6739805028596747,0.05635937547171797,0.10361359944053332,0.9945752413166239,0.00917400382686305,-0.0003860372272950366
1782546072.7039084,0.12911846986362274,0.6749283899834184,0.05629883779160137,0.07854483433115024,0.9968721716524731,0.008747213192226969,-0.0002620040919011817
1782546073.703056,0.12436238812962647,0.6756881178460923,0.05625572518112336,0.053398296932351944,0.9985320181123625,0.009075738124443627,-0.00024832775447775773
1782546074.7031038,0.1195789822423281,0.6761753344411375,0.056242643781394666,0.0281834145321328,0.9995625170417641,0.008964133889943918,-0.00033760042389847927
1782546075.703103,0.11476173725685063,0.6764537871546487,0.056288912456127146,0.002980313099420818,0.9999573891804713,0.008716783655416407,-0.000596020058135108
1782546076.70311,0.11022686546421906,0.6764634283942121,0.05614043547949772,-0.02074348336162929,0.9997464960716038,0.008744424484371217,-0.00043189236347151213
1782546077.7031024,0.1054840205368936,0.6762040127322507,0.05609294158857851,-0.04598449000079348,0.9989042178111156,0.008699653270305478,-0.0003261157876987137
1782546078.703089,0.10072331445944938,0.675720044507484,0.056036098493799216,-0.07103232019225063,0.9974353027363384,0.00877634616358238,-0.0004495457615439538
1782546079.7032373,0.09590685801292981,0.6749913686966003,0.05603748735477353,-0.09617634161620002,0.9953263290469868,0.008690647217918667,-0.0002875240981551712
1782546080.7031028,0.09127079448568487,0.6740396295108446,0.05594298859003395,-0.12120736145408431,0.9925878157658041,0.00883613752583153,-0.00035524109210384187
1782546081.7031064,0.08655932575713915,0.6728574271489622,0.05587306220770958,-0.14622773936669245,0.9892110835790181,0.008866025966999806,-0.0005234001185633823
1782546082.703181,0.08199199546566399,0.6714493111625912,0.05580514712481194,-0.17108512425682593,0.985215839365091,0.008910468559945935,-0.00048339653256608035
1782546083.7030642,0.07770810267935441,0.6698295606716722,0.05576359614373526,-0.19444568825905953,0.980872805355374,0.008908883528314449,-0.0002140701244269351
1782546084.7030888,0.07336991240213109,0.6678971526644443,0.05567661723113716,-0.21909360880142703,0.9756658321137842,0.00860262286542508,-0.0004117133949926638
1782546085.7030973,0.06902754064415256,0.6658188016915145,0.055566454674829666,-0.24357255796517852,0.9698420413786516,0.00885374344841799,-0.0006595511649598284
1782546086.7030597,0.0648157866670575,0.6634726702269795,0.05545646441559833,-0.2678964366562211,0.9634062648611946,0.008914456280088493,-0.0006328683366071539
1782546087.7030501,0.06073181627675406,0.6610341228206696,0.055463836027025856,-0.2921235885616348,0.9563360518592738,0.009196452050455443,-0.0007682380964740611
1782546088.7030866,0.05659583554136349,0.6584385953822559,0.05559875707855204,-0.3161489972809086,0.9486945703778267,0.0049107907190104275,0.0020755212407910246
1782546089.7030876,0.05239445266101478,0.6557123462532479,0.05546146343928847,-0.339896035494084,0.9404452851349809,0.004593980590104712,0.0034994378300894366
1782546090.7030816,0.048809783976834775,0.652781168797804,0.05546695919784976,-0.3621559809780378,0.9321044993109094,0.003547490656582432,0.003415130485866135
1782546091.703052,0.04523047140546804,0.6495096643341571,0.05544830443815853,-0.3855653575912976,0.9226718021243991,0.002504537231939075,0.0031349454958968857
1782546092.7031102,0.04194941785909945,0.6460536881440271,0.055502811373131525,-0.40862255294873173,0.9126951664118088,0.002640699934770767,0.0028581697003783758
1782546093.7031047,0.03873643575969138,0.6425031265969865,0.055362947784068556,-0.4315127037039184,0.9020974719124183,0.003213200737600068,0.0025715855766468166
1782546094.7031622,0.03583839426611363,0.6387584609598234,0.05530652132371993,-0.45411487395606187,0.8909305589139812,0.004180960879791067,0.0022226135995190082
1782546095.7030652,0.03307018502452147,0.6350540605558908,0.055257789946871375,-0.47641216646309964,0.8792054518582938,0.005109027275633574,0.0017660432854751532
1782546096.7030585,0.03052404982408552,0.6306552245711109,0.055221952323486055,-0.49840770859411165,0.8669291508406068,0.00463638261879942,0.0014516862483906453
1782546097.7030606,0.028266741722065225,0.6268805141741105,0.05528431609726061,-0.5188723277994535,0.8548349497649413,0.00516367383713737,0.0014326816988622308
1782546098.703105,0.026171397316769374,0.6223184884087198,0.05498119126108163,-0.5402619528402798,0.8414777145169199,0.005596863902116406,0.000976421553302958
1782546099.703083,0.024131392648354566,0.6179708253394225,0.05508302753978053,-0.5612396455732546,0.8276347686400812,0.005468271889461595,0.000920856899719219
1782546100.7031014,0.022457120038342604,0.6135180112370565,0.05506446666324366,-0.581930611666231,0.8132182282656252,0.005701336687151152,0.0006092472926080814
1782546101.7031145,0.020946528250251284,0.6089494125658823,0.05498843497862701,-0.6022230110033377,0.7983061413201054,0.0058735488642189145,0.0005011710460760763
1782546102.7031245,0.019609346624387847,0.604671774698363,0.0548850901396435,-0.6221677263429084,0.7828615621433741,0.005833554870121287,0.0010317234655958408
1782546103.7030647,0.01864721818905174,0.5995899359297485,0.054930953181293554,-0.6416772519166253,0.766954308301549,0.005570362984221517,0.0006036610343731798
1782546104.703477,0.01786751143190224,0.5951789582985288,0.05502736695751555,-0.6597283858887097,0.751481254747002,0.005858480318621158,0.00024253846223228585
1782546105.703293,0.01731411646443387,0.5902402824468359,0.05486921638261011,-0.678441969526001,0.7346319094187059,0.005687099461867149,0.00032946808317662783
1782546106.7032194,0.017056085383848507,0.5854997062333644,0.05494277937863739,-0.6967218550592958,0.7173171922820698,0.005884692133313376,-0.0002696994583262739
1782546107.7030482,0.01687505504391168,0.5811725191110126,0.05505568426542439,0.7145719366065518,-0.6995326593347327,-0.006400780005920323,0.00018961475363270995
1782546108.7030442,0.017170592598686585,0.5762628569576405,0.0550860013543512,0.7319640710852261,-0.6813150733812393,-0.006187159518383957,0.0002974574809047415
1782546109.7031336,0.017548616147507468,0.5712305024400359,0.055214980315676454,0.7489054411747477,-0.6626483970302302,-0.006126670194005582,0.0004538771388418098
1782546110.7031255,0.018288501320811,0.5664494818956811,0.05510672212688493,0.7652677905575926,-0.6436782397137357,-0.0065706074830966235,0.0005996427521798627
1782546111.703095,0.01909380193636756,0.5618650527421488,0.05510600474801316,0.7804041873791633,-0.6252481816204286,-0.005807051906523957,0.0005420789336694767
1782546112.7031102,0.020178453378795314,0.5572217359444361,0.055162790579789844,0.7959398864967204,-0.6053482839623296,-0.0057225767987844865,0.0006358476489609658
1782546113.703092,0.02149110295998441,0.552550398395548,0.05520279952290845,0.8109230478672059,-0.5851261527233921,-0.005547950928419885,0.0006450406025512768
1782546114.7030635,0.02308582945883786,0.5479561316126376,0.05511085139542493,0.8253576568393519,-0.5645828133902028,-0.0055237612028367815,0.000687883152945854
1782546115.703065,0.024838240429951086,0.543501197428053,0.05518003476408034,0.8393636882868659,-0.5435442526166441,-0.005282400145725602,0.0005835079976099351
1782546116.7030792,0.02682647172731939,0.539162014688251,0.05515854378603045,0.8527668704353061,-0.5222656506499063,-0.005200600187389721,0.00045672409069364393
1782546117.70311,0.02909103270931218,0.5348337061376387,0.05523451216205784,0.865657146190515,-0.5006126881313457,-0.004937958418594361,0.0005082301223307598
1782546118.7031052,0.031335606009156775,0.5309323040690914,0.05525993616389441,0.8773036635821178,-0.47991303403462177,-0.004651376481347517,0.00035542356026139533
1782546119.7031133,0.033954586670127074,0.5269382402619873,0.055348953365766354,0.8891290351945909,-0.4576351984866928,-0.004415942781145043,0.00028866820921202743
1782546120.7031367,0.03679956280759861,0.5229324757283544,0.05534859211215135,0.9003469348804113,-0.4351509481010881,-0.004342375861465771,0.0004393063287274042
1782546121.7030516,0.03981336692892615,0.519224895042768,0.05540587893413956,0.9110339755168504,-0.4123100938136728,-0.004176968836490176,0.0001868814123838908
1782546122.7030623,0.043056054874485605,0.5155296653725482,0.0554039131403316,0.9211145294745643,-0.38927176883438513,-0.003925959307865039,0.000316895746383136
1782546123.7030852,0.046436248848081146,0.5121821431285812,0.05551872392420971,0.9306435966250682,-0.3659078274574781,-0.003735925882067449,2.6905565966406865e-05
1782546124.7030985,0.04999024029242666,0.5088871370333125,0.055527859302293175,0.9395728232331872,-0.34233079719937837,-0.003539957323970737,6.190800052525171e-05
1782546125.7031882,0.05349094461432685,0.5059306212878814,0.0556675174075021,0.9474382412223362,-0.3199258650630675,-0.0027951739405657227,-0.0006379152108395294
1782546126.7030938,0.057220778378677034,0.5029799586369302,0.05568035121457848,0.9552228459069007,-0.29588568894555295,-0.00039142907730290306,-0.0009058244943144315
1782546127.7031622,0.06115905142654232,0.5005182833323941,0.055664643937526945,0.9623883053034451,-0.27167123844409624,0.000763716962264212,-0.0017043338333730743
1782546128.7031083,0.06524070839147186,0.4980237100718259,0.055726420894193676,0.9689319829744862,-0.24732511181047748,0.00048768408026372107,-0.0009293015133051521
1782546129.7031198,0.06959470622817576,0.4958336053978276,0.05595719524848107,0.9748388940054414,-0.22290953208664224,2.2376551370277615e-05,-0.0006861038200747089
1782546130.703134,0.07407899620418074,0.49374094038899397,0.05597254932110341,0.9801502618621418,-0.19825417395856582,-0.00019655423235449685,-0.0008414547019052488
1782546131.7030723,0.07859889708189918,0.4918523837950223,0.056060355619400384,0.9848315551635879,-0.17351301312185516,-0.00016967006231388048,-0.00011594616833761944
1782546132.703118,0.08294658412196546,0.4903448311653569,0.056016826036020026,0.9886772081632094,-0.15005780844131517,-0.0001304846410246977,0.00012311843973356154
1782546133.7031207,0.08754495670220414,0.4889768324237045,0.05616785009937217,0.9921479703366703,-0.12506876027059494,-4.29941170348507e-05,0.0004564128700336223
1782546134.7031193,0.09218424592111463,0.4878305637246102,0.05617086652885589,0.9949793109887688,-0.10007983485962924,-6.441969783724321e-05,0.0004395553287414712
1782546135.7030866,0.09689670511732018,0.4868777915775656,0.05619775674979942,0.9971824278475965,-0.07501348465973899,0.00010161865825226346,0.0004151925149688784
1782546136.7031367,0.10162107058407019,0.4861753096522275,0.0563038666471295,0.9987554377215131,-0.04987455576770368,0.00015443056008190818,0.0002836545173952162
1782546137.703045,0.10641953409879501,0.4856977851998229,0.05638390972855695,0.9996952053175356,-0.024681595878652977,0.00035099735387069113,0.00043828172548375017
1782546138.7030659,0.11129509750983813,0.48549108126713747,0.05646634270635399,0.9999996553981726,0.0005345049744990836,0.000438443813562275,0.00045964659324717455
1782546139.7031012,0.11582142244170474,0.48549873704993507,0.056442187259044804,0.9997031876471429,0.024347895203019002,0.0008190814392175863,0.00021380580022934816
1782546140.7030485,0.12061184602645711,0.485848674956954,0.056462698944557195,0.9987728725354501,0.04951829399862506,0.0006368969521785476,0.0005310452180109761
1782546141.7030494,0.12535567646045212,0.48619155590415486,0.05653361376840315,0.9972086344750355,0.07463865152202508,0.0010513170667522012,0.0017046289431837866
1782546142.7030587,0.13010678119440153,0.4869983147095396,0.056582916630201735,0.9950102600679238,0.09976259954395308,0.001354807344384536,0.00041302403681439236
1782546143.7030737,0.13476568602781658,0.4878962059862014,0.056753092080677,0.9921726308478096,0.12486318011644845,0.0015996051667871308,0.00031322684102501753
1782546144.7031143,0.13946155504627009,0.4891488389758306,0.056705718719245096,0.9887197820131411,0.1497685545065533,0.0015850464846336551,0.0002456919735086856
1782546145.7031279,0.14416863557954654,0.49056647957118976,0.0566734183984392,0.98464139611584,0.17458347414012318,0.0012577461685802978,0.0005913432083118884
1782546146.7031648,0.14844697622899372,0.4921166143084582,0.056785349146629,0.980217188708108,0.1979199081471173,0.0012021006263660023,0.000726549581246251
1782546147.7031093,0.15292759480861526,0.4940096683668971,0.05680531056682778,0.9749054829885269,0.22261409862630072,0.0010290558498714578,0.001096984851554978
1782546148.7031193,0.1572605121090764,0.49615295989966446,0.056834332721742625,0.968988694611098,0.2470975198974368,0.0009252052373313102,0.001693921983098693
1782546149.703131,0.1614860192714116,0.4985278733328813,0.05690128356726627,0.9624381705448014,0.2714860465856956,0.0015709678955662866,0.002372013388743104
1782546150.7031136,0.16553171149389576,0.5012234466190736,0.0570062920372324,0.9552751173073843,0.29570764075883926,0.0024746057643686534,0.0005637166978588035
1782546151.7030537,0.16950604471062825,0.5039739918794557,0.056989825066100674,0.9475179415223751,0.31968871521582565,0.002781567750059415,0.0010671165389445022
1782546152.7030778,0.17318766995642293,0.5068821989778765,0.05713432854361411,0.9391726064335765,0.3434318197871827,0.0028306461145798847,0.0011781022878432537
1782546153.7031333,0.17661367267559192,0.5097978047641931,0.0571314627376088,0.9307131471763255,0.3657359762490058,0.002984140734617004,0.0011524991983932252
1782546154.7031362,0.1799894230594506,0.5131933150139738,0.057203017904044196,0.9211986903152855,0.3890794076715227,0.003153428788503855,-0.0004933297636938224
1782546155.7030797,0.1834556147764865,0.5166204451042855,0.05727323104292231,0.9111327667819022,0.4121004403316443,0.003184269340178476,-0.00041085714044860943
1782546156.7030687,0.1865897693713745,0.5202687046888266,0.05741540794505891,0.9004494674963667,0.434947831010277,0.0032888170841898403,-0.0005696201822327478
1782546157.7031047,0.18959665012548022,0.5240130676972856,0.05731175019124077,0.8892047130161799,0.4574970766571436,0.003376809644008636,1.8884097338139106e-05
1782546158.7030609,0.19246926228366884,0.5279801663394204,0.05720498673448668,0.8773919131416228,0.47976394125178706,0.003160921864388802,-1.0964183135904385e-06
1782546159.7031224,0.19495583406014913,0.5320512380242908,0.05727513890669452,0.8650613298556977,0.5016569769688348,0.003024707259644758,-0.00015554026862567478
1782546160.703065,0.19728611053454412,0.5359214396953091,0.057310086105121116,0.8528305497686807,0.5221750627683154,0.003593612991736556,0.0005857899124184872
1782546161.703069,0.19934682408253282,0.5401950122974836,0.05729578278640056,0.8394393346351723,0.5434423861370759,0.0034584211247383036,-0.00012546005227974388
1782546162.7031312,0.2012801402065053,0.5444677785449719,0.057578959312048386,0.8254596880659689,0.564449646760028,0.0035835570417131323,-0.0002403527446391164
1782546163.7031355,0.20302671436165823,0.5489895289837042,0.05752422362513114,0.8109487637707481,0.585104319031844,0.0038435490433877573,-0.000515286065079327
1782546164.7031522,0.20451652871035048,0.5535563426583876,0.057502656566844085,0.7960059435663697,0.6052786032537354,0.0035097429184157178,-0.00017875924417074687
1782546165.7031126,0.2057944028085626,0.5580908940979434,0.05752734241423166,0.7805024458689022,0.6251411006077391,0.0037462060142998354,-0.0007087059366704771
1782546166.7030833,0.2068063514952777,0.5627070517210495,0.05737020796234399,0.7644924887237017,0.644621412912351,0.003720700539595406,-0.0007906247023790859
1782546167.703084,0.20752072467423216,0.5672572803316374,0.05763897222418232,0.7488908164700301,0.6626815105292444,0.0038491085156696705,-0.000972097302327239
1782546168.7030659,0.20813500850974165,0.5720464330573514,0.057364648938044396,0.7319816792764341,0.6813140333298996,0.0037139064533939174,-0.0004648550864853739
1782546169.7030911,0.20842132259484197,0.5770146275454893,0.05745054639279444,0.7145586734329022,0.6995658440062744,0.00367050027184285,-0.00024402736407658638
1782546170.703053,0.20341568079893077,0.5790963244206406,0.057357898276655925,0.7065514803180453,0.7076449837793,0.004856102750149383,-2.9299374700235027e-05
1782546171.7030737,0.1940360539854744,0.5795021955209687,0.057353379914122316,0.7064693638609572,0.7077178687437876,0.005186711450712375,-0.0030909886723427685
1782546172.703075,0.18987975191782885,0.577807161211958,0.05740635788878886,0.7165339221486119,0.6975218909649028,0.004520402334109549,-0.004681452532171079
1782546173.7031124,0.18953018753420406,0.574800750899828,0.057498645458087055,0.7338329987577341,0.6793051431808642,0.0044531288014908205,-0.003717798560224244
1782546174.7030654,0.18882116955141928,0.5716083302324321,0.05757767608178037,0.7497943452490194,0.6616513197246167,0.0042097590220114955,-0.002872084303111119
1782546175.7030578,0.1880304571258637,0.5685428913411799,0.057514724294990716,0.7661961582019838,0.642583854523904,0.004750258234278308,-0.002621470661764201
1782546176.7031193,0.1871692628904053,0.5647752849959158,0.057404384910575146,0.782188443463639,0.6230223403807135,0.004415194639674568,-0.0022154807067130684
1782546177.7030652,0.18602124303676096,0.5611305961487071,0.05758886305274321,0.7976225366907898,0.6031406107150772,0.004032003915458786,-0.0018535408329199796
1782546178.7030587,0.1848655338071388,0.5577562240354106,0.0573182395119021,0.8124953477931325,0.5829490824749217,0.004158852074187865,-0.0020930851842636488
1782546179.703105,0.18357040090196064,0.5541716519447901,0.05746909437204771,0.8270027271372323,0.5621821681991116,0.0038433294655476347,-0.001711106409749447
1782546180.703081,0.18210028154938457,0.5509851290729891,0.05733424063657572,0.8408632585599372,0.5412274778392581,0.004223522435010203,-0.0019898477230022105
1782546181.7031465,0.1805467165322506,0.5474075912693086,0.05743448489129671,0.8535441925835393,0.5210058561979365,0.003656659155804456,-0.00135571316564568
1782546182.7031043,0.1787434671107928,0.5441189473187517,0.057584148280686864,0.8664161393129846,0.49930598846122953,0.0034868410038920456,-0.0021084033179390124
1782546183.703093,0.17680750972102136,0.5410289944718387,0.05753566374726621,0.8787422904877311,0.47728095859393305,0.0033410183850927973,-0.0019264132949324165
1782546184.703051,0.17463863502687574,0.5375832909613323,0.05738698393426597,0.8904570864067134,0.4550536313730078,0.0031505763790583793,-0.0015632372773956794
1782546185.7031841,0.17236821908043987,0.5345131571006599,0.05731455949447564,0.9016515305791807,0.43245100324239083,0.0029337664483092742,-0.001428360352691165
1782546186.703128,0.1700542366727594,0.5316065997425186,0.057160855517944587,0.9122613963208978,0.4095937328635298,0.0032109711043101785,-0.00134478479045992
1782546187.7035148,0.16744337302001377,0.5288403791027456,0.057216003412801614,0.9223013525166557,0.3864570779370791,0.0030098851274856365,-0.00144313887114747
1782546188.7032104,0.16491167224953843,0.5264902442497468,0.05727736636287334,0.9312208949424045,0.3644390180401092,0.0030511938722005074,-0.0015928492026806818
1782546189.7031457,0.1620869293978407,0.5237021408153191,0.05717917434237789,0.9401153571487829,0.34084190127024544,0.002835520152981223,-0.0013687282281826538
1782546190.7030747,0.15914312803397812,0.521297718554036,0.057127360497816096,0.9484220464963626,0.31699382319669306,0.00287937217482499,-0.001498996555715973
1782546191.7030797,0.15604173502794563,0.519010494201085,0.05703508959056716,0.9561097782273066,0.2929929962039813,0.002926102348717532,-0.0007962905181813229
1782546192.7031088,0.1527829440765396,0.5168651984456156,0.057093170881294716,0.9631880081725974,0.26881302107944155,0.0026192658578914492,-0.0012490224233026898
1782546193.70307,0.14951014596511883,0.5149390394558085,0.05701399423920177,0.9696415722008079,0.24451473664368958,0.002517019023319364,-0.0011956752271779455
1782546194.7030544,0.14618203861515883,0.5131824025099507,0.056961841958602,0.9755023288359344,0.21997261784825517,0.002434264329902519,-0.0011524711824539172
1782546195.7030807,0.14296504937828144,0.5117144014220937,0.056918962990955474,0.9804578194849922,0.1967114735764595,0.0023291110992578303,-0.0012789118810699793
1782546196.7030773,0.13942630539007836,0.5103295494264168,0.05685956623586608,0.9851038153235918,0.17194173214648042,0.0022672485784074312,-0.0011719066747256095
1782546197.7030833,0.1358802521548497,0.5091188263256479,0.05676415220165365,0.9891260377654553,0.14704638434419678,0.0023811151733734853,-0.0011715614542325563
1782546198.7031078,0.13214641312242698,0.5080349588723303,0.05674514768582434,0.9925151096832568,0.12209782240826247,0.0020976633571890965,-0.0012159860331985922
1782546199.7030878,0.12850057213089097,0.5070667904004504,0.05674685015904958,0.9952805259187973,0.09701587604100667,0.001904148846188757,-0.000984245888952894
1782546200.7031043,0.12473652889792289,0.5064653509344966,0.056727188225685045,0.9974109405680126,0.07188035997428203,0.0018104710403970905,-0.0011626176550133154
1782546201.7030938,0.12098811761235309,0.5059137332103746,0.05654605671510086,0.9989030038595818,0.04678032902899775,0.001749176706082043,-0.0011532896834089079
1782546202.7031214,0.1174129275049337,0.5056828565980842,0.056436170784287774,0.9997341354403779,0.02296029267844002,0.0016586550509209408,-0.001316153039206388
1782546203.703066,0.11356396204700858,0.5055355360781649,0.05641724520075035,0.9999954856478962,-0.002169967620196389,0.0015948168384262388,-0.0013328479311295628
1782546204.7031715,0.10978273355896129,0.5055338693319595,0.05645873793005156,0.9996227126594083,-0.027398859765160086,0.0015818125268907957,-0.0011102648985785676
1782546205.7030616,0.10591218900113286,0.5058368450290116,0.05650544212538092,0.9986156321450925,-0.052549572048506465,0.0015096861722158324,-0.0017557222553111786
1782546206.7031133,0.10212780487411519,0.5062076048594302,0.05644613330074019,0.9969729352096218,-0.07772530319677838,0.001405532187007467,-0.0013297299543729708
1782546207.7030747,0.09835944014582285,0.506888024682962,0.05641620722860667,0.9947007396549103,-0.10279759202501977,0.0012559873827274954,-0.0012312999335640574
1782546208.7030957,0.09460848794071941,0.507751550204646,0.05631707042546334,0.9917983041673925,-0.1278008909941136,0.001040042982459076,-0.0014051414127871798
1782546209.7031333,0.09120237455781932,0.5086565962800706,0.05628898097126795,0.9884790987616155,-0.151350291030833,0.0007852157350621889,-0.0012426393506432707
1782546210.7030747,0.08756783753223654,0.5098322197449682,0.056301061041459224,0.9843571396666315,-0.1761798447529366,0.000655154661189117,-0.0011201171942508735
1782546211.7030947,0.0840121554525396,0.5112221433343118,0.05624136789080633,0.9795879968568428,-0.20100818437611534,0.0006041832723008569,-0.0016435298564921408
1782546212.703056,0.08057599978266083,0.5127309992005717,0.0561775832491299,0.9742168687077439,-0.22560825136262286,0.0004342927601067215,-0.0014903127781523548
1782546213.703071,0.07712015255174087,0.5145324285052164,0.055966862100006676,0.9682346112867222,-0.2500381277826111,0.00042010831899834893,-0.0015797691024725564
1782546214.703082,0.07378575219122008,0.5163522727807104,0.055826497103042605,0.9616158192357216,-0.2743954505705349,0.000285518305398163,-0.0014392293432377303
1782546215.70309,0.07058510161266307,0.5183436050522466,0.05585786222491783,0.9544096551892817,-0.29849615138294255,0.0002361928802201053,-0.0014838813872497495
1782546216.7030764,0.06757927762617519,0.5203936336329817,0.05583242393962688,0.9470432174591481,-0.3211024185554983,8.18763436878314e-05,-0.0015408954210948786
1782546217.7030995,0.06451382333506545,0.5227416656130555,0.05589092482670048,0.938655716875791,-0.34485208537355894,0.00018730977234548567,-0.001565025543531386
1782546218.7030554,0.06166343645462172,0.5252282022899415,0.05584626828989117,0.929667550815687,-0.36839537878070555,5.414079795749126e-05,-0.0017569639030797111
1782546219.7030745,0.05891570984269409,0.5279423173023241,0.055684040887610656,0.9200712856008676,-0.39174622186083097,-1.1620561355664735e-05,-0.0019305272580095749
1782546220.7030807,0.05629329458217072,0.5306278425667774,0.055642316314201135,0.9099376631107794,-0.414741585568171,-0.000237277297329798,-0.0016763509111979442
1782546221.7030423,0.053911420443103764,0.5335458890252565,0.0557777620673697,0.8991987202810563,-0.43753519898128934,-0.0004177946667118756,-0.0021063107393996692
1782546222.7030938,0.05163365849561574,0.5365215892622662,0.055714867728997586,0.8878902180950403,-0.46005227086821243,-0.0010709659354253911,-0.001312140277496875
1782546223.7030773,0.0496557950679814,0.5395405707827168,0.05554117839781989,0.8766739366541015,-0.48108047621394356,-0.0010721698069933202,-0.0017985130165627233
1782546224.7031174,0.04762638543486103,0.5427295876200139,0.05546520300161739,0.864286255543014,-0.5029963522851268,-0.0012867828721107128,-0.0015107141135508604
1782546225.703051,0.045716436535312155,0.5460585331072578,0.05559739318371663,0.8513585374415062,-0.5245807762840261,-0.0013334980893028381,-0.001368086822477942
1782546226.703099,0.04399197718606723,0.5495053215967112,0.05558823193101039,0.8378857556112378,-0.5458420320861797,-0.0014479983522353431,-0.0013564116583758916
1782546227.7030945,0.042452443325171896,0.5530049992970466,0.05548469081826822,0.8238769105389375,-0.5667648032703776,-0.0015452028932756337,-0.001451345143104286
1782546228.7031093,0.041117757836526214,0.5565000242477006,0.055405978796891006,0.8093069157267926,-0.587382358587373,-0.0015053915580986997,-0.0014194271301457115
1782546229.7030947,0.039951581477885134,0.5602474014490645,0.05552914679819669,0.794302551154861,-0.6075185695192538,-0.0017395028418395733,-0.0012724181790981304
1782546230.7030652,0.03896693096223319,0.5637294068684107,0.05552289276699488,0.7796065590240845,-0.6262653930285697,-0.00192306277411584,-0.0012539740685862154
1782546231.703121,0.03814911073210853,0.5674062823787195,0.05527509037565187,0.7636193280889081,-0.6456629399680193,-0.0021083515563092574,-0.0006667642863384633
1782546232.7031214,0.037621708307182034,0.5713117845238934,0.055327919986832015,0.7470712095711423,-0.6647389371385498,-0.0025186990770907232,-0.0006398724722454678
1782546233.703059,0.03720264744693996,0.5751155902339381,0.055324852961073076,0.7301159248296133,-0.683317836182504,-0.002694029920648275,-0.0004618093177401707
1782546234.703128,0.03688196384134135,0.5790074148471869,0.055220224105122465,0.7127041811988605,-0.7014575832785175,-0.0031298863829000378,-0.0004612742717555501
1782546235.7030497,0.03688081760041134,0.5827169409694278,0.05524642321786552,-0.6948371122398366,0.7191615767759765,0.002819586024926846,0.00025274086360475693
1782546236.703126,0.03712622359430767,0.5865112847927636,0.05526863091254881,-0.6764469899127961,0.736485902706187,0.002744914503305233,0.0006711164878689747
1782546237.7031243,0.03757651721268712,0.5900438201983175,0.055336747578360546,-0.6587115119657867,0.7523875798651996,0.0005954436091120873,0.003423319331249447
1782546238.7030785,0.038051718922243905,0.593900685181397,0.055530403206239726,-0.6394981091868062,0.7687828886043978,0.003508703266803943,0.0016515256472268336
1782546239.703151,0.038740534641270474,0.5977450053872402,0.05527030576049671,-0.6200307714526739,0.784568884489603,0.0036217654021462797,0.000625106322106866
1782546240.703066,0.03969314241892963,0.6015066951092716,0.055303886586890096,-0.6000090792496384,0.7999846279004,0.0036914629535055006,0.00027026343190397116
1782546241.7031448,0.040679275983801444,0.6051083293402852,0.05530549374055343,-0.5797325058552691,0.8147989287097024,0.0035913764827102974,0.00017159035848962476
1782546242.7030745,0.04193817083440782,0.6087897181386837,0.055441290888548475,-0.559025414881286,0.8291413740680339,0.0038844435998072746,0.0002800416019512359
1782546243.7030923,0.043338344754192626,0.6122070906360244,0.055377705276088256,-0.5379707460328597,0.8429562283400867,0.003503357654126388,8.070785804888929e-07
1782546244.7030702,0.04486307938263939,0.6155059533008749,0.055464829299832624,-0.517623099830795,0.8556012142649099,0.0035899474567558584,3.077707545630321e-05
1782546245.7030823,0.046612804142603825,0.6190497303395448,0.05569791153800032,-0.49587831403782845,0.868385533108636,0.003286355217199762,0.0006807525375353436
1782546246.7030637,0.04858456980106368,0.6223940017476356,0.05565510845395564,-0.4738247659973922,0.8806110783783658,0.0037081256595615066,0.0006852509767185929
1782546247.703056,0.050789975623435235,0.625442782962829,0.05567066865657229,-0.45153649816620617,0.8922462734322208,0.0033516964771249176,0.00038013266041551653
1782546248.7030892,0.05306011626807805,0.6284719287152998,0.05569921976588415,-0.42897156777502393,0.903312027035963,0.003273780350399387,0.00024127792102660928
1782546249.7031052,0.055522347560474083,0.6315036826516849,0.0558300141700843,-0.40606030359621764,0.9138396464026959,0.00348284094379469,-1.8025081348222115e-05
1782546250.7032042,0.058126608461736506,0.6344097277267067,0.05585022993673244,-0.38292545064425937,0.9237718320007285,0.0036791768902097836,-0.00040658125770849456
1782546251.7031722,0.06071431118463533,0.6368827734931382,0.05587478608435571,-0.3608665360725958,0.9326113453511854,0.00336476488515962,-0.000316263316877201
1782546252.7030544,0.06352587908656299,0.6395438370512204,0.05579617555997332,-0.3372858849191586,0.9413926802811758,0.004163767209461463,-0.000846398221512787
1782546253.7030556,0.06654808935534468,0.6418671191306019,0.05571551304158947,-0.31340283284157155,0.9496104452408634,0.004164943498765656,-0.0011488698705127386
1782546254.7030816,0.06965380309344205,0.6440672957635355,0.055816595282749404,-0.28934498050880547,0.9572143419331853,0.004249786921575044,-0.0014577938466179168
1782546255.703092,0.07283339017999058,0.6462135670956488,0.055866324916649515,-0.26522312538965387,0.9641756468915369,0.004377658070827789,-0.001688730187199862
1782546256.7030714,0.07609138765050366,0.6481450926671213,0.05610497413597641,-0.24080062882496495,0.9705594945981361,0.004964042222959616,-0.002163998087071582
1782546257.7030852,0.07955835236900571,0.6499065960527817,0.0560358345881697,-0.21628863801756243,0.9763166456003279,0.004461469027969354,-0.002264482798334548
1782546258.7030678,0.08283402488753272,0.6514060650815282,0.05606727610784022,-0.19298637023889617,0.9811877016020281,0.004601294429169484,-0.002404831911249305
1782546259.703104,0.08633891217961759,0.6528590244680598,0.05604938572445554,-0.16826672737430015,0.9857268372348869,0.004778902454108109,-0.0024643264767563685
1782546260.703045,0.08996321617300901,0.6540817598831731,0.05611578928884402,-0.1433283588018963,0.9896600935494754,0.004756187277106657,-0.0026943424770516076
1782546261.7030752,0.09362977289215552,0.6551763058051951,0.05609022769435566,-0.11836658652960205,0.9929547879164274,0.004799037807448654,-0.002666380185850325
1782546262.7030597,0.09735492725258932,0.6560930468612456,0.0562142418882144,-0.09331906655205092,0.9956170788173362,0.00551516284004733,-0.002786963210354133
1782546263.7031012,0.10114079474905685,0.6566881040919486,0.05628627021340997,-0.06818009188778178,0.9976580153559068,0.004798419407251527,-0.0026333699852165624
1782546264.703091,0.10502275879022349,0.6570493089050435,0.05636523714941104,-0.043019856217876296,0.9990596658589085,0.00468961550612461,-0.0026614904253292205
1782546265.7030566,0.10857716405271534,0.6573766691570149,0.056441651942416224,-0.019261905234999217,0.9997988491362112,0.004707891817475461,-0.003012644562598852
1782546266.7030551,0.11244100001634438,0.6574775691429571,0.05650992336631115,0.005943682362139435,0.999966472446787,0.004682026870813967,-0.003131333052895559
1782546267.7030876,0.11629054054580568,0.657416273220233,0.056589647744795815,0.031148523655373735,0.999498786678426,0.004648469973017106,-0.0032150628850687907
1782546268.7030566,0.12014940004958485,0.657209029064914,0.05667420486477302,0.05629411737876181,0.9983952731985226,0.005165516496228268,-0.0033418920869516333
1782546269.703086,0.12392548331396458,0.6566486007780015,0.0567271255850257,0.08140084065099455,0.9966636428800951,0.004746819550114963,-0.003599139681689285
1782546270.7030745,0.12766536193833505,0.6560148711160532,0.05679692904721893,0.10651437101567758,0.9942924894675262,0.004852668400900202,-0.00368588727374632
1782546271.7031872,0.13148571048220836,0.6552426438656493,0.05684162477428005,0.13150789837198748,0.9912959551862116,0.004949451020279416,-0.003674892085124058
1782546272.703102,0.13494966882134918,0.6542244247107756,0.05688489987516114,0.15502938571978067,0.9878902850918129,0.004790849885633148,-0.0039650904072208795
1782546273.7031205,0.13861668645151975,0.6530144771212183,0.05698305199269903,0.17989119964821942,0.9836653612993997,0.0048872558501200265,-0.004210463050706814
1782546274.7031066,0.1421881020284561,0.651614923638165,0.05702094661987549,0.20464074339093433,0.97881552119332,0.004949091728066418,-0.004224701944788072
1782546275.7030787,0.1457150373558262,0.6500625771733914,0.05711707155347685,0.2292056220946213,0.9733563101324935,0.004932889870596876,-0.004235908757225548
1782546276.7030675,0.14911202747806063,0.6483458856869749,0.057183387904997926,0.25365732899308485,0.9672715997868068,0.005036663925460236,-0.004271265675114392
1782546277.7030597,0.1524790348631082,0.6463996067232411,0.057147110507990304,0.27795099273700924,0.9605723122594505,0.004993320663246369,-0.004375534915616062
1782546278.7030966,0.1555714680545729,0.6443032967242004,0.05726762784309998,0.30204830182224274,0.9532706951853465,0.004645771316606573,-0.004496874027532419
1782546279.7030537,0.15868168230935675,0.6421103766360169,0.05731286052893074,0.3246983086192822,0.9457977158590828,0.004538977230215535,-0.0041336111600615835
1782546280.7030947,0.16176065589223496,0.6396633655830744,0.05730257948376501,0.34842100159030825,0.9373167513907253,0.0045907153106462045,-0.004363318241906345
1782546281.7030544,0.1646305379078857,0.6372121802390887,0.05731797916223337,0.3719012450028424,0.9282497940549325,0.004724727231150852,-0.004411434562870712
1782546282.7030747,0.1673121914931687,0.6345164950783821,0.05734924030566717,0.3951757222243125,0.9185825900824482,0.004552603678494298,-0.004631151224097211
1782546283.7031066,0.17000971279442836,0.6316436288190064,0.057348153788319714,0.41820744773605234,0.908326554913369,0.004608892641591295,-0.004915120133394524
1782546284.7030804,0.17244325901171653,0.6287832836511731,0.05733737269470561,0.44095532052532965,0.8975027076668002,0.004632630502858422,-0.005082692769593394
1782546285.70306,0.17478030016998192,0.6257138933965538,0.057237960160281307,0.4634127137952819,0.8861174265640615,0.004357811488348977,-0.005056927071790372
1782546286.7030597,0.17684746089838566,0.6227485519097276,0.0572606444991115,0.4843658522611517,0.8748386571972288,0.00452757661098646,-0.005152289462924199
1782546287.7030919,0.17886451675167997,0.6195316205664468,0.057286242674697944,0.506295645551038,0.8623335260561706,0.004925203301770392,-0.004620769202815441
1782546288.7030895,0.18075651516228308,0.6161519792636783,0.05734467622324149,0.5279051798599799,0.8492794225986026,0.00447980941875682,-0.004529319502769701
1782546289.7030737,0.18229225882371777,0.6126654797570079,0.05739686769706066,0.5490938569736057,0.8357405802196738,0.003706602871112915,-0.0044586884942146646
1782546290.7030516,0.1837632696485848,0.6091727553348125,0.05751686427202854,0.5699978096289705,0.8216277964660833,0.0036156121208559297,-0.004145894530248976
1782546291.7030153,0.18506318697024823,0.6055656551018062,0.057523510567918365,0.590552999226494,0.8069795713309297,0.0036362333203383565,-0.004231355147216662
1782546292.7030675,0.1861651807243318,0.6018335105493302,0.05750600951353675,0.6107263346814167,0.7918217471350693,0.0034908323260196905,-0.004413499772336137
1782546293.7030494,0.18709909968672972,0.5983862311315911,0.05753339494822864,0.6293822147271593,0.777076221823695,0.0034320256210616244,-0.004335257948966115
1782546294.7030747,0.18778334096571986,0.5946227560408367,0.05757404672407594,0.6487754260833917,0.760960646711377,0.003503265520850898,-0.004131319112238632
1782546295.7030985,0.18837248357272737,0.5909238685189385,0.05754343066430291,0.6677206205276948,0.7443928094619394,0.0033474150499097017,-0.0041608840352540455
1782546296.7030654,0.1887598614098757,0.5871982159617466,0.057604496014672456,0.6862936275703578,0.7273053285839987,0.0032617409542688553,-0.0041685507779194875
1782546297.7030702,0.18875652010617153,0.5832123185019794,0.057824427848088264,0.7044445026165738,0.7097463007467893,0.002670895939124643,-0.0033162666386524187
1782546298.7031145,0.18022371824351438,0.5822610148529815,0.05747683051679485,0.7061265484969221,0.7080666399861348,0.0043434631275530685,-0.002839925109743881
1782546299.7030811,0.1707845282030332,0.5818012332615964,0.057282542493655525,0.7060665717747934,0.708112145280418,0.004869505305006843,-0.004844981593306239
1782546300.7031016,0.1697525920563386,0.5837708731254647,0.05725413365810257,0.6905682018753682,0.7232332426748481,0.00469937910939192,-0.005210670266991276
1782546301.7031245,0.1692092124746353,0.5860901536834993,0.05734644040171982,0.6722326632332708,0.7403147642641997,0.005320810338439734,-0.0029975443430604073
1782546302.7030954,0.16855459033780196,0.5885403309234662,0.05737644733989293,0.6533825320563099,0.7570039880949544,0.0056773496284474095,-0.0019991281139043545
1782546303.703038,0.16782044831884174,0.5910413409469037,0.05736674862802056,0.6341092345485644,0.7732218220668746,0.005404661224792491,-0.002069342132519824
1782546304.7030823,0.1671619986271496,0.5936481067346291,0.05730887376783686,0.6144482013824499,0.7889326514091657,0.0060595370544844155,-0.0014004888651827255
1782546305.703081,0.16629983644115143,0.5962837525925709,0.05730842074464805,0.594320292258123,0.8042027627752728,0.006284441832616845,-0.0013462338913147564
1782546306.70306,0.16541948185908315,0.5989218300903292,0.057326447746297415,0.5738647801552407,0.8189236024633861,0.006444356088948017,-0.0013482211858457784
1782546307.7030528,0.16436836039360228,0.6013114811793521,0.05731814318837099,0.5542139792993406,0.8323511745198938,0.0059432784804380415,-0.0017506757116559784
1782546308.7030556,0.16326276955847127,0.6038354987910531,0.05730286543977567,0.5330627037477011,0.8460500949032671,0.006449998733094016,-0.0013372747311496088
1782546309.7030835,0.16201079699961393,0.6063211435649305,0.057288335621592454,0.5115682450743407,0.8592170584170001,0.0064409812622691735,-0.001578263975363924
1782546310.7030745,0.16065582991786967,0.608798844818522,0.05727335199631089,0.489737136543489,0.8718457907672945,0.006262298781630991,-0.001799395872128223
1782546311.703064,0.15923147845353566,0.6111177649092745,0.05725740851769526,0.4676347483890658,0.8838970443018481,0.006467698467534674,-0.001387822065296238
1782546312.7030528,0.15760106528853415,0.6134253106391412,0.05716398800346234,0.44521013813317967,0.8953982120202715,0.0068713187028360675,-0.0016612626583868341
1782546313.7030993,0.1558827917761752,0.61568594097306,0.05722444955090876,0.42250030353100637,0.9063339066091793,0.007054604923468233,-0.0016049286977056023
1782546314.7031286,0.1542180250264508,0.6176649776909604,0.05714159274790321,0.4007961795634571,0.9161387028767314,0.007023797827346546,-0.0017221506199331061
1782546315.7030616,0.15238299470102337,0.61971958216184,0.057132520421343806,0.3776276934111417,0.9259280432893313,0.007169672705812404,-0.0017831468426213902
1782546316.7030878,0.15033605749551235,0.6216624308307586,0.05705220369531144,0.3541019876081294,0.9351789792003833,0.006910896272928452,-0.0020733418450265984
1782546317.7030673,0.14825513624441142,0.6234938880026775,0.057126330634368866,0.330511413835989,0.9437714154499558,0.00731827575951689,-0.0020404763243614247
1782546318.7030602,0.14610115511318056,0.6252851182207085,0.05705153415851631,0.3065963701234573,0.9518075041940909,0.007588919692565521,-0.001883901493065745
1782546319.703061,0.14377149790325655,0.626938082127105,0.056984689645149175,0.2824924305662416,0.9592391952495989,0.007401456987629054,-0.0018469986842075117
1782546320.7030702,0.14150498788165344,0.6284979507120183,0.056994597872136246,0.2581963533743865,0.9660615668160543,0.007475727162627814,-0.0019508276370135762
1782546321.7030544,0.13916379218835134,0.62972874874619,0.056989915461636245,0.2351764312852798,0.9719272994037308,0.006718249129848529,-0.0020581473028444463
1782546322.7030497,0.13675518790099295,0.6310558679077141,0.05692087511825285,0.21059905615248148,0.9775416886391792,0.007446310794430419,-0.0021993125514267473
1782546323.7030451,0.13417622020988562,0.6322073917474562,0.05688475319504206,0.18588541924645285,0.9825421691315769,0.0071405850683199925,-0.0025512417894805474
1782546324.7030702,0.13166686693323976,0.6332985076940412,0.056814678763454446,0.1610613195501446,0.986911115034902,0.0077532537357067255,-0.002364195813029673
1782546325.703114,0.12909475731229525,0.6341302432071636,0.05679000782363311,0.1361468679268852,0.9906571263217449,0.007632436486807737,-0.0020577499645420337
1782546326.7030518,0.1263631481309781,0.6348825505822305,0.05672993648568114,0.11112696233972492,0.9937757303220599,0.007469553671905694,-0.0021913082723013216
1782546327.7031026,0.12364572347471559,0.6355727731419203,0.05671073605556927,0.08602353900322722,0.9962623852186582,0.007518044583449214,-0.0021655349065478097
1782546328.7030666,0.12107199878306912,0.6359523777886954,0.05665788826433462,0.062315801704625876,0.9980276952250634,0.007272645658653903,-0.0021375328726454686
1782546329.7030804,0.11833048441197647,0.636351775890317,0.056583884299058626,0.03713062101741938,0.9992815732128523,0.007321821688134537,-0.0020113048687264248
1782546330.7030845,0.11548459353867885,0.6366320661414335,0.05661197540370115,0.012033624784297202,0.9998975685593983,0.00743904738399119,-0.0021690637549385016
1782546331.7031002,0.11264947210136694,0.6367022698511474,0.0565480449636802,-0.013196544945921705,0.9998827335143426,0.0074907336969572795,-0.0020638144435776696
1782546332.7030547,0.10983006019282271,0.6366543573658509,0.05648633420220461,-0.038384684725091885,0.9992339684398346,0.007293817647217271,-0.0022119038550992786
1782546333.7030501,0.10708022237226789,0.6363415133806012,0.056576385679492386,-0.06360274559675382,0.9979603206368124,0.005204398810578716,-0.0016743416752982184
1782546334.7030513,0.10432958324888247,0.6361171936519441,0.0563913405148868,-0.0886740416233858,0.9960310448552938,0.007518597980373662,-0.0015945880518611279
1782546335.703068,0.1017810020940802,0.6356016827753874,0.056341770748259926,-0.11237051324836585,0.9936386755427624,0.0072571719333585595,-0.0015439149760749034
1782546336.7030597,0.09902621667794842,0.6350318519446998,0.05638761151660193,-0.13737370616351716,0.9904913388003441,0.007291478611109249,-0.0014855827359576215
1782546337.703067,0.09635592404705273,0.6342602857364625,0.056316978753832424,-0.1622384020790366,0.9867243835511479,0.007188236141768863,-0.0014216390604686233
1782546338.7031198,0.09375649040273704,0.6333954119535509,0.05627984165278242,-0.1870419320301834,0.9823253739060336,0.007080906092706024,-0.001426958897043983
1782546339.7031019,0.09109912063596959,0.6324070628146987,0.05625837486762435,-0.21174220702621038,0.9772997297761973,0.006983268126390403,-0.0013076350087699398
1782546340.7030938,0.08858236577876899,0.6312664461331372,0.0562386475764339,-0.23629092835878693,0.9716573352065195,0.006854680235625989,-0.001278074166592919
1782546341.7030516,0.08609867720059006,0.630002791335321,0.056214153046936444,-0.2606992166361773,0.9653943577093461,0.006916717595581622,-0.0013459442580148792
1782546342.7030675,0.08380935834887948,0.6286674383516397,0.05613317957750408,-0.28361763356841374,0.9589115916652382,0.006890390740894521,-0.0014559582859167283
1782546343.7030616,0.08148961163922025,0.627171922070155,0.05614167038177223,-0.30764282612067984,0.9514768020971099,0.006766318072970591,-0.0014154671574304663
1782546344.7030654,0.07918606198439837,0.6255372753658462,0.05606093044056511,-0.33156213161283554,0.9434083172139577,0.006713723450875376,-0.0014919146445692138
1782546345.7031002,0.07699189479978563,0.6238025099202658,0.056030956529504114,-0.35520724563623307,0.9347633811078274,0.006568409874931784,-0.0014456760005206232
1782546346.70308,0.07489040054838675,0.6219860886595298,0.05601931909284419,-0.37861910048422687,0.9255272153804107,0.006690654330438036,-0.0014783380291261963
1782546347.703056,0.07287239618104185,0.6200527890074622,0.05599446346336917,-0.4018105354173109,0.915698593828185,0.006508033352487647,-0.0014228108173007965
1782546348.7031205,0.07098903719094696,0.6178976869700776,0.0559821873446056,-0.42477969599091264,0.9052728136731005,0.006404020958559788,-0.001526831299847928
1782546349.703072,0.06927368140254297,0.6159131997238103,0.05596543183982709,-0.446148979140986,0.8949343113813558,0.006436720297841016,-0.0014951105784595882
1782546350.7030625,0.0676036018078236,0.6138905401010093,0.0559925995702224,-0.46858636855303276,0.8833963789043545,0.006008018158322199,-0.0012476629211557743
1782546351.7031162,0.06599889731809078,0.6113646426526452,0.055800013154207184,-0.49067673797720035,0.8713187509327429,0.006148101479499181,-0.0014744250596007604
1782546352.7030406,0.06453196603573136,0.6089759686939125,0.05584294957780796,-0.5125325359949299,0.8586448785205879,0.006004396092281624,-0.00182191232987626
1782546353.703057,0.06319039631557138,0.6065163988855518,0.05583681580776989,-0.5339503936621991,0.8454935567232902,0.005786080557093583,-0.0020356618505996595
1782546354.703051,0.06202011936259244,0.6040706069940154,0.055882610130326305,-0.5550653387917451,0.8317821721342984,0.006132967143602087,-0.00180955949589301
1782546355.7030773,0.060931913279315075,0.6014949940358714,0.055865149114821364,-0.5758734662948306,0.8175159387436575,0.005810317494205123,-0.0019185745410747518
1782546356.703068,0.06000823310109221,0.5989518051317536,0.05585987148877031,-0.5951384744140689,0.8035999597298599,0.005707818468077549,-0.002172970915053724
1782546357.7031193,0.05920674600577924,0.5964064990909087,0.055860383987392306,-0.615182005032505,0.788360093543116,0.0059031500494022,-0.0021485838058577108
1782546358.7030728,0.05850794878244453,0.593440898484129,0.055880027632312285,-0.634832709054387,0.7726268781377736,0.005490633306453057,-0.002234197762053854
1782546359.703046,0.05794516525258531,0.591013753258453,0.05589150450203746,-0.6541172091576724,0.7563683457466679,0.005786440336531024,-0.0020296168256584237
1782546360.7030554,0.057509554009510466,0.5879250308068413,0.055780305148430395,-0.6729586489775732,0.7396578228282467,0.005399113189075953,-0.0019522991648591452
1782546361.7031229,0.057318292891666234,0.5850686481568783,0.055743965037302515,-0.6913240098928226,0.7225224549592317,0.005349542479278544,-0.0019487997988124107
1782546362.7031105,0.05708946966966921,0.5826184370033559,0.055833054459256196,0.7093761641162322,-0.7048068422684258,-0.005463092815379504,0.0017109915959364285
1782546363.703059,0.05714285999290358,0.5796437623314457,0.05576993902214768,0.7259147102765123,-0.6877649592781084,-0.004868331001236117,0.0018691031569420971
1782546364.7030873,0.057294108090617024,0.576843441619362,0.0557797862622008,0.7429814353473767,-0.6692924001199015,-0.004759551074034643,0.0019017214483653625
1782546365.7030678,0.057575327237998464,0.5741064381417583,0.05577989803482751,0.7596187387851039,-0.6503483567641432,-0.004669962861213422,0.002139623233684939
1782546366.7030654,0.058044723408934296,0.5712799493184781,0.05580767699862256,0.7757185877547986,-0.6310592861162865,-0.004448826066931621,0.0022489919363875973
1782546367.7031136,0.058599806006744526,0.568535077863222,0.055855792199297316,0.7914011411425185,-0.6112768243577195,-0.004476228718407579,0.0022002676932200266
1782546368.7030597,0.059312403411845016,0.5658065839951392,0.055814443252632864,0.8065465214096317,-0.5911504896704564,-0.0043778242061787934,0.0021545346648709053
1782546369.7031517,0.06011482518213232,0.5631878571397988,0.05586182999976623,0.8211677204745306,-0.5706664412704949,-0.004375911194548407,0.0020588976539819216
1782546370.7030458,0.06107516945645047,0.5607127107080792,0.055813121979145515,0.8345104236532165,-0.5509718774555465,-0.004015105271959282,0.0024943930913997304
1782546371.7030635,0.06220933168799922,0.5580670572070077,0.05596254569643176,0.84811739503128,-0.5298007642364385,-0.002747676380805515,0.0006962286605607026
1782546372.703091,0.06331446405899888,0.555392374940196,0.05593398612072722,0.8611608841765167,-0.5083154249024284,-0.0037542630089276723,0.0018071745470292957
1782546373.7030447,0.06471364464914925,0.5530083348269125,0.055994154016143674,0.8737245168775118,-0.48640659047280116,-0.0034073738037522453,0.0015770718261852593
1782546374.7030547,0.06619325894320316,0.5506443882080095,0.05609872939737898,0.8856907047713445,-0.46425680818568654,-0.003641950492537279,0.0020803200445290515
1782546375.703038,0.06774629958538902,0.5483239145707163,0.056061554436918126,0.8971049188457898,-0.4417979460385443,-0.0036390926864879997,0.0020239721419964742
1782546376.7030544,0.06948732492932813,0.5461330099422592,0.056121514159221064,0.90796124112544,-0.41903488373966863,-0.0035321185926950405,0.0019170189044818047
1782546377.7030866,0.07115644060347348,0.5440162835938289,0.056189595385575525,0.9176532684865594,-0.3973626944112001,-0.0032858007206504683,0.0021380925681791624
1782546378.7031379,0.07304035004377576,0.5419449187825451,0.05616961965354975,0.9273729119864687,-0.37411924539334657,-0.003107367387572568,0.0021486293233324537
1782546379.7031069,0.07513663885123623,0.5399626011643492,0.0562181594963959,0.9364939881078244,-0.3506623135529479,-0.0030858469682709623,0.0023301588110588097
1782546380.7030625,0.07732091420968282,0.5381758398269773,0.05626553074751084,0.9450307955933692,-0.3269650001818209,-0.002770540228253259,0.0017343999276598439
1782546381.703059,0.07949079930282232,0.5363684857682931,0.05624660807367286,0.9529716756711172,-0.3030417242638939,-0.0027267341468182704,0.0018065560168050968
1782546382.7030518,0.08173622849497333,0.534734004213889,0.05630684671398742,0.96028168819982,-0.2790124794633637,-0.0026706364977467263,0.0019958237664441858
1782546383.7030835,0.08417149315183942,0.5332538250160702,0.05627481875680393,0.9670237153587823,-0.25467016094097106,-0.002375700952296076,0.0016121739924668374
1782546384.7030694,0.08649945622496213,0.5319496663066854,0.056281542253084654,0.972807192054513,-0.23160377375864052,-0.0020563246871991383,0.0012769481394998613
1782546385.703114,0.08890410690594028,0.5306348848815393,0.05635577726897227,0.9783276378515324,-0.20704355572953645,-0.002214964505823914,0.001758686711497137
1782546386.703074,0.09154851827658878,0.5294766747928876,0.056386478449505215,0.9832236821543702,-0.18239116491083707,-0.0018392660677407488,0.0011273480394296052
1782546387.7030518,0.09420963908841887,0.5283993067569243,0.05635848238229937,0.9875049675702656,-0.15757375905996712,-0.0016815927978031016,0.0012734698357817244
1782546388.7030644,0.09685862645678944,0.5275798679418876,0.056444511485252175,0.991166730065527,-0.13260806487416232,-0.001563675837968652,0.0010813229926467164
1782546389.703062,0.09967157191925125,0.526809787596297,0.05650742283112867,0.9941888184562736,-0.10763697894315724,-0.0012890060653504862,0.0011011284541220636
1782546390.703117,0.10232672921283095,0.5261840188219131,0.05648543096586283,0.9965857995951981,-0.08254646953990054,-0.0013805066986484278,0.0009584429836823761
1782546391.7030602,0.10496452069258985,0.5257440536037061,0.05643584529707255,0.9982713166680469,-0.05874082887789711,-0.0011944730245098958,0.0015705332773596793
1782546392.7030454,0.10774672409217917,0.5254738598416405,0.056443035120180424,0.9994358167339663,-0.03356667244489292,-0.0004889645753789206,0.0010429016881267068
1782546393.7030933,0.11048662189059649,0.5252830379338839,0.056520565156783886,0.9999645767189957,-0.008349871507817021,-0.00013120401665778008,0.0010524915717788315
1782546394.7030914,0.11329532083321259,0.5251866870094943,0.05658464652913242,0.999858909271363,0.016771380011146978,7.308251561391977e-05,0.000936494606528657
1782546395.703085,0.11611099206038641,0.5252669611780733,0.0566135785248433,0.9991205782941476,0.041919265284135254,2.645318955226821e-05,0.000918981738292633
1782546396.7031202,0.11886685126439997,0.5254865993291677,0.0566390457679705,0.997744659790977,0.06711772097686856,-9.779076597401856e-05,0.0008920910406195145
1782546397.7031715,0.1217555835330747,0.5258510653891755,0.0566886316699462,0.9957345407322213,0.09226133373997367,0.00026695255388731957,0.0007067005358916331
1782546398.7032773,0.12444349805275412,0.5263352709084498,0.056725757876145005,0.9932600572007081,0.11590406387881134,0.000441393461314568,0.0007154843358869393
1782546399.703111,0.12710144530806258,0.5269942066878592,0.05675082859583326,0.9900215751138903,0.14091407236739986,0.0005625066359790603,0.0004342857713772896
1782546400.7031217,0.12980410505712492,0.5277620835175789,0.056753173489137235,0.9861552369203658,0.16582289992499075,0.0007362639810777652,0.00026920318338722026
1782546401.7030823,0.13250050645527156,0.5286139377464671,0.056759698286284486,0.9816605643677856,0.19063495949226766,0.0008633256509494386,0.0003213305505586725
1782546402.7030833,0.13501745957608266,0.529703722140457,0.05685398611157633,0.9765487113298378,0.2152937807451488,0.0010960887806967378,-3.101415401428233e-05
1782546403.703062,0.13761105337800356,0.5308312106313483,0.05682015471925066,0.970821108613778,0.23980037371414684,0.0014593649387226537,-0.0001615253730044189
1782546404.7030673,0.14006844119062925,0.5321832945533576,0.0568976955671633,0.9644673842688828,0.2641965124971316,0.0016328874744956246,-0.0004484912349280334
1782546405.7031147,0.1423100538775791,0.5334592922548064,0.056917387578674164,0.9579069145682092,0.2870733359989476,0.0017316699875798388,-0.0004940646751509297
1782546406.7030914,0.14481480729029303,0.5349353341431895,0.05686171382147666,0.9503846474746714,0.311069374691578,0.0021957020251091542,-0.00021181608110045643
1782546407.7030654,0.14699831283532896,0.5366393447395983,0.056908030761131115,0.9422211137995516,0.33498364358107624,0.002152712319850469,-0.0008349090650783725
1782546408.7030652,0.1491043780123833,0.5384149630253329,0.05694951737369659,0.9334787528873686,0.3586256955730663,0.002097866392267733,-0.0007920474592518515
1782546409.703062,0.15123941808476052,0.5402575940790697,0.05700832738725771,0.9241404448317652,0.3820439864946642,0.002342607578587152,-0.0011587921060268243
1782546410.7031314,0.15325987041009237,0.5422140590654858,0.056980144156405246,0.9142269135878048,0.40519470209565245,0.0023740046624465055,-0.000876337374951676
1782546411.7030547,0.1551239781377651,0.5442220067917908,0.05694212240937335,0.9037373336101208,0.4280778631629978,0.002620769868948883,-0.0011430110958033897
1782546412.7031,0.15688458347083128,0.5462509845312424,0.057107355660977174,0.893292959398803,0.44946349210407105,0.0029373252606718606,-0.0012767436919961146
1782546413.7031012,0.158469801786632,0.5485743065116749,0.05699878580942834,0.8816608765850839,0.47186969094099984,0.0031266461604817527,-0.0018214154534290374
1782546414.7030714,0.16003338975011036,0.5507953979574809,0.05716527443460433,0.8695061306830071,0.49391154198777193,0.0029784583606919826,-0.0012673522480332133
1782546415.7030566,0.16149010930470162,0.5532510837738811,0.05708232702517473,0.8567983767450522,0.5156387264608892,0.00326569989660844,-0.0016064199393337072
1782546416.7031326,0.1627733813822548,0.5557004839291078,0.05727109908173825,0.8435166848482366,0.5370893405097911,0.0034730719279286444,-0.0016063825142086853
1782546417.703103,0.16400399169358193,0.5581671471733949,0.05706145919308627,0.8297028975688473,0.5581918421161259,0.0035827965899640516,-0.001460386750107262
1782546418.7030773,0.16506262334627286,0.5607848658282389,0.05709597561894021,0.815390584245261,0.5788957391041383,0.003810249194285474,-0.0018440098488656026
1782546419.7030826,0.16592214902185295,0.5632376622948166,0.057125059210078606,0.801348244551354,0.5981837434890167,0.003906165806071365,-0.0013935022873876326
1782546420.7031033,0.1666995984470347,0.5660065432441911,0.05712892417231863,0.7860495793561665,0.6181499749749539,0.0038673364714842504,-0.0013080294621997572
1782546421.7030807,0.16742644004240506,0.5687310413253891,0.05732240806487396,0.7702280571017591,0.6377538877159815,0.004057658739031427,-0.0015013866783979972
1782546422.7030847,0.16794263299700019,0.5713850338492759,0.057084335882465746,0.7538940385913956,0.6569826524750283,0.003962885776413088,-0.001366916074473823
1782546423.7031493,0.1683118117845027,0.574139604827054,0.057319211018415125,0.7371578193169123,0.6757049273166295,0.004383087635132838,-0.0014103768099039847
