timestamp_sec,position_x,position_y,position_z,orientation_x,orientation_y,orientation_z,orientation_w
1782541856.7943723,0.28781736379612316,0.5802642378548633,0.05852683237537817,0.7062460764071282,0.7079305559734024,0.006609580873308342,-0.0026685050881452748
1782541857.75682,0.2875835901888306,0.5868767003181266,0.05838832887732363,0.6922090398991727,0.7216534004889367,0.00749537632487983,-0.002614187898429458
1782541858.7568243,0.2869206800281776,0.5951261801214207,0.05842109588963294,0.6737952683221121,0.7388715777812264,0.008052639769669724,-0.001970514286679618
1782541859.756817,0.28583707794099344,0.603708613088869,0.05831990202305652,0.6549531460506802,0.7556204480456123,0.008454253226473972,-0.0016249849375447913
1782541860.7568252,0.284382177765085,0.6122226162170104,0.05825340272421618,0.6357101433331922,0.7718831787723848,0.00813038547478927,-0.0016937601844207533
1782541861.7568204,0.28243332111048447,0.6208044669122854,0.05820404438225367,0.6160345355520928,0.787670535111634,0.008684553913538964,-0.0010759402365584387
1782541862.7568207,0.2802689436385748,0.6287227077384935,0.05812452314027851,0.5971624406479771,0.8020722472583874,0.00874980504242896,-0.0007553601464485874
1782541863.7568183,0.2775025899310918,0.637034449157324,0.05812470296354356,0.5767417016456698,0.8168773993731202,0.00894514661149871,-0.0005552732334697644
1782541864.7568533,0.2743612681200295,0.6452404469180735,0.058135968590116535,0.5559881515815466,0.8311408830862833,0.009048377751549659,-0.00036691082544617324
1782541865.7568085,0.27079668668373774,0.6533564358435844,0.058101932479913174,0.5349056881494114,0.8448634988331148,0.00902949817567447,-0.0002031934240517109
1782541866.7588654,0.2668498331664011,0.661235280494934,0.058005550776508444,0.5133939994357037,0.8581020746401117,0.009350445721595626,2.5605795536891786e-06
1782541867.7568274,0.2625111473121966,0.6689222095486964,0.05784088264952701,0.4916316086521921,0.8707522084471038,0.00942882192309807,0.00022399931270357425
1782541868.7568355,0.257782656677604,0.6763245199841839,0.05777828051501378,0.4695624169671139,0.8828486084424284,0.00945003608219692,0.0004098308373172485
1782541869.7568772,0.2530521690229959,0.6831731211043,0.05771341336274794,0.44843123868319473,0.8937664907622875,0.009523911523651549,0.00042340620095050464
1782541870.756822,0.24760705972618358,0.6901796212410793,0.057784600974028474,0.4257975419502687,0.9047676948467868,0.009572769332569907,0.0004834439433418542
1782541871.7568157,0.24179559673880335,0.6968927030540892,0.05755634974735864,0.4028982276470275,0.9151956830290408,0.009466481315961117,0.0005154176814461703
1782541872.7568233,0.23563142519851157,0.703168602325497,0.057511970427012046,0.37966055879209143,0.9250785600747058,0.009343132123095692,0.00047293753951683734
1782541873.7568786,0.2292615525421673,0.7093389353775171,0.05742673584524034,0.35624036358267896,0.9343515317452015,0.008935425192459366,0.000420305253834419
1782541874.7568088,0.2225922472582716,0.7151013419090224,0.057322151912917965,0.3326163122037806,0.9430144026820004,0.009483683037397984,0.0005338036282028156
1782541875.7568436,0.21564117094786212,0.7205320967382915,0.057253299137455624,0.3087688894063885,0.9510916012348879,0.00928675714352947,0.0005432650915255306
1782541876.7568192,0.20881916549517315,0.7253435300356768,0.05711987988423013,0.2860694952108018,0.9581660239609636,0.009039153456383349,0.0006388595049195112
1782541877.7568164,0.20133769817641828,0.7300398580403555,0.05705129056803922,0.2618216428693611,0.965074098942219,0.008997291809567159,0.0006779499586791669
1782541878.7568178,0.19363190554459825,0.7344370249033019,0.05695901058721685,0.23742424545935278,0.9713658740798155,0.00880376332458594,0.000748393304214372
1782541879.75683,0.18567680837392286,0.738359501094308,0.05677612813122597,0.21287267413500016,0.9770444352165393,0.008297572263855727,0.0007392655369610863
1782541880.7568264,0.1776410038840296,0.7419625304258194,0.05666141814752988,0.18821021231275717,0.9820936580744867,0.008253903416377571,0.0009142370881113387
1782541881.7568383,0.16937315322108393,0.7450686009819049,0.05663616440518656,0.16341253073851703,0.9865240983639615,0.008107259253051594,0.0009058102504950278
1782541882.7568111,0.16101028943194434,0.7478032464697196,0.05650185651290836,0.1385576147501545,0.9903234034954831,0.007771533791247636,0.0009732144686537068
1782541883.7568605,0.1529309394372323,0.7499478062449776,0.05634321222266321,0.11496628778251641,0.9933394850760856,0.007636304069046652,0.0010521038207642328
1782541884.7568321,0.14432584690812922,0.7518394733425037,0.05624090108135861,0.08996773088793318,0.9959156861739333,0.007512568413475325,0.0011466243555793801
1782541885.7568219,0.13557535893811135,0.753306761187855,0.056132768733029456,0.06479926437863304,0.9978732592542655,0.006983315439040364,0.0011167393323140368
1782541886.756838,0.12680486856130824,0.7543982068745613,0.05595926067134892,0.039695025639691746,0.9991903393632918,0.006446788960381795,0.001187255083907895
1782541887.756821,0.11795118835517082,0.7549951544346623,0.05584667473031279,0.014448106684762705,0.9998756405760217,0.006169840606230353,0.0013742862910747194
1782541888.757877,0.10913593476050254,0.7551613909906673,0.05576453857340845,-0.01070655596364872,0.9999257526185814,0.005633801643056262,0.0014557433178731892
1782541889.75682,0.10031248140207188,0.7548169028474548,0.05566562049959049,-0.03592960110679616,0.9993382010049333,0.0054832194306653715,0.001469040913391358
1782541890.7590325,0.09199600552994452,0.7541213556617139,0.055617138766405685,-0.0597212727975117,0.9982032109534338,0.004575402951788746,0.0016688036219151589
1782541891.756813,0.0832456573476767,0.7530628960966975,0.05544316603428119,-0.08483816794315203,0.9963814515696384,0.004856964447454016,0.0017023878482878522
1782541892.7568269,0.07459367042212328,0.7514010623592795,0.05535169243793349,-0.10993724187654237,0.9939301495303148,0.003643237298666738,0.0018405230806964126
1782541893.7568536,0.06600503681995845,0.749556904641592,0.05511109283226996,-0.13495932051429188,0.9908414257371003,0.003987491969508331,0.0018305074116504471
1782541894.756863,0.05758510908508313,0.7471826501837888,0.055043906396543454,-0.15987282486388316,0.9871299629422805,0.003421227471941043,0.0018469797506823192
1782541895.7568262,0.04930170774036796,0.7443447009006705,0.05500767439928779,-0.18465033578463488,0.9827981685804648,0.002916451101671182,0.0018728701176291614
1782541896.7568092,0.041082992415879704,0.7410495994657292,0.05493415746174031,-0.20939399747456336,0.9778232077012676,0.00349421870377423,0.0019284029860272714
1782541897.756851,0.03354044713804194,0.7374739024005657,0.054688481103265255,-0.2325950682076972,0.9725662098437334,0.0032589643986823623,0.001969991548188962
1782541898.7568095,0.025698543906171045,0.7336163373270219,0.05468647319693238,-0.25707767118932595,0.9663847012826541,0.0026884515163143334,0.0021100547748623545
1782541899.7568226,0.018106756312367744,0.7290576051293298,0.05471401895543634,-0.2812900429779607,0.9596163516599127,0.0026549531415010104,0.0023066365540414615
1782541900.75683,0.010741856345880652,0.7241567436088203,0.054515202347750716,-0.30539607678099706,0.9522191503023341,0.0026093109474376406,0.0022622070320499348
1782541901.7568307,0.0036168976964291444,0.718921497967473,0.054344520722042,-0.32927591574146503,0.9442269140363135,0.002587667804888889,0.002492006703717593
1782541902.7568529,-0.0031739330320654235,0.7133819527915415,0.05427667158227194,-0.35289451061014987,0.9356563180861628,0.002397101869520133,0.0026405888160455863
1782541903.756808,-0.009771341260271738,0.7074274827283408,0.05425806676016477,-0.37635650090426737,0.9264676982745577,0.0023669982653496753,0.0027902688313672817
1782541904.75692,-0.01568378217200178,0.701404475826443,0.05413012582073513,-0.39834515254431524,0.9172286940063368,0.0020275052417197833,0.00292430476709031
1782541905.7568243,-0.021542298378037783,0.6949861404628809,0.05401968243753281,-0.42127535279476663,0.9069250009936127,0.0019684815596302976,0.0032007469018833345
1782541906.7584486,-0.027181003422546812,0.6882240065259757,0.05403676377959258,-0.4440018325313642,0.8960181962539842,0.0016726087483006071,0.0033116567639672385
1782541907.756833,-0.032437080643584026,0.6810490531290712,0.054054775807076634,-0.46642472425721165,0.8845529823284418,0.0014765402841914028,0.0034377149725948563
1782541908.7568512,-0.03731563450874603,0.6736875408548966,0.053940247159810537,-0.4885427479325846,0.8725314335769381,0.001255644696762679,0.0036474949003273607
1782541909.7568188,-0.04180422082696894,0.6660135837739084,0.053819744027636646,-0.5103504745388663,0.8599572922717493,0.0010933387701856643,0.0038279520541562155
1782541910.7568254,-0.04586293803224384,0.658185682557652,0.05369606025382863,-0.5318590254399402,0.8468227527395684,0.0007317726814966514,0.004082524880447529
1782541911.7568114,-0.04942790683907605,0.6507444453289294,0.053787445860745645,-0.5518335800453897,0.8339432433319185,0.0004732211824208006,0.004259447973822488
1782541912.757212,-0.05275358537270902,0.6425015549855241,0.053842067314784955,-0.5726670319357282,0.8197762414463401,0.00025985635899358696,0.004395107360293497
1782541913.756855,-0.05569471816994004,0.6341528299082111,0.053763694227295655,-0.5931409463061282,0.8050850268929217,0.00013018820174091498,0.004679779794671896
1782541914.7568107,-0.05819200733423063,0.6255767046849252,0.05373025697999097,-0.6132202767902176,0.7898975684578889,-0.00021974708991927917,0.004761847210922266
1782541915.7568216,-0.06023362626748163,0.6170110931722186,0.053653555639128624,-0.6328848949938335,0.7742290343085937,-0.0005216664509126842,0.005083304667314838
1782541916.7568626,-0.061861054295646256,0.6083415430900179,0.05367511607711918,-0.6521634994864208,0.7580589667049005,-0.0006848523938475968,0.005376235962321754
1782541917.756842,-0.063039591090857,0.5995671955351738,0.053676039873062936,-0.6711090512953699,0.7413368537053906,-0.0010131817615419343,0.005593216457365018
1782541918.7568278,-0.06371482816445517,0.5911742111804492,0.05369255514582715,-0.6884844079447412,0.7252276848564146,-0.0011615692191079016,0.005716283034752724
1782541919.7568285,-0.06404089037867727,0.5823416586436749,0.05360948499762572,-0.7065164524760381,0.7076686116039126,-0.0015347051163476975,0.0061059979914122
1782541920.7569065,-0.06394537891143176,0.5734592110784278,0.053647545911299555,0.7241611056793585,-0.6895994678896882,0.001897916094242797,-0.006298001429606778
1782541921.7568219,-0.06341012960548864,0.5647917461203038,0.05374354530924076,0.7412885620207634,-0.6711503434639372,0.0019177042066861494,-0.00669378039702726
1782541922.7568388,-0.06239422856357546,0.5558839850562896,0.053808402056273075,0.7579296609994114,-0.6522969157432404,0.0023295322559933663,-0.006777607884918187
1782541923.757017,-0.060880568004377716,0.5470945874890817,0.05379676155002647,0.7740888025629451,-0.6330320638573086,0.002404974318414466,-0.007151781159270953
1782541924.7568173,-0.05907217995896602,0.538486077341475,0.053778372806723096,0.789781807991384,-0.6133354935391903,0.0026275428835710705,-0.007573912416555577
1782541925.7568111,-0.0569236473986269,0.5304251391872661,0.0538968522707013,0.8041813900446606,-0.5943263468480537,0.0029442362472767007,-0.007734133500565761
1782541926.7568185,-0.054153049832683625,0.5219560819227957,0.05388205585463394,0.8188436628708861,-0.5739508936295885,0.0032880626560911523,-0.00803841538844257
1782541927.7568307,-0.05099513670379682,0.513689990957163,0.054043030644776086,0.8330598460800837,-0.5531089671717526,0.0034309713036201482,-0.008366105374562376
1782541928.7568269,-0.04741478827043083,0.5055450467861844,0.05403476144286631,0.8466992169426198,-0.5319872298854443,0.003768521068126915,-0.008707555140501992
1782541929.7568717,-0.04350654454571304,0.4976372776438192,0.05406756991552729,0.8598388129811662,-0.5104732529786934,0.003909530945622077,-0.00888758979000217
1782541930.7568357,-0.039099743654929686,0.4899956823789527,0.05416288145852069,0.8723841132383077,-0.4887169569828083,0.004294538451684101,-0.009124246070908507
1782541931.7568345,-0.03436295884135246,0.4823206880453967,0.05416621768032,0.8844169530291354,-0.4665803873009396,0.004805612263387927,-0.009289858531717675
1782541932.7568152,-0.029609939818649678,0.4754862012242142,0.0543445481348214,0.8952682427268945,-0.4454022107567811,0.005039131988565759,-0.00928716137860591
1782541933.7568238,-0.024160284352154587,0.468490029579418,0.05438040534123842,0.9062104502888046,-0.4226842347356616,0.005420254554907126,-0.009553969533659364
1782541934.756826,-0.01841684975255295,0.461825257473645,0.05453404942669288,0.9165572978142731,-0.39975303031653725,0.005326932659639534,-0.009584276946295055
1782541935.756815,-0.01216417431374403,0.4553160683434459,0.05449399713056502,0.9263012690680943,-0.37660134850865046,0.006084576291153711,-0.01001804150825736
1782541936.756819,-0.005804725228176738,0.4491876735652094,0.05464263100940147,0.9354655399438674,-0.35321635419469255,0.0061625872934666,-0.010220236043681505
1782541937.7568123,0.0009754789499135386,0.4433763140410615,0.05468215508289956,0.9440641104048552,-0.3295462364887934,0.006320575483574689,-0.010113544735556573
1782541938.7567909,0.00792937289119977,0.4378481898456107,0.05483091623738244,0.9520742225820203,-0.3056078875328659,0.00659338277012872,-0.010724787932055247
1782541939.7567813,0.014819240393763117,0.43315158648598506,0.05489146940398115,0.9590761135169982,-0.2828654334940493,0.006838541548809433,-0.01064844424501048
1782541940.7568278,0.02232659360528494,0.42836034712794013,0.055086695798233026,0.965880702518351,-0.2586434634163306,0.007262073535183551,-0.011193284711453795
1782541941.7568603,0.030124599580680866,0.42400510735288494,0.05513035798365256,0.9720948028787281,-0.23419633054807482,0.00756614624094534,-0.011248395665360395
1782541942.7568264,0.038111501944571635,0.42002094823542413,0.05523269076280904,0.9776800729841718,-0.20969627894067164,0.007704382840850013,-0.01047797562234068
1782541943.7568119,0.04615896083081972,0.41660226243933396,0.05538773336884681,0.9826395147781234,-0.1849804885269199,0.009140621878729422,-0.010874368608173472
1782541944.7568486,0.054433841612568756,0.41352012425043916,0.05552918945974443,0.9869878720012782,-0.1602029328057953,0.010083919809234754,-0.009395499140083856
1782541945.7568135,0.06300680395868441,0.4110735709191423,0.05556953689520813,0.9907129526402094,-0.13527647939466408,0.010701372978585843,-0.008579056467719032
1782541946.756832,0.07111306190379937,0.4089977894387882,0.055740051711774874,0.9936369110532026,-0.11173450912022984,0.01149823187283171,-0.008299345041010694
1782541947.7568207,0.07980669350580222,0.40742580284869295,0.05585713596385104,0.9961485164353953,-0.08658383579655309,0.011860203546734888,-0.0071209658155761595
1782541948.7568114,0.08870670388812227,0.40626048771802353,0.05598006206735946,0.9980131218786252,-0.06135986148048479,0.012238873184331766,-0.007415250525369482
1782541949.7568145,0.09760732367866223,0.4053235829102014,0.056089619691049385,0.9992380081403034,-0.036180990334719054,0.01240733813623743,-0.007771549817836171
1782541950.7568157,0.10640289825273927,0.4048173087277725,0.056219986212958796,0.9998280220028657,-0.011070646700888366,0.012471288258848306,-0.008113825770006312
1782541951.7568142,0.11527534702594891,0.4047889598369194,0.05629600539145972,0.9997799428205446,0.014130698203764837,0.013287109475561597,-0.007990120387516128
1782541952.756828,0.12392471313445239,0.40521037843481444,0.056426617566088216,0.999100243014974,0.03934316099378471,0.013872147271976476,-0.00764091751700842
1782541953.7568414,0.13229407181470162,0.4059187910653239,0.05655015626172769,0.9978729774258387,0.06308063067287155,0.014599368587846624,-0.007563953598527614
1782541954.7568822,0.14100784950923262,0.40724612775650515,0.056637016461420796,0.9959540464809835,0.08821491647457856,0.01529337166495479,-0.007731661700796177
1782541955.7568173,0.14960489810457456,0.4088195002893513,0.056739041132410795,0.9933944566859003,0.11334897890623333,0.015998006905124703,-0.007970331342086679
1782541956.7569108,0.15813065253467565,0.41091319358355,0.056911131633936435,0.9902056578700078,0.13829863125347136,0.017210376481130957,-0.008369388091082723
1782541957.7568471,0.16669676916329926,0.41354162695149144,0.05697466727993722,0.9863927543677329,0.16330746176181957,0.01700883910227198,-0.008408713108575215
1782541958.7568047,0.1749863197755067,0.41648102762275685,0.05713785085692877,0.981956106430798,0.1881191158245544,0.017290495247935498,-0.008627982309688297
1782541959.7568533,0.18314473921273616,0.41978810972826286,0.057210622124006405,0.9768903832284721,0.2127346756728962,0.018446559490518044,-0.009426630630263309
1782541960.7568302,0.19052464335763508,0.4232593073408173,0.0572992305954666,0.9715100682384422,0.23595627287748394,0.01975869163683093,-0.01012021274007417
1782541961.7568355,0.19825850773143847,0.42735599315580886,0.05737726968163791,0.965230487264635,0.2603189507008416,0.02125275692635094,-0.010605219654376857
1782541962.7568195,0.20568328672472072,0.43176364853146376,0.05746537946715996,0.9583214972878322,0.28456197139989653,0.022659451460774114,-0.011442968518207548
1782541963.756826,0.213088207196704,0.4366298709350489,0.05771907072597862,0.9508032777207354,0.3086811800379364,0.0231308819991945,-0.012410417552710806
1782541964.7568326,0.22016624896377812,0.4419218716408662,0.05764012140317139,0.9427323047491774,0.3325954778669768,0.02223082806163956,-0.011909658619604116
1782541965.7568145,0.22702691117886084,0.4475396610797183,0.05766440811097093,0.9340406793598675,0.3562814545747588,0.021775109708806424,-0.01254507968172566
1782541966.7568526,0.23348056202069875,0.45330515361581725,0.057729653002543416,0.9247473711856776,0.37966102934475293,0.02226887302328941,-0.014279340892845101
1782541967.7568505,0.2394006214843329,0.4590396978887322,0.05777235093820543,0.915415150223623,0.40156887922706513,0.022700338268315325,-0.015563824076517133
1782541968.7568336,0.2453691516760454,0.4654648758894451,0.05778680402609815,0.905006085625951,0.4244526000818191,0.022980734371345523,-0.016609067148125923
1782541969.7569304,0.2508693712712915,0.4722989220275335,0.05792751837711123,0.8939797126071246,0.44716616287019084,0.022915430429947255,-0.017820754165941213
1782541970.7568228,0.25613120489406616,0.47935452735844086,0.05791619713830361,0.8824283464105264,0.46958665492043017,0.022028024706472794,-0.017982021559213756
1782541971.7568276,0.26115817906333627,0.48673101288986853,0.05792212746068348,0.8703372033863582,0.4916588229670332,0.02143691987648435,-0.01803365372001926
1782541972.7568302,0.2655715601306764,0.4944668815588031,0.057976502510210096,0.8576333293822521,0.5134367648307441,0.021337466617345754,-0.019810940694634946
1782541973.7568223,0.26964421098104496,0.5021291341242929,0.058058976276219046,0.8444395416181513,0.5349080928166086,0.02063394049328319,-0.019220647511069427
1782541974.7568042,0.2732627895201195,0.5096928054382639,0.05794587598744254,0.8314710980998886,0.5548871693010906,0.01973626940289293,-0.01914476533271574
1782541975.7568116,0.2766001146758515,0.5178713411618828,0.058123017146039534,0.8172550154219956,0.5755813198644393,0.019733419148319387,-0.02027254693965816
1782541976.7568297,0.2794404472464783,0.5260855764522439,0.05810111388143348,0.8024860314537884,0.5959985204956957,0.019708059886235422,-0.020335320602633513
1782541977.7568545,0.28189048003661343,0.5345612921900726,0.058035205205442086,0.7871850098286844,0.6160476029202551,0.019894528357567384,-0.02072001396360276
1782541978.7568161,0.2838214070754266,0.5429934679259956,0.058103611915467146,0.771401930324633,0.6357244314609839,0.01929893947070727,-0.020519748301210484
1782541979.7568853,0.28547009295855247,0.5517487364457411,0.05815465072790692,0.7551592038809428,0.6549210886569391,0.019889500220819145,-0.02042919986872842
1782541980.7568045,0.28657937403309386,0.5604999936562152,0.05808659720217356,0.7383999225161706,0.67373208814075,0.020111492198947572,-0.021122398517915107
1782541981.756807,0.2871834476736427,0.5686928494892313,0.05824356793368053,0.7221621635174416,0.691081970612544,0.020584384536561206,-0.021536076507616825
1782541982.7568471,0.28620302334717107,0.5762971567866519,0.058194757698357344,0.7067201003550986,0.7068334658765584,0.021523642707851166,-0.021676809626799853
1782541983.7568197,0.2771481386332796,0.5768295281349352,0.058057334963764314,0.7062396237768084,0.7073752247103844,0.0189247460656495,-0.022084819670444303
1782541984.7568343,0.26910319847611375,0.5768268217304285,0.05788839494119828,0.7087369977123777,0.705004327864845,0.01534024054348356,-0.020626264459450372
1782541985.756839,0.26880602766492967,0.5700917725271358,0.05804887889907606,0.7261771565523798,0.6872266343213435,0.009863620229864475,-0.016999981671168684
1782541986.756814,0.26803085918958314,0.5631210735981651,0.05778723954262664,0.7432805960677134,0.668805442131829,0.007619910424488137,-0.01323529558401267
1782541987.7568192,0.26693736068785623,0.5566314579449013,0.05812474257879935,0.7598408452211405,0.6499396493004133,0.005428657992039704,-0.0138156387215442
1782541988.7568834,0.2653851060911565,0.5491129913576894,0.05820172038929901,0.7751555595424032,0.6316284426686519,0.0032090621133002207,-0.013002724438766437
1782541989.7568421,0.2636486478867691,0.541680064988118,0.057890297225071705,0.7907935045626732,0.6119610401377039,0.0035831499661998795,-0.01168244543683408
1782541990.7568083,0.26149846647247277,0.5343603861191664,0.05785518635442326,0.8059772996706628,0.5918210137737416,0.0032513107477360487,-0.011743468390101281
1782541991.756809,0.259064917051223,0.5270056502415348,0.0578045211793272,0.8206316950353273,0.5713262988726454,0.003179287268432145,-0.011822582306547126
1782541992.7568357,0.25614768869042803,0.5197242345370029,0.05777053347684345,0.8347610162254598,0.5504850729994043,0.004015866867627059,-0.011140152978286919
1782541993.7568297,0.25310222353653855,0.513276876152193,0.05793875662481125,0.8483943130983818,0.5292152270245801,0.004598340650322123,-0.011712738830463759
1782541994.7568204,0.2494291551585157,0.5061015634608594,0.057899033199107455,0.8614635933880467,0.5076812007693448,0.004873270353976513,-0.010794762082024852
1782541995.756885,0.24566182949334966,0.4992922119835135,0.05758604213920146,0.8733184927805409,0.48703521818172446,0.0049511754301088855,-0.00932696521193599
1782541996.7568526,0.2412419469632454,0.4928861269019039,0.05759086716356303,0.8853221913799596,0.4648492577871375,0.004952176170262593,-0.00976017090589614
1782541997.7568293,0.23667777292493575,0.4865727632874726,0.05760166747820018,0.896764066843961,0.4423734045946396,0.005367915558364691,-0.00954802636073992
1782541998.7568262,0.2317159888757456,0.4803256855484874,0.05766974443495093,0.90761298778234,0.41968048943782466,0.005104303225929428,-0.008994291668593689
1782541999.7568247,0.22654509658997612,0.47434433577234336,0.05745879626031121,0.9179086029388709,0.39667376120083064,0.004638583591835135,-0.008497491856911631
1782542000.756939,0.22113117861674184,0.4690946281034875,0.05736991592907249,0.9276337866861181,0.3733472427429161,0.00506623025650204,-0.009040323314117945
1782542001.7568188,0.21523616814726845,0.46363287199818826,0.057412358694947555,0.9367114835021811,0.349962102997419,0.004772257136774986,-0.008680363044686569
1782542002.7568433,0.2095957764070162,0.45877348664604856,0.05724583087085891,0.9448076814662413,0.3274816787860004,0.004906952007530727,-0.00837358488846351
1782542003.7568164,0.20335820830249327,0.4543838384194865,0.05720259080616662,0.9527623211565284,0.3035503271961324,0.005092391880073465,-0.008673280145655873
1782542004.7568176,0.19680730391849754,0.44970648025368576,0.057224022864824364,0.9601201181297032,0.279413935337341,0.004453771277658341,-0.008796330104731355
1782542005.7568343,0.19017501121335334,0.44565049276385005,0.05712922940683873,0.9668582301181099,0.2551441801484253,0.004407407355821361,-0.008196642584839618
1782542006.756844,0.18319655352114653,0.4419554701075701,0.05694700548881659,0.9729771963548967,0.2307133087636932,0.004171731871355232,-0.008327135513925143
1782542007.7568107,0.1762082890459148,0.4385729283701579,0.05676042751031107,0.9784897134070699,0.20608465038211632,0.004207489294588959,-0.008324341851884262
1782542008.7569335,0.16895389419396284,0.4355180244628992,0.0566694537163136,0.9833823312785639,0.18130287789222263,0.004319194115674106,-0.008354732750114474
1782542009.756853,0.16191056227413494,0.4330067922230799,0.05661918603480902,0.9874157273730096,0.15785597697026305,0.004776915301840464,-0.008297767856069074
1782542010.7568555,0.154465944827296,0.43065080563845365,0.05651630554840681,0.9910821545023725,0.13292421159018022,0.004644352059637344,-0.008108452010749381
1782542011.7568374,0.1468149996042566,0.4287563201135638,0.0564553681145505,0.9941193568113394,0.10788893294855981,0.004546884649952011,-0.008124555385374998
1782542012.7568085,0.13909382266096026,0.4271806221183837,0.05645514719475066,0.9965247533547806,0.08279372544942763,0.004371685950051403,-0.008031397098420304
1782542013.756819,0.13135485557695997,0.42614035353725727,0.05646452357364386,0.9982905496170585,0.05765092417137676,0.004112984627970018,-0.008685208397474171
1782542014.7568517,0.12354387918839832,0.42544690519531664,0.05629431983114787,0.9994288232913359,0.032512369742487605,0.004067621880860775,-0.00827208803494444
1782542015.7568176,0.11576260270833116,0.42504486698372185,0.056073299062360665,0.9999323989716877,0.007238892082537253,0.003595774799908648,-0.008358608241283946
1782542016.756832,0.10844257505671157,0.4250085484070094,0.05592200856769711,0.9998235153933757,-0.016530389875600685,0.003145734670833916,-0.008353958964091085
1782542017.756815,0.10063589462073486,0.4254113675430268,0.05590271021196333,0.9990900070504776,-0.04175230721912211,0.0027835778801882424,-0.008255564665234373
1782542018.7568188,0.09290114975707703,0.42624166009561704,0.055843525877199096,0.9977167935969826,-0.06694451456763538,0.001842301046226517,-0.00873141859692151
1782542019.7569168,0.08520160561212578,0.4274444494706171,0.055793205318102675,0.9957184034964718,-0.09201869294921772,0.001805473208074901,-0.008611698604216745
1782542020.7568407,0.07746252878934765,0.42896975793739794,0.05570333964051302,0.9930824981604975,-0.11713273438783366,0.0018561672932196564,-0.007976780372696859
1782542021.756837,0.0699165742344979,0.4309511762799086,0.05562838944371836,0.9898112067553946,-0.14217281933549297,0.0018335914621374421,-0.00756983262541613
1782542022.7568395,0.06240509351169091,0.4333674034505525,0.055445044630500914,0.985885142925282,-0.16725363083150221,0.0013608463755703795,-0.007406485672579584
1782542023.756863,0.05544637857034579,0.4359177848365141,0.05528215086973069,0.981630439813395,-0.19065554526056352,0.0010569781580169956,-0.007143212885766817
1782542024.7570164,0.048122965943449975,0.43904114796705496,0.055157802834759226,0.9765259471273517,-0.21528170223685722,0.0016784578798824522,-0.006931525674420914
1782542025.7568357,0.04102595301943657,0.4424280513077178,0.055264520810731604,0.9707841074782317,-0.23985850606168813,0.001617317574711981,-0.0065953029809682935
1782542026.7568274,0.03422270142625117,0.4462769460439249,0.055160678350899064,0.9644547904995263,-0.2641650205203466,0.0017497841086031554,-0.0063825756221930294
1782542027.7570968,0.027503717550806717,0.4504849298689866,0.054915527751485366,0.9575033773893027,-0.28835121394698765,0.0013512192612081095,-0.006247712372170138
1782542028.7568264,0.020978337217628568,0.4549782477459928,0.054848512876698854,0.949954692221557,-0.3123221361446558,0.0018071679941516802,-0.006140044309854917
1782542029.7568192,0.01474294874977189,0.4597646535368095,0.054923345635809806,0.9417904256016445,-0.3361455735302376,0.0016080920990583242,-0.00586188373323566
1782542030.7568185,0.00910789875201809,0.4645981580163795,0.054770136523851626,0.9335097310225485,-0.3585076142573962,0.0009424420735457508,-0.005566364039232853
1782542031.7568448,0.003571794874778017,0.46995914915587134,0.05445457804137231,0.9241716613719085,-0.38193658949013626,0.0002810340520104371,-0.005577001487455618
1782542032.7568386,-0.0018607365310183976,0.4755125204574401,0.05441071033865617,0.9142616659755948,-0.4050891600925181,0.00025668532849505504,-0.0053209600365372286
1782542033.756829,-0.0069894681077681264,0.48145908513637115,0.05447851247080424,0.9037696506968774,-0.42798720838390936,0.0004354825271410657,-0.005213280537344291
1782542034.7568269,-0.011941014401222166,0.48767948539728656,0.05449098617099192,0.8927547053021353,-0.45051647344025103,1.7918889222687552e-05,-0.0048931583635420444
1782542035.757736,-0.01642711553314158,0.49409778987172126,0.054510158441890263,0.8811159598069279,-0.4728739046523788,-0.0006509919934663709,-0.004950947561203347
1782542036.7568603,-0.020654447870200904,0.5007245117598771,0.05436684555095089,0.8689410624474069,-0.49489195793240914,-0.00025837839356085163,-0.0048283752136981505
1782542037.756825,-0.024217698133740917,0.507154813362949,0.054167507737032106,0.8568785143478699,-0.5154972982226205,-0.0006460059695804106,-0.004618425105294412
1782542038.7568226,-0.02786641373528556,0.5142038351965313,0.05408547295777044,0.8436988898027901,-0.5367977135894879,-0.0005874037256199938,-0.0044780562190325545
1782542039.7568183,-0.031070326704097845,0.5213957433812673,0.05426681073799653,0.8299089057618941,-0.5578807277405694,-0.00018834429526064478,-0.004501808433834548
1782542040.7568178,-0.033836306967390206,0.5287307989778922,0.0540211967295081,0.8156410674786024,-0.5785371634859338,-0.00030660509124636896,-0.004930060986859794
1782542041.7568161,-0.03607057828125135,0.5359890632397819,0.05401578941841892,0.8006361462137942,-0.5991246457455249,-0.002467416168784603,-0.005033099807622479
1782542042.7568142,-0.038324802578534656,0.5434947426406725,0.053944499340113486,0.7853262360125843,-0.6190568855787086,-0.0021744130564321893,-0.0051524145559592605
1782542043.7569141,-0.040223940094288535,0.5512231165229592,0.05408543317469937,0.7694652030540307,-0.6386639483004407,-0.002620718359939547,-0.004979384057207078
1782542044.756839,-0.0415864773546763,0.5583697197661845,0.05395447378731988,0.7541186040403629,-0.6567167333891196,-0.0018768578379627532,-0.004973985483948846
1782542045.7569125,-0.04271555442382813,0.5664988600764027,0.05378471112532272,0.7373446879639711,-0.6754988294957517,-0.0017923073031799724,-0.004574944340039797
1782542046.7568195,-0.04319548445317134,0.5741723273910416,0.053942888143459176,0.7200885711999705,-0.6938650324228716,-0.0009842751601321187,-0.0047746843248188025
1782542047.7568178,-0.04338382279284053,0.5820066527516037,0.053871208427604775,-0.702382185414997,0.7117824530744136,0.0015596211133378224,0.004751072405906312
1782542048.7568226,-0.0432308635455696,0.5898632117283634,0.05387087454667438,-0.6842919651728213,0.7291928967551417,0.0009629276907192923,0.004615028930149597
1782542049.7568116,-0.04257815657656405,0.597800754177982,0.053695406080518523,-0.6656878922308265,0.7462164908987646,0.0009303894796260474,0.004439957593233176
1782542050.7568128,-0.041613428284228704,0.6056185804867886,0.053609103481363454,-0.6467081025734739,0.7627237947253825,0.0008947679299254737,0.0044991572412549094
1782542051.7568743,-0.040283924363338386,0.6128394725688988,0.05353556962045368,-0.6283491991127377,0.7779205077553625,0.0005506082634268787,0.0040822075596968835
1782542052.7568564,-0.03844455753180143,0.6205300120814217,0.053695381540392814,-0.6085945576372217,0.793470353525429,0.0006116841330524505,0.004133803709255194
1782542053.7569263,-0.036376045134503876,0.6280219062604682,0.053869049935297425,-0.5884096219736531,0.8085525523517485,0.0007535092332275887,0.004039687875475602
1782542054.757232,-0.033741973810925474,0.6354514240723442,0.053812963756981066,-0.5678582286000415,0.8231156990840934,0.0005345978400180498,0.004158405665243639
1782542055.7568257,-0.03089092950802136,0.6427304991006115,0.05391886310377315,-0.5469494542482004,0.8371570341399238,0.00042398033982265446,0.003770268997529155
1782542056.7568395,-0.02764956877119079,0.6498725186999235,0.05381954003828303,-0.5257180140875779,0.8506507969734106,0.0005379438443342825,0.003674491629486344
1782542057.7568586,-0.02396489603681251,0.6566652325255331,0.053830065196084964,-0.5041195268040167,0.8636272960560109,0.00030114186965610564,0.0033623675366847455
1782542058.756843,-0.020253564393609147,0.6632492621469999,0.054001893694803446,-0.48339340139990167,0.8753969782001925,-0.00020799568171524837,0.003302541264221134
1782542059.7568443,-0.015974031680960565,0.669862967819528,0.05414561977321837,-0.46120222653786325,0.8872896468352638,-0.0007123292748324506,0.00301354317619588
1782542060.7568502,-0.01132921552704913,0.6762538281531734,0.05432769978628808,-0.4386883408932337,0.8986339568679966,-0.0010528952886730903,0.0029056048631350387
1782542061.756814,-0.006461028021034154,0.6823685539609917,0.05433103854636713,-0.41595699027954836,0.9093783139692609,-0.0018231871273575507,0.0027459622544253577
1782542062.7568128,-0.0013359740510451856,0.6882863166929899,0.054539001518515776,-0.3928909810204882,0.919583902570541,0.0002939375467615199,0.0014271533242037914
1782542063.756845,0.004403635845676657,0.6935480020537805,0.0541979868616148,-0.36953297108339966,0.929210953244651,0.0020781573425217143,0.0028405834791695958
1782542064.75685,0.01014608365738029,0.6986263589292341,0.0543115301563767,-0.34601127156202116,0.9382159179289714,0.004311418797339702,0.0029159843423666953
1782542065.7568216,0.01582726110955207,0.7030686772827426,0.05429188280170187,-0.32361799515301964,0.9461702715876567,0.0050906666981005615,0.0027010163733700446
1782542066.7568338,0.022156090262214323,0.707635666146112,0.05445639627022482,-0.2996609810395842,0.9540251336642288,0.005685801521652814,0.0026481012822097486
1782542067.7568483,0.028654729130786705,0.7118851840221061,0.05464146726308023,-0.2755125134939936,0.9612730705403807,0.006269197664478285,0.002763317342280641
1782542068.7568378,0.0353077898819415,0.7157671572767149,0.054632869123975955,-0.25123714305809103,0.9678984062447724,0.006713825014631014,0.002738191101976946
1782542069.7568216,0.042284227565852095,0.7193378008673285,0.05484264507884441,-0.226822472361457,0.9739086556726793,0.0068036189141682385,0.0026846242458838463
1782542070.756819,0.049338730192735936,0.7225942390017577,0.054986291935691725,-0.20217419614107462,0.9793185196515148,0.0073928726448103214,0.0024853402852499187
1782542071.7568316,0.05661723342407676,0.7255446136975977,0.055006463598936815,-0.17744601352268355,0.9841015192989264,0.007156889217526658,0.002427124879477911
1782542072.7568042,0.0634855482172258,0.7279134529544393,0.05505525431967291,-0.15401206681299479,0.9880388603342444,0.0073374614289137136,0.002378109580420915
1782542073.756817,0.07104958498711722,0.7301235418558946,0.05529028559338166,-0.12911032573098793,0.9916014662213167,0.007217506585403005,0.002227908450252473
1782542074.7568214,0.07861048890610761,0.7320066355518197,0.055313232155847505,-0.10401197603439773,0.9945485775832628,0.007095774059613748,0.0020701833308978904
1782542075.756824,0.08639093051300495,0.7334456867048668,0.055389516427810405,-0.07891645163536443,0.9968549875539305,0.007011871369559808,0.0017779510772216163
1782542076.7568092,0.09405398725808001,0.7345632403025906,0.055455308133822837,-0.053815015343773975,0.9985236728079064,0.0071783896860870295,0.0016999080190273222
1782542077.756828,0.10185734432751714,0.7352895612920536,0.055570225831470546,-0.028667977295414888,0.9995654073418752,0.006655496544891315,0.0016875689621418616
1782542078.7568555,0.10963973812667949,0.7355878808995017,0.055653876452857784,-0.003505409368032063,0.9999702845600839,0.006770287922817722,0.0011424987656733043
1782542079.7568138,0.11706420777828158,0.735530705705429,0.0557528384861187,0.020316508430358367,0.999769751419599,0.00683234737215454,0.0010013296054426802
1782542080.756811,0.1248950455766416,0.7350372431765464,0.055911707417335664,0.045500178708885515,0.9989405134946363,0.006843958944178066,0.0008628224047771399
1782542081.7568204,0.13276048307755306,0.7342093681550291,0.056024053292274265,0.07071875112492479,0.9974672645785332,0.007545963365526485,0.0009862912529908696
1782542082.7568145,0.14049456291323542,0.7329924145240702,0.056136339765060175,0.09577845144130684,0.9953798023006308,0.006689554850409631,0.0008872808832108843
1782542083.7568278,0.14817054294360865,0.7313395656411934,0.056328853811720134,0.12084961844111199,0.9926493622460542,0.006507278935857716,0.0005183396480427057
1782542084.7567937,0.15582012314764804,0.7294717143407312,0.05641105958332583,0.14569329138157,0.9893131332575402,0.005742420392533041,0.00011755249407979521
1782542085.7568343,0.16331856286260138,0.7272028930344563,0.056485368593215915,0.17051286661268042,0.9853396746197973,0.005573206657486853,-0.00016524899782469288
1782542086.756831,0.17034422562155893,0.724747849064765,0.056339887074721026,0.19398225651183287,0.9809886251541317,0.005660259147230284,-0.00040366219843512727
1782542087.7568614,0.17754285329640657,0.7216503058286995,0.0565678684381238,0.21866002646750848,0.9757847057679352,0.005620927622448301,-0.0006371713081053516
1782542088.7568226,0.1846176720463461,0.7183424861261869,0.056661085102260055,0.24314978098989498,0.9699731000123616,0.005456321003093492,-0.000773186967489054
1782542089.7591996,0.1916248630485904,0.7144487956177868,0.05685816420993685,0.2675375258582015,0.9635325557497806,0.005251622985410483,-0.0010520094996584685
1782542090.7568657,0.1982915142172414,0.7102762759256587,0.05695964464237098,0.2917011471882535,0.9564948585621934,0.005088247225386625,-0.001461510629402609
1782542091.7568521,0.20471135782314032,0.7058791475412918,0.05707935317037176,0.3156983184999841,0.948844677844602,0.005071202243255659,-0.0016223224291355778
1782542092.7568135,0.21097421664246646,0.7010921983369847,0.05715372005263884,0.33952195536809365,0.9405829244006813,0.005046304119345951,-0.001771712060037984
1782542093.7568407,0.21658526375035286,0.6962386576716297,0.05738967099376237,0.3618188138905859,0.9322333509095602,0.004940720712241292,-0.0019273415852192057
1782542094.7568104,0.22239236342071037,0.6908813458953963,0.05738315410567947,0.38522111061808917,0.9228061610037311,0.005490820167400546,-0.0018264834001355955
1782542095.7568226,0.22781955782009936,0.6852742539667833,0.05738767153789233,0.4082499074185545,0.9128517412518875,0.005470439238420344,-0.0019457339688425288
1782542096.7568398,0.23286686679374247,0.679325184991735,0.057301661955714525,0.43111771633477447,0.9022784606214189,0.0050037657584321325,-0.002460993532390108
1782542097.7568216,0.23778929039471866,0.6732027496376511,0.05746283788656241,0.4537633405520607,0.891103265699565,0.005270908221798851,-0.0024531932501067155
1782542098.7568104,0.24222814652128685,0.666671217353393,0.0574956000910843,0.47607559365778807,0.8793865308492018,0.004914961801222374,-0.0026835861981486116
1782542099.7568247,0.24643075208876766,0.659894895348154,0.05767874202228022,0.49807912004440313,0.8671142037887111,0.0046867384983102075,-0.002860462534501841
1782542100.75683,0.25002405870981004,0.653547517025841,0.05766820509827765,0.5185441022795745,0.855031621874646,0.004818496836404646,-0.0031179598650998715
1782542101.756876,0.25365812435973767,0.6465144384149641,0.05774540745308269,0.5399261134792477,0.8416916271851256,0.00497644896324,-0.003198697448399059
1782542102.7568398,0.25684074239795596,0.6392427842194504,0.05765881533116639,0.5610076376261856,0.8277897024338458,0.004959276140863588,-0.003169329539581982
1782542103.7568104,0.25956063848123967,0.6319583212577711,0.05783042056220614,0.5816349127581035,0.8134285748665053,0.0047780077565864575,-0.0034572378277153656
1782542104.7568502,0.26194040287612574,0.6243767067157227,0.057898589125272945,0.6019546623294236,0.7985100093492514,0.004476492183662757,-0.0035086303107477487
1782542105.7568386,0.26404324942026985,0.6168397940255821,0.05789637046577893,0.6218404345045108,0.7831215189355815,0.004672393598010408,-0.003650935953172281
1782542106.7568195,0.26569395003205504,0.6092248340680393,0.05796084684447177,0.6414254619106778,0.7671612121347975,0.004616245266695402,-0.003967579637481431
1782542107.760123,0.26689867561436537,0.6018273577496932,0.058050518738656534,0.6594883174561516,0.7516907333203696,0.004460717723864457,-0.004037644923405469
1782542108.7568257,0.26775469118465234,0.5940135235646022,0.05808100956699106,0.6781866970587085,0.7348637889810278,0.0045330156770744005,-0.004179395401062382
1782542109.756839,0.2682434152226259,0.5861926136734117,0.05815159968744192,0.6964287256059503,0.7175982891099905,0.0046104929099155595,-0.004297554236331797
1782542110.7568355,0.26386342268466295,0.5817916892009575,0.05803171214632437,0.7061187707140335,0.7080609184037591,0.005519737284426905,-0.003943345640277395
1782542111.7568357,0.25433365177342576,0.5812476957686973,0.0578579060612137,0.706095466443042,0.7080723812331529,0.006099170833192274,-0.005049288914624477
1782542112.7568436,0.24917944431465586,0.5842554097559588,0.057892140531376354,0.6974443258927459,0.7165908971791762,0.006138479666821508,-0.0055872557966184355
1782542113.7571597,0.24868384515927985,0.5903082674297169,0.057894885223046214,0.6792879394800548,0.733836381235801,0.006591949899525967,-0.002933777123063437
1782542114.7567997,0.24775932974731757,0.5962288890448675,0.057794821234206054,0.6616121636184404,0.7498124753915132,0.006975203288263804,-0.0013940008841702878
1782542115.7568362,0.24654117027864447,0.6026400563050378,0.057787623824227266,0.6425357347509714,0.7662217802495632,0.007195933475420731,-0.0004812282586447214
1782542116.7568078,0.24492985520769217,0.609095638498752,0.05771468947713264,0.6230363688846786,0.782158738423917,0.007306386282106831,8.75990754874182e-05
1782542117.756815,0.24310887662118688,0.615695647216228,0.05779854120743057,0.603076260820712,0.7976468695767256,0.007639985276951705,0.0003545615976931736
1782542118.7568119,0.2410764751589318,0.6220311959846749,0.05766935965805721,0.5828416260439683,0.8125483565410688,0.0077669309171794695,0.0006942744119352275
1782542119.7568147,0.23863659913924354,0.6284624572939645,0.057677016057171834,0.5621928047691415,0.8269671047991373,0.007992788442363848,0.0008793058934773967
1782542120.7568314,0.2359350303159043,0.6347616872469357,0.05765504054099456,0.541197312786395,0.8408537486462793,0.008330799985161704,0.00101970186430829
1782542121.7568214,0.23302495118611352,0.6404337369356022,0.05751755985572292,0.5210161404328166,0.8535070149858228,0.008170652572815509,0.0010941732112856465
1782542122.7568405,0.22978245044596035,0.646449758668795,0.05751596236840154,0.49937907778752305,0.8663413511859225,0.008475162403809265,0.0011711172709666033
1782542123.7568185,0.22627105175886278,0.6522838328330285,0.05761783845050748,0.4773865509663327,0.8786500439588671,0.008612986991425018,0.001413386937689154
1782542124.756826,0.2224350885320979,0.6578947159860307,0.05760207315705419,0.45509356819622365,0.8904002549755309,0.008651436019574743,0.001543625841389745
1782542125.7568226,0.2183044294754686,0.6633256121673818,0.0574810285771477,0.4325062188659239,0.9015870356144868,0.008774639397446346,0.0014810663822356059
1782542126.7568407,0.21387233826248633,0.6685338199569797,0.05749510254568878,0.40969276859177417,0.9121806590172388,0.00869446870845052,0.0016391742923635136
1782542127.7568433,0.20926169049355847,0.6734989175541249,0.057342472696544064,0.3865835465659913,0.9222114100044673,0.008741453925048668,0.0016922663232251732
1782542128.7568204,0.20478689483177406,0.6778724476882105,0.05730850946699749,0.3645474040632943,0.931145606865101,0.00823369682117166,0.002292431720495094
1782542129.7568126,0.19959066314611235,0.6825735095423944,0.057353903307524726,0.34096712811759294,0.9400342525515778,0.008620340610366296,0.0016466028054335933
1782542130.7568285,0.1942740844101205,0.6868263584552445,0.057246837429633726,0.3171795985925889,0.9483248358134396,0.008588925654569207,0.0018271212760411673
1782542131.7568417,0.1887042101359745,0.690857501895862,0.05713569765527534,0.2931532824820251,0.9560250359478508,0.008631392271070982,0.0016681362016712415
1782542132.756817,0.18305723970556598,0.6944591100087354,0.05712762186137828,0.26905248103021273,0.963090023151972,0.008095181597477187,0.001684574582804932
1782542133.7569475,0.1772706391939179,0.6980799474109647,0.057029619448070404,0.24470571083838494,0.9695620527522585,0.008106454083225368,0.0016811746203546861
1782542134.7568367,0.17115156816099497,0.7012400142535582,0.05689602684901375,0.22017598264510793,0.9754240127064961,0.008242581291695795,0.001609955113734267
1782542135.756813,0.16528055312224493,0.7038240485057685,0.056845088198040225,0.1969098915804422,0.9803851820022559,0.0083040760629148,0.0015594322439786462
1782542136.7568605,0.1590228627979311,0.7064185975885695,0.056710264488141995,0.17214804226344757,0.985034115874689,0.008388817308702853,0.0015715762766087774
1782542137.7568588,0.15262918757511307,0.7085775571294903,0.05664618618169377,0.1472953977938249,0.9890552647289181,0.008424885997055933,0.0016644508719965835
1782542138.7568266,0.14603854929764976,0.7104580673891345,0.05648405029377172,0.1223173933593135,0.9924528950007412,0.008580628736225119,0.0014419767411155634
1782542139.7568278,0.13953489215007103,0.7119929682463716,0.056449983941961115,0.0972835843720319,0.9952189029394429,0.00852586958062912,0.0015965561799228304
1782542140.7568269,0.13280747285994088,0.7131588428295023,0.05629649682304273,0.07221342234302931,0.9973511049494896,0.008585673166518459,0.0015103992244455563
1782542141.7568188,0.12608952566253445,0.7140936898668246,0.05628603312178522,0.04710047932304139,0.9988525086323743,0.008507717470113592,0.0016821384607828126
1782542142.7568216,0.11968304618558223,0.7146200397166695,0.0561820660800547,0.023267236099533583,0.9996920079917078,0.008475488109464704,0.001640421623336306
1782542143.7568083,0.11293010747660631,0.7148012777304994,0.056173786915321974,-0.0019010479728679428,0.9999619137609902,0.008378796613273032,0.0015338876674896216
1782542144.757664,0.10614973326139604,0.7146825685097198,0.056023711765749426,-0.027080016607064876,0.9995980851739539,0.008234698185425769,0.0015907743148825676
1782542145.7568388,0.09939282716280395,0.7142510728927289,0.05596720942542753,-0.0522429683325652,0.9985998762830209,0.008120388213972447,0.0017374241256465392
1782542146.7568421,0.09266189651908097,0.7134591747546699,0.055916277140351855,-0.07738206410579258,0.9969693479771793,0.007834946772451704,0.001657998117620915
1782542147.7570472,0.08590808741191447,0.7122582647794746,0.05582800963821215,-0.10246132786102483,0.9947074402621269,0.007508488419538129,0.0015515095154634232
1782542148.7568185,0.07923663451786,0.7108631238676344,0.05572816502122728,-0.12747830715222988,0.9918123094683006,0.007403134586251168,0.0016785681563592915
1782542149.7570872,0.07304484928867788,0.7092316167516617,0.055643341689660133,-0.15102205822550738,0.9885073231067749,0.006474434789270626,0.0019214025525876404
1782542150.7568538,0.06649906522867904,0.7071558358005603,0.055545819168758455,-0.175866870828672,0.9843929997639495,0.006073463006965458,0.002092560098851241
1782542151.7568455,0.060108520511533925,0.7047546171435639,0.05536456557672923,-0.2006346125617027,0.9796471016911726,0.005736629260291072,0.0020974925579534476
1782542152.7568355,0.053905867224274484,0.7019621361829013,0.0553138096834874,-0.22521951386488512,0.9742898527740322,0.005523745161295696,0.0022229699531312232
1782542153.756818,0.047845042088452305,0.6990393080490078,0.055203730285107985,-0.24968552805030295,0.9683099150033962,0.005323026289263055,0.0021704790901537546
1782542154.7568529,0.04189771715743201,0.6957116980093303,0.0551720346953037,-0.27407242942064114,0.9616940719606873,0.0048632351094239495,0.002272516536881091
1782542155.756814,0.0361937946360778,0.6920595623680095,0.05514449533780298,-0.2981767363906122,0.9544964804584101,0.004634759067101492,0.0023710074528255853
1782542156.756821,0.030978706152286595,0.6883104919596958,0.0550504181507009,-0.3208159316249299,0.9471285218075157,0.004307543778241591,0.0024791653710959146
1782542157.756813,0.025612668387974102,0.6842356531769743,0.055001069975853224,-0.3446388987042441,0.9387229380798239,0.004046143542122182,0.002627497886862347
1782542158.7568266,0.02050151330697736,0.6797833402861633,0.05502797359254806,-0.3680631218567988,0.929790109177129,0.0035500217466662445,0.002699731654835386
1782542159.7570844,0.015538925289362515,0.6751514773656053,0.05496781394860472,-0.39142575315635514,0.9201994022053408,0.0033901264082585635,0.002728917340206295
1782542160.7568498,0.010843252158786398,0.6702065335784462,0.05489815467201793,-0.4145009387629224,0.9100394077860062,0.002992544741623076,0.0028797078186073776
1782542161.7568228,0.006473340511832515,0.6650633766191527,0.05481939574374098,-0.4372627157422361,0.8993244855576048,0.002678026684891319,0.003100850101005591
1782542162.756848,0.0023158174410887744,0.6597400283971782,0.05473575748428655,-0.4597727699886303,0.8880277683311522,0.0023013525499631293,0.0032227978863785724
1782542163.756844,-0.0013727645315536052,0.6544534074232826,0.05474943053354028,-0.48077950570030203,0.8768328776946838,0.0018607166847559033,0.0034218745815812277
1782542164.7568214,-0.004930764914278907,0.64868810965668,0.054667635527121214,-0.5026878324687268,0.864459048294953,0.0010001151629741745,0.0038074503986771477
1782542165.7568555,-0.008255653182354605,0.6428273890737525,0.0546779862204798,-0.5243579311401947,0.8514895357604606,0.00169915087838559,0.00338281348919799
1782542166.7568212,-0.011203847428006064,0.6366649767878263,0.05466684123018,-0.545606843226363,0.8380325561839684,0.0018792894817691562,0.0033280131265854343
1782542167.7576501,-0.013903282533733907,0.6303795949162532,0.05459308624094221,-0.5665705578440556,0.8240044335731234,0.0015445098401520448,0.0034800754971327113
1782542168.7568228,-0.01629957192078313,0.6240523686537569,0.05457421829666582,-0.5871280111990153,0.8094847185351338,0.001247267769725691,0.003692322669394917
1782542169.7568138,-0.018321949266618676,0.6174314566017733,0.05453336644420821,-0.6073132511475662,0.7944531190815527,0.0008274828649448935,0.0037645496774002165
1782542170.7568257,-0.019927614770556767,0.6112893497148087,0.05445653332533758,-0.6260225591121336,0.7797943933749376,0.0011018056059085364,0.0039045573520240695
1782542171.7568207,-0.02136311855687878,0.6045478929848732,0.054511309221657846,-0.6455053783136212,0.7637452674594316,0.0007071737109679872,0.003933561598904619
1782542172.7568314,-0.022402280973493116,0.5977332084101323,0.054447218303344626,-0.6645069627742825,0.7472705900894743,0.0005212081052094965,0.004109738913652339
1782542173.7568624,-0.023130539863625343,0.5910440589296568,0.054502489490734995,-0.6831269987478442,0.7302868180095852,0.00012933092345877,0.004318598929065294
1782542174.75684,-0.02352563472788405,0.5841181457914508,0.05446548744129913,-0.7012897980263711,0.7128619963408654,-0.0001244889235377545,0.004514184262461126
1782542175.756838,-0.023551226502779632,0.5774454176978958,0.05458118702611438,0.7190604114004427,-0.6949320173788275,0.0003338176765299604,-0.0046372992331687795
1782542176.7568254,-0.02320699532380116,0.5705781379565162,0.05455235490945812,0.7362725983615082,-0.6766680816307128,0.0004222907279961524,-0.004773874186168738
1782542177.756828,-0.022650491613264767,0.5641970036616861,0.05450372448755254,0.752182206124138,-0.6589377996685204,0.000614681207077151,-0.004746274881153976
1782542178.7568326,-0.02175211592775178,0.5574594221234281,0.05466921025962285,0.768537872036475,-0.639785070352517,0.0008210433564758953,-0.0048917162099393645
1782542179.7568312,-0.020399263989948735,0.5506956057160527,0.05461975721083687,0.7843980891453778,-0.6202365964012988,0.0009521515724402405,-0.005029476811324176
1782542180.7568147,-0.01870847019345434,0.5441293084742023,0.054734530521730926,0.7998066843973426,-0.6002347631406465,0.0009008386730058574,-0.005165772014598725
1782542181.7568645,-0.01670726810529638,0.5375377705080409,0.05469308479714885,0.8146115111505821,-0.5799814140139888,0.0011420326209253143,-0.005323632293088527
1782542182.7568164,-0.014412401265103514,0.5311601148636111,0.05475778803692288,0.8289507213329004,-0.559292244113876,0.0010326617569191886,-0.005641000392181608
1782542183.756814,-0.01180093225839629,0.524838463634239,0.054822182639234704,0.8427826421698993,-0.5382221000026837,0.001261290783592984,-0.005726977508594478
1782542184.7568324,-0.00904786771180996,0.5190227805597529,0.05491040384896369,0.8553230163302207,-0.5180598896861023,0.0014635617480022569,-0.005860581985317902
1782542185.7568147,-0.005796448743211197,0.5129932055450791,0.054936072773142025,0.868115535594485,-0.4963215601909852,0.0016274742515856892,-0.006138165576727705
1782542186.7568223,-0.0022240339370046824,0.5070894769880596,0.05493963556900454,0.8803307173336041,-0.47431432779117033,0.0020021264089274864,-0.006303813191618178
1782542187.756847,0.001579306686854104,0.5014660019306965,0.05500926899550156,0.8920415261628798,-0.45190094289237187,0.002234845727093731,-0.006516047771599752
1782542188.7568243,0.00571682950780833,0.49596318159248054,0.05510216069236011,0.9030781525940962,-0.4294178366776356,0.0025684327190787343,-0.006601136546190447
1782542189.7568285,0.010085886940448041,0.4907308312159955,0.05516522245501268,0.9136189255753402,-0.4065050382002489,0.002834944398361194,-0.0067879185788677614
1782542190.7574253,0.014687579353092367,0.48574515565052706,0.055154659395523414,0.9235793130103886,-0.3833346597406954,0.00327908922370377,-0.006711094888833245
1782542191.7568562,0.019341904758987727,0.4811648256945846,0.05521519647637754,0.9324236031901758,-0.36128442614707634,0.0038432830419378333,-0.006709456974065241
1782542192.7568157,0.024514064103375754,0.47658616809469534,0.055366459500092106,0.9412156335793308,-0.3377083500354592,0.004060381607319078,-0.007050866853775748
1782542193.7568293,0.029685955529093533,0.47230303384723304,0.055397267781976206,0.9494395831283606,-0.3138410900491989,0.00406847554814302,-0.007189971661257158
1782542194.7568552,0.035258070164165406,0.46814647728575687,0.05548313813121179,0.957016119223726,-0.28990687698017925,0.00496102114194568,-0.007038358813499952
1782542195.7568316,0.04095494389670648,0.4644725774365068,0.05552392037673401,0.9640104651997606,-0.2656976033364089,0.005828851648084229,-0.00739128237142331
1782542196.7568524,0.04689406797646575,0.46101187458312176,0.055544751593087305,0.970377958266456,-0.2413764280185473,0.006678773582124683,-0.007709221171427005
1782542197.756815,0.0529045547237913,0.45784866465721585,0.05567730684491681,0.9761335345857993,-0.216895588245939,0.007352921138135845,-0.008096975189454556
1782542198.7568336,0.0587154658480917,0.45510831454570655,0.05573445623432038,0.981003904381733,-0.19363447175396573,0.008166651652857357,-0.008386700014862244
1782542199.756812,0.06497105169059914,0.4525594090975644,0.05583269420189742,0.9855510578611121,-0.16891316454916583,0.009075324264504693,-0.00866566098595954
1782542200.7568145,0.07133903158908272,0.45017529995412237,0.055889573699095085,0.9894765619734487,-0.1440706934127948,0.010153071976118389,-0.008756924928773611
1782542201.7568307,0.07782577702439922,0.44822719972755515,0.055995561642870485,0.9927747995878385,-0.11909593243655553,0.011527436783306429,-0.009026316059243047
1782542202.756813,0.08435994456191387,0.4466543011040836,0.0560511500523946,0.9954432345330111,-0.09406675811341682,0.012635873015849097,-0.00919491998964921
1782542203.756816,0.09104574574113591,0.4454381979838733,0.056173446682940026,0.997494852907808,-0.06890108825674827,0.013029102014023509,-0.00932206844934307
1782542204.7568367,0.09781251750169126,0.4445522237782531,0.05621092722675991,0.9989029019387674,-0.04373841259231874,0.013817152816546475,-0.009435573658110447
1782542205.7568815,0.1041528170492648,0.44394924851627515,0.05632606879908583,0.9996458772362854,-0.019943756934591328,0.014865299434489916,-0.009454605044862976
1782542206.756812,0.11090682619448514,0.4437423818003047,0.056383993538008145,0.9998052668153053,0.005200630038738995,0.01602655460977537,-0.010272849795265783
1782542207.756873,0.11769060426267261,0.4438088149648175,0.056487548356211614,0.9993434333078929,0.030364558848269448,0.01727538168621372,-0.009605053770741738
1782542208.7568207,0.12445021681917706,0.4443274810087119,0.05664212834936979,0.9982417438777091,0.05550269969268292,0.018221298754402558,-0.010042677855871802
1782542209.7568145,0.1311070917833006,0.4450444521734759,0.05668349944040092,0.9965075218527312,0.08058992786063997,0.019625308411319372,-0.009636892035614242
1782542210.756815,0.1377840061170491,0.4461150334948184,0.05678326152548974,0.9941590792233547,0.10563857925420261,0.0199837645496696,-0.009426819471514788
1782542211.7568195,0.14432758029997048,0.44762696798361534,0.056926509210971664,0.9911371180682761,0.130677633822321,0.02159747301806536,-0.01020384070560887
1782542212.7568285,0.15052375241151678,0.4491894444527007,0.05694772371898024,0.9877440539190536,0.15422664477793538,0.021721493416827043,-0.010198171985070949
1782542213.7568212,0.15691910019496433,0.45139718797941997,0.05708483001475887,0.9835148913209254,0.1790406678931974,0.022824647598335558,-0.01104233908000978
1782542214.756822,0.16325846997717297,0.4538509526336113,0.05716843227813856,0.9786320582105906,0.20385155208075412,0.02475476759607524,-0.010537591662005664
1782542215.75685,0.16982494256790737,0.45698322651143614,0.05725591898849443,0.9732193557753718,0.228664715766119,0.02151351326113536,-0.009679982176287755
1782542216.756857,0.17603064918528957,0.4603446082042697,0.05729949112265963,0.9671494101670389,0.2532158448256625,0.020052185926022998,-0.01008286578126193
1782542217.7568164,0.18199232941392676,0.4637450507939077,0.05721393376980269,0.9604680438767164,0.27744458425909185,0.019972200248161258,-0.011258355749444648
1782542218.7568293,0.18773221172362706,0.4673588785176541,0.05733369752894597,0.9531634576338318,0.3015220522049861,0.02026723401489656,-0.012373935954158687
1782542219.7568395,0.19306659094144907,0.47105825693785686,0.05737913559000736,0.9456937452188333,0.3242238420017425,0.02004081707211807,-0.011857747791532636
1782542220.7568226,0.19832755934772867,0.47544384210832524,0.0574821764180216,0.9372074187917565,0.34794961335367075,0.020367980254470258,-0.012588332259588629
1782542221.7568414,0.20359023168961143,0.47995178999532256,0.05751111108013175,0.9281346442263254,0.37146612510830646,0.020635612481968046,-0.012376250699886925
1782542222.7568135,0.20837743930420335,0.4845934460864627,0.057562181342840885,0.9184553581810436,0.39473002520536693,0.02111626858381103,-0.013493162379431831
1782542223.7568645,0.2130017438629603,0.4894430432368855,0.05766950676646419,0.9081798822315126,0.4176898498667195,0.02246156699675289,-0.015490927548852222
1782542224.756809,0.21737538090782654,0.49453093870910125,0.05774171573831151,0.8973244007115877,0.4404277933116227,0.023514543799748943,-0.016713617087106687
1782542225.7568662,0.22154855057586922,0.4998969710257793,0.057797094167003446,0.8859051953147604,0.46290797748771767,0.024186318804487215,-0.017412962850552955
1782542226.7568352,0.22523207166040046,0.5051128284595512,0.05777317736450195,0.8746312673471355,0.48390288519032576,0.02351080272796991,-0.017475297946203925
1782542227.756838,0.2288092198828131,0.5108953472986728,0.057798199434246966,0.8621720722125265,0.5057920294471013,0.02274345872007946,-0.01778977037482114
1782542228.756812,0.2322169971040188,0.5168100526992049,0.05764808460072013,0.849213493764531,0.5273122454308798,0.02186080197176442,-0.017330411536766153
1782542229.756858,0.2351056065346638,0.522944615266579,0.05789359670227791,0.8356488257716661,0.5485983940845434,0.0204375346105295,-0.017696021398587496
1782542230.756846,0.2378479652850938,0.529125912167224,0.0577227609260747,0.8215954887182256,0.5694498345715071,0.01971834285072921,-0.01785849320532013
1782542231.7568135,0.24012642991376604,0.5355163152835114,0.05800231401020357,0.8069820689480908,0.5899446751295042,0.019464449578188027,-0.01914042541901338
1782542232.756823,0.24224233592164826,0.5420032052999559,0.05786924313203645,0.7918928662504885,0.6101277987353161,0.01789111837729996,-0.01815669229769381
1782542233.756861,0.24384389085523472,0.5482007197338068,0.05769526170799279,0.7770304892562668,0.6288901789644222,0.01926936366878849,-0.018693667164674223
1782542234.7570155,0.2451585643112232,0.5545782778003444,0.057944423752517515,0.7609299090348636,0.6482047336639565,0.020606248514048325,-0.01979088967203836
1782542235.7573302,0.24614009859058514,0.5611640354429681,0.05790509240799531,0.7442526879144107,0.6672013376688026,0.021861402797516014,-0.021269476083347793
1782542236.756815,0.2468947503693111,0.5678804181228566,0.05813541912405078,0.7272051032676768,0.6857196102270416,0.02243009865168474,-0.02140664864001942
1782542237.7568347,0.2472098685324862,0.5745432189688096,0.058094728892041966,0.70965841196696,0.7038365750741065,0.022604452019377653,-0.02209191393672723
1782542238.7568402,0.23976274515554877,0.576082540936738,0.05788284110385021,0.706382506864048,0.707191543343433,0.020656955240678763,-0.021844111796570406
1782542239.7568245,0.23064696559164904,0.5770856855074471,0.0576998992055751,0.706299546968106,0.7074770559698953,0.014671460507017044,-0.020047779812463182
1782542240.7568977,0.22917203915694107,0.5735015260774599,0.05783914126752396,0.7201842879372647,0.6934941819483491,0.009998791729147681,-0.01733306597351654
1782542241.7568283,0.2285166964570056,0.5690464567934967,0.05777990829952506,0.7374505723544578,0.6752291837048271,0.006465641232265155,-0.01379848871620947
1782542242.756819,0.22781140990506604,0.5644449184124611,0.05779347640411227,0.7542149415904336,0.6564980820420335,0.00566189902873904,-0.011748747008024182
1782542243.7568789,0.226807628964995,0.5589582591535475,0.057246564788439994,0.7705274208710134,0.6373026018170616,0.00637888207541451,-0.009601940769242607
1782542244.7570956,0.22542196667855774,0.55355649689069,0.057558429892111324,0.7863759976961002,0.617643150301833,0.004202348923076163,-0.010586283399720179
1782542245.7569084,0.22393119332202907,0.5480916105673654,0.05734461482455967,0.801628407025598,0.5977307387457244,0.004490602420791543,-0.00947077071791636
1782542246.7568412,0.22216960355751483,0.5428577761879687,0.05771982975106621,0.816494321772866,0.5772506145733503,0.0035608510789708054,-0.010299069227384538
1782542247.7574847,0.22029766917928847,0.5376590827679905,0.057626606052080184,0.8299669883310378,0.5577139133985951,0.0033243163238938977,-0.009946758432282241
1782542248.756846,0.21808863830161904,0.5326019503364995,0.05749384397218106,0.8437691730863189,0.5366025217108418,0.003746241691500576,-0.00986315953352678
1782542249.7568214,0.21537169375590956,0.527097941336449,0.05756973627447216,0.8570389356698869,0.5151421384383755,0.003003462439790985,-0.010189168971901303
1782542250.756814,0.2126375640034217,0.5224144885313501,0.05752819462093485,0.8697208484683489,0.4934269856075529,0.00335052101371291,-0.010209290997720357
1782542251.7568188,0.20938156194946556,0.5171723720468011,0.057650202383187035,0.881887997848355,0.4713427571524049,0.002858491555997804,-0.010069436777356859
1782542252.7568188,0.2061056534878499,0.5122389105050889,0.05758292499483557,0.8934767329175416,0.44899177431484216,0.0028427249819593103,-0.009880953763830885
1782542253.7568214,0.20265467945667678,0.5076385619218946,0.0574567046370318,0.9045266334838691,0.4263043795628902,0.003206633949692092,-0.009266217273002324
1782542254.7568836,0.1991714018121209,0.5038580476319162,0.0574779261775859,0.9144330425744573,0.4046192375469914,0.00348468101690733,-0.00912908829634329
1782542255.7568347,0.1950597214936868,0.4993555956771778,0.057405835259733695,0.9243134267163444,0.38150290930685316,0.0029768478084838705,-0.009558125308924133
1782542256.7569427,0.19099739882332448,0.495280806618723,0.05718809726279514,0.9336491715989194,0.3580483596678881,0.0037306192207286165,-0.009310155316449794
1782542257.756829,0.1864311657336261,0.49148830079653405,0.05723610517814108,0.9423814144013893,0.33439259096981166,0.003250660873659767,-0.009396706828339523
1782542258.756875,0.18183999011344817,0.4877641559740742,0.057072351484051764,0.9505146193972845,0.3105155614220134,0.003610340317927209,-0.009434504205093085
1782542259.7568245,0.17701837588819375,0.484378799394246,0.057049997683004006,0.9580554643809013,0.2864164289786701,0.004190833940182558,-0.008820050560394095
1782542260.7568629,0.1720467138349518,0.4812320240906305,0.057058712586872284,0.964960375074758,0.26220474301553015,0.004402178729589878,-0.008987107330788342
1782542261.7591395,0.1671684446697013,0.47851514200951095,0.057060781797417484,0.9709156635072705,0.2392177488933564,0.004728666784619898,-0.008676559287630373
1782542262.7589648,0.16191145807440047,0.4758830146369435,0.05701475559347158,0.976637324114508,0.2146717442448053,0.0046468062544368915,-0.00860154410441558
1782542263.7568111,0.15663198381494292,0.47352986462158375,0.05698476724681074,0.9817487812526255,0.18994087300567042,0.004519144014925989,-0.008448231069310055
1782542264.7568195,0.15116843180888825,0.47157093076662093,0.056927065732562114,0.9862163488464266,0.1651643624665346,0.003871918453659392,-0.009113445371259958
1782542265.756846,0.14568820791400316,0.4697483880756248,0.05680578981798119,0.9900765773936289,0.14022091854609187,0.004147277481738749,-0.008322558987315522
1782542266.7568605,0.14000037309974597,0.46825102839625576,0.05670187229333548,0.9932972589386578,0.11519773970828037,0.0042796473149225855,-0.008468811599759506
1782542267.7568417,0.1343588080694281,0.4669514596277419,0.05663265304038456,0.9958889164646479,0.09010902676818885,0.003962541281694773,-0.008362273874387389
1782542268.7568128,0.12889486434871547,0.4660954062362056,0.05658694708513129,0.9977497658667299,0.06643879553372693,0.003566888256142413,-0.008280608013994403
1782542269.7568386,0.12313679013004233,0.4654156432925669,0.05649655882924612,0.9991096325803718,0.041235569464033235,0.003297589965347538,-0.008288292738074203
1782542270.7570906,0.11734190167649292,0.4650201337388883,0.05633998879433835,0.9998321930097188,0.016056434925581065,0.0029774131830163785,-0.00830130890851132
1782542271.7568119,0.11154547631219788,0.46499156185515844,0.05621534871210204,0.9999165688868634,-0.009153049202199006,0.0029352358156716856,-0.008629098824975198
1782542272.7599907,0.10574506661622254,0.46513619102761705,0.05611238041460835,0.9993685732089436,-0.03440031430603329,0.0024496156132014627,-0.00854825369968025
1782542273.7568161,0.09991545775642052,0.46559364754033594,0.05611715024063747,0.9981880440022229,-0.0595206235438851,0.0024435302330407553,-0.008482531695412823
1782542274.7568395,0.09418305455393355,0.4663702683829469,0.056105615521408025,0.9963674392444067,-0.08468147756891653,0.001907417243233309,-0.008794039444346808
1782542275.7568245,0.08880075331661999,0.4674522397567324,0.05601348686634701,0.9940784688800969,-0.10830487702450503,0.001626765295932914,-0.008683602730501276
1782542276.756837,0.08313367658916346,0.4687813312762173,0.055871728561657424,0.9910388929519421,-0.13332652048883437,0.0012535682884075984,-0.008023724663510614
1782542277.7568977,0.07755077074884037,0.47049063252930173,0.05581631593692245,0.9873648551502059,-0.15824727613393086,0.0010674587774424566,-0.008203837039019474
1782542278.7568247,0.07210038201764885,0.47242774096056783,0.05568441787166441,0.983059165220276,-0.18309201296405267,0.0011153468065475472,-0.00841121077409966
1782542279.756818,0.06665272133140068,0.4745510319199702,0.055603931959968295,0.9781314174894445,-0.20781396769232055,0.0014225882561510674,-0.008382195101433391
1782542280.7568457,0.0613106309013452,0.47696517050012616,0.05557323497204273,0.9725758886166497,-0.23243487101955226,0.0018037062059992105,-0.008180358157248255
1782542281.7568102,0.056119946268224086,0.4796782794571036,0.055594099151013876,0.9664215758540267,-0.2568235771805152,0.001481678017656766,-0.008294127939437181
1782542282.756821,0.05138631438121019,0.4825974832618257,0.05564382522004842,0.9600355947657881,-0.2797510803128661,0.0012390985023677658,-0.008333935528013875
1782542283.756815,0.04649310382513552,0.4857144718684934,0.055545009380157356,0.9526947463579812,-0.3038299970576677,0.001347729162243409,-0.007631302375403059
1782542284.7568173,0.04178155655639687,0.4892236671003185,0.05533270769597487,0.9447191826160399,-0.3277978888262742,0.0012521967323265873,-0.007255486314683825
1782542285.7572148,0.03729220027894281,0.4928872954453585,0.055451950525997135,0.9361729736963245,-0.35146978248269434,0.001039560323025749,-0.006933587562240465
1782542286.7568178,0.033054306029070446,0.4968769221541176,0.05537942599405109,0.9270141213094152,-0.37495713809523973,0.0012545603371607362,-0.0070985606090801035
1782542287.7568579,0.028845902979196814,0.5009138914298475,0.05513018169468967,0.9172751733811785,-0.3981973703836031,0.00031335294524746497,-0.0067091227477465345
1782542288.7568169,0.025035555566050915,0.5051160252166084,0.0550452285974598,0.9069265578130107,-0.42123240052670297,-0.0002507933739965359,-0.006886260424849003
1782542289.7568066,0.021510732974909824,0.5093444257781946,0.055147776810648884,0.8966663737145049,-0.44265233720993447,-0.0008713162122264258,-0.00689662383494709
1782542290.7568178,0.017960591339198473,0.5140024879732936,0.05518922328167335,0.8852590490575045,-0.46505006575314584,-0.0008310572981396891,-0.00664543065307573
1782542291.756814,0.014745735023729278,0.5188868327158168,0.054917101188809256,0.8732415002146533,-0.4872413742548335,-0.0008502493574642709,-0.006663527080545515
1782542292.7568262,0.011780110601966487,0.5238233663998417,0.05479861307196833,0.8606915364799066,-0.5090847514168311,-0.0009181232957589188,-0.00647703298855358
1782542293.7568326,0.009041152634164995,0.5289886149044587,0.05488704526654921,0.847637152999419,-0.5305378786833522,-0.0008971284551426242,-0.006325448422315591
1782542294.7568092,0.006486659435203712,0.5343458323411172,0.055059028169906266,0.8340128095086285,-0.551710457619903,-0.0007140113053478012,-0.0061396022849244565
1782542295.7568095,0.004289347218998929,0.5398381504388383,0.05502136933907052,0.8198270122938994,-0.5725755818336258,-0.0006137115054952642,-0.006363674986326789
1782542296.7568333,0.0024746258347631556,0.5450919833229959,0.054866402478717505,0.80599591452242,-0.5918896920141089,-0.0003921822202007086,-0.006084772281458605
1782542297.7568192,0.0007345507337048751,0.5507016830912556,0.054791363921812775,0.7908605565513128,-0.6119665325118493,-0.0005062090924142797,-0.006023863305745713
1782542298.7568338,-0.0006366801541129452,0.5563771752995739,0.054790052857787694,0.7752199446430014,-0.6316638769686532,-0.00013995297363922119,-0.005896132104811142
1782542299.7568004,-0.0017471208670350458,0.562239112875009,0.05462949400648505,0.7590619730049226,-0.6509936525815827,0.00010161774980658437,-0.005672310833938121
1782542300.756813,-0.0026359128340938676,0.5681228712550019,0.05464732661258017,0.7424466852685941,-0.6698807365630759,-2.251676002182067e-05,-0.005719948285049943
1782542301.7568188,-0.0031598389056629594,0.5739667565774353,0.05469785567044164,0.7253083096667836,-0.6884027558482697,0.0006502335531854193,-0.005392482280632302
1782542302.7568543,-0.0034187238274460685,0.5797817371846806,0.054744711151381804,0.7077814901141755,-0.7064111381845102,0.0008246408243459879,-0.0052901860206699645
1782542303.7568326,-0.0033980142822068737,0.5853994071306018,0.05457394014898055,-0.6907908886171101,0.7230362569244698,-0.0012837634886213682,0.004987116154712495
1782542304.7568486,-0.003077891623772422,0.5913150786008834,0.05462112461508714,-0.6723552059203205,0.7402110254904746,-0.0013837887433314283,0.004919343746595108
1782542305.756839,-0.002367293402287307,0.5971047984050868,0.05477654866553537,-0.6534685273879818,0.7569360378407306,-0.001981252173490171,0.004774198485980948
1782542306.7568161,-0.0015347657714457896,0.6029563886103664,0.05488513516006286,-0.634258192173274,0.7731044869205378,-0.002136844630533753,0.004629455631870809
1782542307.7568257,-0.00023783551991163332,0.6087892301035047,0.05468968628875822,-0.6145851922866394,0.7888327879381779,-0.0024373088514891344,0.0046833344145499655
1782542308.756811,0.0012182807911365612,0.6143692882912459,0.05472842142105552,-0.5945501400707885,0.8040428105222209,-0.0026481042866026575,0.004275199763866233
1782542309.756815,0.0029737397752405137,0.6200670922538898,0.05488271496955952,-0.5741064585921414,0.8187653799778168,-0.0026452622438781805,0.004246097058730381
1782542310.7568302,0.004971744443231618,0.6251628794714198,0.05446431574378564,-0.5545292150716398,0.832149605183012,-0.0031852908855133635,0.003773347023976354
1782542311.756817,0.007248829912858357,0.6306993232472993,0.05505935023248914,-0.5333120253945601,0.8459020286019068,-0.0035076240946027874,0.003967133718711575
1782542312.757112,0.009874980188332494,0.6360798476228633,0.05498911011637191,-0.511843124705153,0.8590634038822959,-0.0034951340858164555,0.0038036613875052573
1782542313.75681,0.012955883699213688,0.6409003571515852,0.05482688906844252,-0.489942254677956,0.8717350189180031,-0.0038110519084966076,0.0044855051510987055
1782542314.7568173,0.015701462391305765,0.645799495042544,0.05486560456386626,-0.46786998582268957,0.8837854197766833,-0.002326254662773897,0.003949265206563798
1782542315.7568164,0.018948039259952032,0.6506857125293842,0.05486302561046167,-0.4454850706391209,0.8952767239599,-0.003030801397014953,0.003667917144439758
1782542316.7568228,0.022503321211398697,0.6553123139891491,0.05491592389071363,-0.42276852298092066,0.9062258820369509,-0.003177221292131677,0.0033662988194975933
1782542317.7568152,0.026143483533183465,0.6594776125273234,0.05502203276922375,-0.40110914938979114,0.9160191653718541,-0.003539296763444536,0.0027950537866505004
1782542318.7568278,0.0301686670198143,0.663848218628867,0.05520220520359069,-0.37793075769008033,0.925821823969977,-0.00397197900605574,0.0025526526364363453
1782542319.7568243,0.03450672924459197,0.6678067965216414,0.055220753980302115,-0.3544568212360876,0.9350583244953447,-0.004567486945903853,0.002330178998696639
1782542320.75685,0.03884725189520266,0.6717954286504879,0.05538911577527943,-0.33083772506317044,0.9436735743588203,-0.004821264719046386,0.0018276045477558299
1782542321.7576244,0.043539567461260476,0.6753516716386064,0.05558980453159716,-0.30695959730091554,0.9517074112325753,-0.0051310477401204846,0.0015752393272662538
1782542322.756839,0.0483581857145321,0.6787948252964919,0.055639510628053036,-0.28292508243898346,0.9591279643103423,-0.005049908187887021,0.0012017620759201652
1782542323.756839,0.05334532526376817,0.6818554217281857,0.05550937128720958,-0.2586496844088021,0.9659560249092893,-0.005378231326591701,0.0006110028389198734
1782542324.756875,0.05828074557368962,0.6846637006082729,0.05549558382246027,-0.2355647189938993,0.9718436560872931,-0.005398632010848337,0.00016143302015520712
1782542325.7568147,0.06356109500612506,0.6873034022871023,0.055709746528820145,-0.21106692005891922,0.9774543715707374,-0.005802328707921305,-0.00019933805928836092
1782542326.7568383,0.06901160487609559,0.6896830632519163,0.05585617059870661,-0.18642382111347006,0.9824497637386529,-0.006198544591123671,-0.0004457535979058714
1782542327.7571175,0.07448541232468803,0.6917236825467781,0.05600539916689002,-0.16154368784160528,0.9868443051811704,-0.006438627514407672,-0.0007059219204964618
1782542328.7568383,0.08012116499859856,0.6936085250617987,0.056037149609154416,-0.13664384644454042,0.9905962411874152,-0.006828818082427776,-0.0009557289376817093
1782542329.756851,0.0858756121236588,0.6951489455929586,0.05609645523924782,-0.11162902351382516,0.9937258787671047,-0.006736472322683226,-0.0015680939197541114
1782542330.7568197,0.0916503250556489,0.6963708036420745,0.05619322065425492,-0.08661048471637704,0.9962146951415438,-0.007113660949266068,-0.0020738729792805174
1782542331.7568588,0.09722680482040091,0.6973452653750825,0.05630673441218183,-0.06288995855825434,0.9979909928107682,-0.007226744266394507,-0.0025701261499352433
1782542332.7568324,0.1031406464804675,0.6979379926271246,0.05637022811575385,-0.037781435365791365,0.9992519934636215,-0.007609207316318102,-0.003180670479078313
1782542333.756815,0.1090354106218161,0.6983157929023709,0.05656473326239345,-0.012537916446932978,0.9998802227485851,-0.008268777909663681,-0.003737394719635311
1782542334.7568545,0.11496553831270151,0.6983954771985856,0.05667463565650434,0.01261956007762422,0.9998720033110184,-0.008892130214090724,-0.004201632838997977
1782542335.756835,0.12096478552408374,0.6981881000969743,0.05679880961430656,0.037800101547730995,0.9992348149001573,-0.00897237914728202,-0.004520334818023436
1782542336.7568176,0.12691396742452488,0.6976365564453254,0.056948589101115374,0.06297934379785558,0.9979578170435761,-0.009309509830438288,-0.005208712233251038
1782542337.7568164,0.13276877946245474,0.696834427832608,0.05700929647993426,0.08802537931930893,0.9960545509363005,-0.009521326847781005,-0.006017349070341639
1782542338.7568395,0.13815155519019184,0.6958842644829767,0.05722464784616722,0.11163531221562195,0.9936754588331373,-0.009897702343550106,-0.006976751937192005
1782542339.756813,0.14416160504493042,0.6945234633350257,0.057530657839516566,0.1368525161294481,0.9904977013845586,-0.01133445422950699,-0.00756455737398169
1782542340.7568498,0.14933606458033388,0.6926237441793766,0.05693539966933213,0.1617812450730677,0.9868191756732827,-0.0020105817222497587,-0.003271211892998555
1782542341.7573586,0.15431215933611236,0.6899776701099019,0.05711349856988533,0.18666865598956955,0.9824216228884226,0.0011308891083908446,-0.001135271839892694
1782542342.7568064,0.15945113834724406,0.6873437654240131,0.057201298243488255,0.21133526083335083,0.9774075221473766,0.0034246959588984994,-0.00046328804685736577
1782542343.7568183,0.16463158625727486,0.684647100395402,0.057298601160424185,0.2358858038356212,0.9717722224760774,0.004073127663160258,-0.00021166900491676537
1782542344.7567804,0.16965562997952227,0.6817492323746057,0.057275236301431234,0.26031968034093084,0.9655131411506646,0.0042272285709102205,-0.0004108907174928573
1782542345.7568457,0.17432133852768156,0.6788422899949214,0.057276678746091145,0.2832218869992175,0.9590450665372541,0.004202830147418778,-0.0005092091010229535
1782542346.7568223,0.179180344787907,0.6756272204419718,0.05735359635490832,0.3073469371059859,0.9515867669339955,0.004471939813636322,-0.0006978552703904041
1782542347.7568443,0.18374271810029952,0.6720621660641293,0.0573291459342347,0.33114238067845225,0.943570766748758,0.004258018252791849,-0.0008950621916515303
1782542348.7570329,0.18835873085009078,0.6683874935202235,0.057360843796732106,0.3548217734611206,0.9349218947461894,0.004664037746364605,-0.0008980835156864996
1782542349.7568367,0.19258979287180236,0.6644415328387847,0.05745162223462087,0.378248679391666,0.9256929612418077,0.004356719313843515,-0.001223536944436919
1782542350.7568278,0.1967147313046076,0.6602035590584464,0.057471383195538475,0.40144394838575187,0.9158718323801049,0.004387264785924637,-0.0015148811388986671
1782542351.756821,0.2006974266298857,0.6558678977747361,0.057462864883903356,0.424388887940956,0.9054675982265774,0.004417690730443335,-0.0017275307934074447
1782542352.756825,0.20416582462872887,0.6516173324936321,0.057556149383286445,0.4458152271030218,0.8951113026037687,0.004529997319628798,-0.0020045843334227623
1782542353.7568164,0.20767533482830314,0.6469071781070753,0.05759574320178254,0.4682313317401919,0.8835917699475327,0.004536425577416285,-0.0021035448113709463
1782542354.7568474,0.21087594756241282,0.6420042586374255,0.05759265528761502,0.4903449362378519,0.8715144137491415,0.0043627090851889455,-0.002331716712055128
1782542355.756822,0.21377966486892375,0.6368702012226686,0.05758879648162822,0.5121154231710736,0.858901664849887,0.004429943407161854,-0.0024696294892639975
1782542356.7568624,0.2165986378824803,0.6317666892511159,0.0576177836758613,0.5336090650780544,0.845712457726903,0.0051213850323699305,-0.002361340169607314
1782542357.756819,0.21900392630222107,0.6263925816485643,0.05767704428592678,0.5547106310842504,0.8320265151805056,0.004390424676039302,-0.0029526208460523883
1782542358.756819,0.22128067862836556,0.621004720371632,0.05774759548008031,0.5755261121040413,0.8177644533282237,0.004584518670736116,-0.003158377392841006
1782542359.756821,0.22306399066745472,0.6158203258796857,0.057729178144009255,0.5947639856935882,0.8038795890550401,0.004629776716941891,-0.003460171979603921
1782542360.756821,0.2247904660031379,0.6102212947084988,0.05783929451400603,0.6148741536904465,0.7886027085278577,0.004681851653950318,-0.003691001364697261
1782542361.7568402,0.22618354949021194,0.6044655365369569,0.057773797531066186,0.6345764134757722,0.7728353116957308,0.005154204459450522,-0.0034337490849869375
1782542362.7568424,0.22723216831995446,0.5987394977939913,0.05780816814368173,0.6538108585006518,0.7566320689341383,0.004781826417393538,-0.0040506423194610714
1782542363.7568333,0.2280024656737139,0.5927946057796868,0.057845106224830994,0.6726524480945846,0.739932131693282,0.0046567301449341025,-0.004176053706002607
1782542364.7568533,0.22864208574828174,0.5870295687299767,0.057830608369728004,0.6910669737698654,0.7227594120820235,0.005444459023183935,-0.003953211018009541
1782542365.7568216,0.22735816764791,0.5819934740257577,0.05773431547030297,0.7060238615350006,0.7081567694525849,0.005538946573099128,-0.003690107389367398
1782542366.7568347,0.21822963108280705,0.5816726684055371,0.05765670777017015,0.70608207104489,0.7080849285802515,0.006133118475749735,-0.005121301028216591
1782542367.7569294,0.20999619570026212,0.5817688449645413,0.05771786345365748,0.7036427713751756,0.7105008077699783,0.006643002071535405,-0.0055966930546891705
1782542368.7573533,0.20969081225701064,0.5859884655267877,0.057689661039697006,0.6857290263519268,0.7278177346530688,0.006399389125499072,-0.004011902508051971
1782542369.7568698,0.20884251877401924,0.5903266249007151,0.05782241421317233,0.6671725006718915,0.7448745612298577,0.006030875616912737,-0.0025240679736292975
1782542370.7569077,0.20806886384095824,0.5947110179532085,0.05768390476197634,0.6482675479038541,0.7613840329816376,0.006499831942506202,-0.001137031248511375
1782542371.75683,0.20697649866533407,0.5992719932854431,0.057767333900002805,0.628853976116494,0.7774931732043876,0.006840065102435931,-0.0005058185867546614
1782542372.7568247,0.2057784205114716,0.603772292197187,0.05765390664184171,0.6091026381636653,0.7930600040135694,0.0070572834257584495,3.1091944430284755e-05
1782542373.7568264,0.20435009327080855,0.6080603086813388,0.057686815710430564,0.5900391043038962,0.8073409152966621,0.007375167879631315,0.0003298165414899621
1782542374.7568498,0.20262141321597898,0.612550888943115,0.05761580787238682,0.5695260196468505,0.8219378420125266,0.0076016410592881865,0.0007154482595629212
1782542375.7568321,0.2007166215432153,0.6168753732822791,0.0576416970988938,0.5486421916194244,0.8360226740879837,0.007545458342640198,0.0009487065990932797
1782542376.756815,0.1986089309031157,0.621309593052976,0.057564928412896024,0.527417269699978,0.8495685179404938,0.00791067937237267,0.0013334535916040837
1782542377.7569196,0.19632878577763435,0.6255919331724631,0.05761571767823485,0.5058125790910172,0.8626032908006827,0.008153838901192288,0.0016469499991949943
1782542378.7568266,0.193879957427339,0.6297560234031458,0.057619774387153225,0.4840030022547397,0.875024067681619,0.008407935830168871,0.0018114638797492818
1782542379.7568183,0.19116178455727778,0.633620582914549,0.05747994288838672,0.46185840661413147,0.8869114645741771,0.008447476955765913,0.0018725329971962757
1782542380.7568145,0.18842132882850907,0.6373818872379161,0.05756630652461352,0.44051503338516323,0.8977005620563836,0.008729036723564343,0.0020025391882136185
1782542381.75681,0.18533048284928233,0.6410854960921695,0.057421588532840365,0.4177612424980657,0.9085200426687555,0.007983972771111809,0.0017698910772531184
1782542382.756845,0.18227027569686327,0.6446766349267784,0.05739911668769333,0.39483723892950817,0.9187085353699982,0.008596023265313042,0.0020712742110852193
1782542383.7568243,0.17898441119502084,0.6481865376521349,0.05731343746981278,0.37153153371276826,0.9283755600446879,0.008860803932740795,0.0021506097776747913
1782542384.7568195,0.1754004944448942,0.6514139756332333,0.05730997809078957,0.34803839373468703,0.937433691251497,0.009094013521432909,0.0021563652853724647
1782542385.7568295,0.1717194536672714,0.6544617667941122,0.05721869426540542,0.3242620569684531,0.9459184765340806,0.009337558513138815,0.002272479492899781
1782542386.7568233,0.16780908754371165,0.6573668287274098,0.05718373744307599,0.3003687488831493,0.9537773301771356,0.009097574138211655,0.0021571461115285798
1782542387.7568424,0.16407979742736223,0.6599142368728839,0.057161895841933444,0.27758446217596916,0.9606579001205422,0.008881814969814765,0.0020925241480972126
1782542388.7568333,0.15998060770786626,0.6623604233453522,0.057089917956673855,0.2533372313349313,0.9673324226041343,0.009118432670579574,0.002255123943422676
1782542389.7568948,0.15573849373669618,0.6647816230358137,0.05700345921463855,0.2288404096083272,0.9734193002339947,0.009042797582231617,0.0022717117202500662
1782542390.756823,0.15149772412760032,0.6668216659095076,0.056953553178601415,0.20432767300867244,0.9788574145017,0.009120778508215277,0.00227497633222606
1782542391.7569375,0.14696913232401682,0.6687352849029755,0.05694944960291169,0.17952938227156384,0.9837060392485721,0.00926872627198949,0.0023916438640155958
1782542392.7568228,0.1425222896513036,0.6703303105505567,0.0567970019297523,0.15478793308402627,0.9879020677620868,0.009181653760200267,0.002428480429455874
1782542393.7568383,0.13786451972401925,0.671813280436059,0.05683274001521581,0.1297871989120443,0.9914957241316373,0.009295094848204824,0.002261247224114174
1782542394.7568731,0.13341086295250182,0.6729114270054297,0.056715650144009686,0.10617625935879457,0.9943051274077248,0.008856413699393561,0.0023408322595618643
1782542395.7568772,0.12872871752094422,0.6739031391398409,0.05664106705098627,0.08108370526131463,0.9966663831634898,0.00869707450063804,0.0024319350391251025
1782542396.7568178,0.12398740350831489,0.6746425416271854,0.05661375531451214,0.055998157404542684,0.9983895458269781,0.008788908010969352,0.0022970082000617308
1782542397.7568626,0.11920693349662131,0.6751086879823849,0.056548749529988104,0.030794567327854523,0.9994839036910783,0.008827955758804464,0.0023849701579390886
1782542398.7569203,0.11447332297283191,0.6753043885279801,0.056573497982401175,0.0056527837782383026,0.9999423319252918,0.008790365091778376,0.0024715058000026363
1782542399.7569606,0.10965136302661516,0.6753006819428085,0.05650113067919772,-0.019536239998160676,0.999768508776403,0.008685113223719506,0.002415159214844265
1782542400.7568533,0.10473484953064877,0.6750663954355722,0.05645485359542031,-0.04469591289352751,0.9989603231165826,0.008613326256836437,0.0025216701252754625
1782542401.7568269,0.1003533637809394,0.6745975362121663,0.056379975732566825,-0.068399658422469,0.9976199956671767,0.008330120044481333,0.002537729843081417
1782542402.756815,0.09548959138296548,0.6738486578386389,0.056333242006192205,-0.09357674919328929,0.9955766041863958,0.00803543453878032,0.0024594712590179503
1782542403.7567585,0.09081535132288082,0.6729166290243993,0.05625585123433517,-0.11856291640636547,0.992913283080038,0.007722519051148885,0.002531765380550164
1782542404.7568173,0.08615619872225055,0.6717662199884455,0.05625387187751991,-0.1435695733886789,0.989609717590072,0.0072853688763537235,0.002703303280459351
1782542405.7568216,0.08157103193175536,0.6703473716891295,0.05617668191907661,-0.1684276274862387,0.9856869906392497,0.0066914614500378075,0.0029180691491697643
1782542406.7568352,0.07706489408337741,0.6687432782861271,0.056090172176237636,-0.19320588780855594,0.9811286546224373,0.00716882780816355,0.002579903628207112
1782542407.7568762,0.07260459640586847,0.6669566244461731,0.05604162281536309,-0.21787373654652717,0.9759465298841428,0.0071950422780380965,0.0027635298029328537
1782542408.7568643,0.06860052717751342,0.664962337461794,0.05593495433279537,-0.24101964670156129,0.9704912852091069,0.007012998939717896,0.0026482225929775
1782542409.7568176,0.06442890174465105,0.6626328070968657,0.055856462189797874,-0.2654312817238331,0.9641011908360063,0.006890036243922188,0.002766931801649367
1782542410.756819,0.06017785148602062,0.660241874380614,0.05577929393648086,-0.28967236248321826,0.9570983878580661,0.00670396484668496,0.0027668083085702487
1782542411.7568572,0.056268514675159975,0.6575352784753858,0.05576195353372356,-0.313635656917,0.9495170481845812,0.00647292660843983,0.002855019825419902
1782542412.7571237,0.05240233739290989,0.654689961848135,0.05573263426528956,-0.337475102262786,0.9413094787157598,0.006247240095756845,0.0028271228789686054
1782542413.756833,0.04878370488165912,0.6516250241408486,0.05571373732273553,-0.3610381180600442,0.9325279128078732,0.005877804118721611,0.002936079119355355
1782542414.7568138,0.045218652213184996,0.6483468284782408,0.05563606037658703,-0.38444966317555146,0.9231225865824303,0.005811357590424409,0.003061821112453287
1782542415.7568245,0.04207847494104677,0.6451573085008748,0.05564885146110196,-0.40631832206872903,0.9137093492823641,0.005596305093544274,0.003054104541644391
1782542416.7568457,0.03889300894819109,0.6415113040960626,0.055547529576873464,-0.42919513500285683,0.903190039070862,0.0054235467249014405,0.0031423803043525403
1782542417.7568595,0.03586383836645285,0.6378134468399299,0.05556664152944164,-0.45182985441046475,0.8920838446629324,0.00512375233473887,0.003153397664664486
1782542418.7568395,0.032984776894342815,0.6339876241892418,0.055573619820091305,-0.4741012293003409,0.8804506488637188,0.004914357430901366,0.0032447468935936363
1782542419.756842,0.030382015717058508,0.6299110354225546,0.055510566882634324,-0.49614095504596745,0.8682234683573675,0.0046637521129663075,0.0032266291710723546
1782542420.756828,0.027983585971454505,0.6257532527673741,0.05545475274387118,-0.5178629068070877,0.8554455392588494,0.004409158564247935,0.0033909344147966232
1782542421.7568226,0.02579599862335058,0.6214269406738432,0.055364868189687375,-0.5392439001558846,0.8421321428395465,0.0040890923967459684,0.0035706392305777067
1782542422.756826,0.02390114749811867,0.6173940727448823,0.05544295609182093,-0.5590521328709467,0.8291160355059857,0.0038760498055527173,0.003505515252754289
1782542423.756826,0.022071871843326096,0.6129231611887045,0.055379250743926314,-0.5798546003184526,0.8147033474823535,0.0037239843298853877,0.003637310996613502
1782542424.756817,0.020608454419302313,0.6083535147154158,0.055331801300760375,-0.6001301435334491,0.7998882179760641,0.0031890237260493114,0.0035326609338081644
1782542425.7595704,0.019212388221333254,0.6037635547072231,0.05528472091653067,-0.6201472090973174,0.7844708525684438,0.003106948220202671,0.0036424431504081165
1782542426.7568707,0.018204518240524603,0.5990814943554197,0.05534547922481291,-0.6396791056410649,0.7686279736593673,0.0027107722984681627,0.0037857136828023134
1782542427.7568607,0.01732957587360634,0.5943123658140149,0.055465154696051705,-0.6588414437545476,0.7522661036904121,0.0025326586199529454,0.004152935128845979
1782542428.7568796,0.01669882728190708,0.5895797944185972,0.05521941027430287,-0.6775600173527505,0.7354521488977367,0.0022594600806371424,0.004177847147277878
1782542429.7568645,0.016315946092071987,0.5850462875683784,0.05528900271413143,-0.6948910032610364,0.7190995302763025,0.001947872678365365,0.00430870459657526
1782542430.7568152,0.016221554808491356,0.5802045790441481,0.05530749063769148,0.7127542694809617,-0.7013978847226906,-0.0015574755270163292,-0.004464629119955617
1782542431.7568417,0.01627879732325649,0.5754142091258847,0.055355502235697164,0.7301816974548251,-0.6832354200898079,-0.0013394697551436794,-0.004717547823741406
1782542432.7568357,0.0165947971482448,0.5705946472294519,0.05539841017298984,0.7471651219399311,-0.664619552040646,-0.0010235412043676632,-0.004907541663772948
1782542433.7568367,0.017181399631682637,0.5658124719124469,0.05544171622208684,0.7636395110164976,-0.6456221161912964,-0.0008210981318688967,-0.00510941258998927
1782542434.7568464,0.017994283768368147,0.5610560329257535,0.05546304366980036,0.7796849869730353,-0.6261510557511736,-0.00045385157366223747,-0.005096124929540003
1782542435.75684,0.019031978171304087,0.5564345910939452,0.055493779373960744,0.7952202387070614,-0.6062978377748305,-0.00021331873519031395,-0.005259121159199629
1782542436.756809,0.020264922518097195,0.5520662651480561,0.05540611033655955,0.8094043843986557,-0.5872273268534829,7.489499164964748e-05,-0.00534822433023617
1782542437.75682,0.021802912510326622,0.5474545783058087,0.05546364242204556,0.823922847072185,-0.5666751732446966,0.00041147474566121897,-0.005497343821496663
1782542438.7568192,0.0234864397816551,0.5430250332567804,0.05546822747337726,0.83790649692399,-0.5457837239114739,0.0005438909168934634,-0.0057037977315192905
1782542439.7568388,0.025489625199051624,0.5385988344575934,0.055555692574708625,0.8514132721570556,-0.524461207493688,0.000856877626785837,-0.005928540276575783
1782542440.7568164,0.02764186398738483,0.5342837182185406,0.055574616125675574,0.8643707058845522,-0.502816709364219,0.0011927055166860662,-0.006100577540698533
1782542441.756871,0.03001023292021235,0.5300908751106749,0.0555662521847118,0.8767507130502367,-0.48090415455198754,0.0013791075815123633,-0.00612203910624891
1782542442.7568154,0.03258757699325798,0.5260525067688852,0.05561414603155408,0.8885606009326849,-0.4587126979603256,0.0019457130213367511,-0.006239663528083965
1782542443.756837,0.03528966664026173,0.5223279598609724,0.05563409322279262,0.8992313048330227,-0.43742053939468534,0.0022874833977064046,-0.006410892579598936
1782542444.7568414,0.03821204496029898,0.5183529010802965,0.0556647380793936,0.9099634629654337,-0.41463482902793425,0.002468640121117393,-0.006193580618991766
1782542445.756843,0.041558614766073365,0.5148071812869615,0.05587598490207896,0.9201719551047844,-0.39144307295099035,0.003137090210405446,-0.006786187614269396
1782542446.7568576,0.04496743522144153,0.5112483397573747,0.05589233141530493,0.9297274742877207,-0.3681650781140607,0.0033982821260634707,-0.007053402755752169
1782542447.7568805,0.04853696897602125,0.5078863332623818,0.055918786038024054,0.9386933583955266,-0.3446542318168546,0.0038200883475334527,-0.007324364810578269
1782542448.7568989,0.052185763771893656,0.5047609277677583,0.05589912697163205,0.9470853623831714,-0.3208629804666681,0.004611077374125815,-0.007416339463184492
1782542449.7568357,0.055919170078867764,0.5017573886628091,0.055925029340141943,0.9548506423557038,-0.29694340339352515,0.005489195001589831,-0.007398291167880396
1782542450.756998,0.05966960373295582,0.49922938110093185,0.055991835581769844,0.9616410525957322,-0.2741267154256309,0.0062249182673175365,-0.007891783391149211
1782542451.7568564,0.06373605261516324,0.49670322295364294,0.056041995707254544,0.968227139402834,-0.24984448782055788,0.006975749303858352,-0.008079440026260215
1782542452.7568085,0.06792588767542038,0.49434365039665884,0.05614483246302436,0.9741919669707997,-0.22544065051740025,0.00784964401735841,-0.00805652981479043
1782542453.7568269,0.07219410875401375,0.4923548286938757,0.0562267938375768,0.9795636910102099,-0.20076686795433044,0.009015585956949405,-0.008146115400325766
1782542454.7568552,0.07661659747212851,0.4904133836469535,0.05621140337026076,0.9842968562679177,-0.1760488466427204,0.009914694734649534,-0.008258399674322254
1782542455.7568462,0.08109784003302853,0.4887725470240538,0.05623328578628299,0.9884132031562287,-0.1511715818396473,0.010723579794690822,-0.008455619843006355
1782542456.7568185,0.08577128590848951,0.4873811271650699,0.05640278583489801,0.9919102649602062,-0.12619172720297075,0.010844337162739174,-0.008489676295684196
1782542457.7568944,0.09010885618704842,0.48613969913703814,0.05645163368579317,0.9946186275523875,-0.10260123926795076,0.011398191836566172,-0.008766564283835352
1782542458.756838,0.09499919793880801,0.4852926488876965,0.05633145503000092,0.9969144203147001,-0.07747875479662981,0.010402474771378921,-0.0071041989274034335
1782542459.757059,0.09993593755535346,0.48462006551811815,0.05654329740409608,0.9985759386996469,-0.052289478658849274,0.008723743716289069,-0.005983424377177959
1782542460.7568126,0.10465844834607965,0.48423233916884645,0.05664913317681731,0.999564105757451,-0.027151083964513094,0.010143320226290803,-0.005615173696868265
1782542461.7568192,0.1096744326067007,0.48402974103423974,0.05669321205706342,0.9999283588638818,-0.0019386284384413364,0.010231430091458313,-0.005902262095615557
1782542462.7568316,0.11435491147803092,0.48380147045041555,0.056713765053845906,0.999638128642355,0.02330583067740094,0.011546110856269833,-0.006865664202503508
1782542463.7568321,0.11939382773644877,0.48383746737804467,0.05666659834416692,0.9987493925034883,0.048454082872209606,0.010289176674177678,-0.006781273500882901
1782542464.756825,0.12385406548112754,0.4844341682771784,0.056632592503852636,0.9973189753732439,0.0722420345820927,0.008059360636335888,-0.008425942442021089
1782542465.756814,0.12859748901102092,0.48530453994227807,0.05677405726164646,0.9952048545230019,0.09731713924474426,0.006863234099753135,-0.007040451744156299
1782542466.756848,0.13330219104443702,0.48641318100839426,0.0570396573425989,0.9924120375494214,0.12248356039578934,0.006148734220221284,-0.008849758599304132
1782542467.7568328,0.1380771181608135,0.4873893231547145,0.057020690194409245,0.9890054095128807,0.14738814594897046,0.009820146145263048,-0.006971306740483298
1782542468.7568455,0.14237894906518134,0.4886392487278103,0.05723005503909924,0.9849215495299509,0.17206646442633464,0.015239996191395756,-0.009508712185547389
1782542469.7568328,0.14652177612784437,0.49011174919319567,0.05730787942914858,0.9801735592440995,0.19674751806002036,0.020110827649466714,-0.012073214453040663
1782542470.7568424,0.1506740384152608,0.4917961351621896,0.057372375375074905,0.974857012702529,0.22130103078381946,0.022621273435415187,-0.012959033408409178
1782542471.756809,0.15455145501084552,0.49374435915782966,0.05752385948202199,0.9692306412709921,0.244310768838322,0.026558685012284873,-0.014101365234178459
1782542472.7568197,0.15866379267351785,0.4958247876410083,0.057535926540449325,0.962751524802662,0.2686856838383426,0.027001990809388195,-0.013725788968261425
1782542473.756815,0.16268938350825743,0.498298007415161,0.057505045737699025,0.9556565301615788,0.29289839112309063,0.027225611352579494,-0.01378023670025138
1782542474.7568316,0.16673070452947888,0.5009706083832857,0.05752130158134461,0.9480087878438564,0.3169280136475386,0.025457037582421682,-0.013708084248898258
1782542475.7569232,0.17086096042284585,0.5037710551374737,0.05744231874748823,0.9398276419837059,0.34063971833248596,0.024612599280954946,-0.009099759026859763
1782542476.756811,0.1747562062029269,0.5074770723538995,0.057474365664089366,0.9308811779289982,0.36461203651595936,0.019331725813380246,-0.012024133327683866
1782542477.7568352,0.17826625742908547,0.5105386379154669,0.05744443610076921,0.9214264978798775,0.38784394162205305,0.019235533204874478,-0.013426846771222755
1782542478.7569206,0.18148107356038837,0.5138469892475022,0.05755439415400039,0.9118973509483863,0.40963521118013996,0.021423087049160607,-0.013537593434652984
1782542479.757046,0.18481660458045568,0.5177291443610769,0.057670724657320184,0.9012162021444159,0.432600103473529,0.02199779282846419,-0.013513126128447068
1782542480.7568147,0.18779758998974463,0.5216880190651554,0.05774749539636232,0.8899979036441847,0.45522500683213935,0.021664024681663136,-0.014303660308729205
1782542481.7568269,0.19060347643302042,0.5254925850891442,0.05766947668853646,0.8782011375910821,0.47753626459815146,0.022051412035631227,-0.01534969558683513
1782542482.756837,0.19312118081588744,0.52941361265211,0.057775494307113054,0.8658522085075534,0.4993855717120833,0.02419021438350742,-0.01813387207598028
1782542483.7568312,0.19559752580554973,0.5334451604477504,0.05784681285174177,0.8530019002611944,0.5210009435649532,0.024508230652754183,-0.018577448304097167
1782542484.7568262,0.19786411770261195,0.5375130968455689,0.057989717813450456,0.8395711678567093,0.5423058230495604,0.02521361066118541,-0.019721111218347423
1782542485.7567983,0.1997067644859594,0.5416578122599647,0.05791747539167655,0.8263665967040453,0.5622226353488862,0.023939044128783414,-0.021233895528786687
1782542486.7568195,0.2014903908352469,0.5457953651836,0.05785854100584925,0.8120018199013728,0.5827261317425392,0.0247945870921421,-0.021645514827921087
1782542487.7568352,0.20303378797387228,0.5502956316424551,0.05806623283772229,0.7969592051363381,0.6030480860770564,0.02585257462828408,-0.022818317474002214
1782542488.756852,0.20443471309691422,0.5547848259398622,0.05817081359019901,0.7814960933977478,0.6228840275210963,0.02651774483381191,-0.024003197122170448
1782542489.7568607,0.20554492837423766,0.5593913022343702,0.05829637568545558,0.7655057281130272,0.6423359127162003,0.027635450308586246,-0.02533450902291161
1782542490.7568095,0.20643601784448393,0.5640827376341204,0.058363279233564845,0.7490328529675868,0.6614359697000408,0.027185069466759238,-0.02670608844986035
1782542491.7568507,0.20716004780204303,0.568716982187003,0.058439393213551113,0.7320787291431047,0.6800247427787661,0.02860013474638857,-0.0284449615464373
1782542492.756832,0.20754682429070434,0.5730839333415086,0.05852849234270455,0.7156116038405803,0.6971978513095177,0.0298161036708649,-0.030433345856023697
1782542493.7568471,0.2035061975832149,0.5756392784507344,0.05836790363324433,0.7061965588647362,0.7066728525406978,0.03129357962368511,-0.030341582093466792
1782542494.7568252,0.194149189271735,0.576307144976778,0.05786097637817182,0.7061394535454995,0.7072643321333271,0.021555938806990693,-0.02606871958135754
1782542495.7568157,0.18932670617794095,0.5756254074709691,0.0578280089815499,0.7148036639325567,0.6988471992232324,0.01409881330344864,-0.021668816992877347
1782542496.7568204,0.18906685301214254,0.5730757292665837,0.05781819060661407,0.7323675783846061,0.6806564142206201,0.008801447122961397,-0.016343513696181446
1782542497.7568233,0.18839154785039286,0.5703107085030205,0.057869357988889744,0.7492456101233004,0.6621138865209133,0.006677748031196241,-0.01384285622140135
1782542498.7568264,0.1877756800264293,0.5671515494935975,0.057813205201304854,0.7657301224411277,0.6430317294440921,0.005757428636157909,-0.011594245552654512
1782542499.7571895,0.18704425576997488,0.5640576513525601,0.05775432772798379,0.7808079491859896,0.6246610647983092,0.0052335279808939225,-0.010493369234179184
1782542500.7568204,0.18603677540686392,0.5605920166794927,0.057730363399816104,0.7963156845431683,0.6047817616844428,0.004640420940231735,-0.009940713148700465
1782542501.7568195,0.18488219620303095,0.5570791528566899,0.05774765872907575,0.8113311710989937,0.5844841457304198,0.004750036660037432,-0.009871744761943396
1782542502.7568538,0.18359890397845874,0.5534291678582621,0.05766085280358145,0.8257686125160766,0.563901226226336,0.005169042333459428,-0.009740977623588096
1782542503.7568197,0.18215716082046032,0.5500179418768097,0.0575729024621084,0.8397707589788317,0.5428261315984012,0.00510516930100602,-0.009939842274420544
1782542504.7568243,0.18052250658664606,0.5469805811549471,0.05760537491633641,0.8531364508233392,0.5215610877028766,0.005221912167860985,-0.010244984336713274
1782542505.756828,0.17872531367452474,0.5432464506520708,0.05752592255516706,0.8660712235126463,0.49979877199956707,0.0046835020817022335,-0.009994404398638374
1782542506.7568266,0.176784127757533,0.5402126325464481,0.05754473133152144,0.8776789559951818,0.4791132111967154,0.004535082869155779,-0.010469674462439713
1782542507.7569401,0.17467913238802554,0.5369120139205906,0.05755307942272775,0.8894956040748707,0.4568064228873103,0.004122409615411484,-0.010414800974740429
1782542508.756816,0.172540507475239,0.5339088463859225,0.05751124561987225,0.9007227645976659,0.4342632925140539,0.004089911294389724,-0.00985731890501512
1782542509.756816,0.17014497925131827,0.5310318772578508,0.05748049362299089,0.9113825267826131,0.41142414679682215,0.0037680680291079425,-0.009892571514759637
1782542510.7568307,0.1675969037205545,0.5281549301567211,0.05748469680642804,0.9214590872663398,0.38833439565066513,0.0028576646500525237,-0.010068833182867042
1782542511.7568138,0.16496593630532386,0.5255006902102564,0.05733042384166315,0.9309330648543847,0.36505503247252535,0.0027341353145226266,-0.009538161845316119
1782542512.7568157,0.16228051227358706,0.5230788729163484,0.05727434963995942,0.9398556826005734,0.3414172657177598,0.002920724715754424,-0.009849666002136668
1782542513.7568276,0.1593328791885118,0.5206082600254175,0.05724798469005722,0.9477150486904314,0.31896026890694396,0.003217357897305176,-0.00949641788590963
1782542514.756833,0.156203321109953,0.5184076618637525,0.05729579910592392,0.9554279890064179,0.29504917314923196,0.003764772593121596,-0.009442972753785151
1782542515.7568333,0.15307453754313124,0.5163019468578964,0.05728302016333389,0.9625732891157284,0.2708153390276175,0.0037340645571734034,-0.0098879719946959
1782542516.7568204,0.14980228120451936,0.514304144204559,0.05725396914802039,0.9690913192809401,0.2464996649314879,0.0038655897090647713,-0.009218855633564609
1782542517.7568064,0.14633933664502843,0.5126300303854413,0.05715222433376832,0.9749973377538129,0.2219799625083811,0.003921454299784226,-0.009471526483607927
1782542518.7568278,0.14295571334820267,0.510951428549904,0.057078045150721325,0.980277686656766,0.19736075273418105,0.004268161867314815,-0.009282947663938883
1782542519.7568197,0.13938650597450572,0.5094488000643447,0.056920425527711024,0.9849383486809582,0.17260478041274513,0.004227696670531644,-0.009282545833835674
1782542520.7569056,0.13598156356362437,0.5082723084810713,0.056934296110724675,0.9887714284279282,0.14910075734006187,0.004072828740546757,-0.009134470497223015
1782542521.7568734,0.13229513304356688,0.5072290890702922,0.05696342556103014,0.9922082429212501,0.12412746546035933,0.0037637277525180016,-0.01005034083590614
1782542522.7568407,0.12864436718046654,0.5063738408040057,0.05687013168889994,0.9950313087479317,0.09905156970950987,0.003678672549091333,-0.00937808710436033
1782542523.7568316,0.12486389973346107,0.505679088668894,0.05679106875267336,0.9972123494754495,0.07394758545275099,0.0034847044745691604,-0.009334960850859315
1782542524.756828,0.12113366072331053,0.5051519520191426,0.0567416617294533,0.9987599300906755,0.04880722284288117,0.00339051331465958,-0.009217454263377346
1782542525.7569866,0.11733715044111737,0.5048207027937779,0.056691678447370636,0.9996747595748472,0.023615181515135978,0.0031939703031060277,-0.009082776265081126
1782542526.7568183,0.11351895166773085,0.5046933809155338,0.05663300394719188,0.999953534758451,-0.0015716619651919284,0.0030020703722343045,-0.009024731365913866
1782542527.756831,0.10987750466873905,0.5047282982296935,0.056665889767151145,0.999635040885071,-0.02534231804647352,0.003002146192621606,-0.008862227088709117
1782542528.7568443,0.10610314383442357,0.5049185549266868,0.05663212901449173,0.9986691963714759,-0.050618196907942246,0.0028260623903066323,-0.009468248618700834
1782542529.756812,0.1023234230575982,0.5053647689271211,0.05660374404237913,0.9970797793279366,-0.0757423618346585,0.0027658953323795956,-0.009346555626081906
1782542530.7568126,0.09848735004572232,0.5060139741501495,0.05657553255670168,0.9948637447659817,-0.10078314667327756,0.002760256301133385,-0.009014858955768512
1782542531.7570653,0.09475427562656966,0.5068567989941954,0.05652808231640985,0.9920086433842371,-0.1258101552913874,0.002734046269137208,-0.009120376501041035
1782542532.7568293,0.09102639299798757,0.5079005576380743,0.05652925191471128,0.9885208051070556,-0.150788611850077,0.0025946455492149253,-0.009092866506188037
1782542533.7568183,0.0873809839039035,0.5090266091360984,0.0564948447077185,0.9844231865762805,-0.17558011700001047,0.002562169086186002,-0.008720523770852756
1782542534.756819,0.0841060660116138,0.5103299600374485,0.05639811904413035,0.9799490544021157,-0.19904514942265694,0.002263599569701037,-0.008703756930169105
1782542535.756814,0.08065603420076517,0.5118660435621208,0.0563431286452583,0.9746170337548117,-0.22370668306011254,0.002143919754274167,-0.008506531449525376
1782542536.7568388,0.07711738270670454,0.5136087358506538,0.05631833933666186,0.9686813367648034,-0.2481564262283467,0.001978370609787185,-0.008422705910757451
1782542537.7568402,0.07373611274761374,0.5155630351716185,0.05611166073448193,0.9621264675044454,-0.27247035143438814,0.0018874127273432629,-0.008306972362727254
1782542538.7568111,0.07047595743595642,0.5174542334465548,0.05605895676785011,0.9549551856979468,-0.29664082271636416,0.0016121629349382923,-0.007887746029746734
1782542539.7568378,0.06729788050452576,0.519619366822521,0.055983306391855954,0.9471890740378569,-0.32057926973705936,0.001753549717081601,-0.007662564945943037
1782542540.7568135,0.0643096494552575,0.5220398474445364,0.05609661387546021,0.9388137991811468,-0.3443356053108634,0.0018208851527911395,-0.007637130319891649
1782542541.7568293,0.06157488273796913,0.5243986906472384,0.05609894889510582,0.9303641799902894,-0.3665584733682544,0.0018790246322991427,-0.007338082812455101
1782542542.7568429,0.05878377103610927,0.527146100162419,0.05598241112777984,0.9208019630073356,-0.3899534373762437,0.0019330323481027978,-0.007504997417088724
1782542543.7568278,0.05611999692174549,0.5298730528328315,0.05577001385877755,0.910720586121567,-0.4129596784390086,0.0016514972325154375,-0.0070420561508036834
1782542544.7568343,0.053603261044917944,0.5328000140750324,0.05586092581561401,0.9000277097951678,-0.43577757789034116,0.001632992399262665,-0.006734801015384579
1782542545.756822,0.05131921406495138,0.5358562143539408,0.05594638627166246,0.8887557469799999,-0.45831761439490903,0.0018255078506274115,-0.00740635311535101
1782542546.7568154,0.049091782283979174,0.5389286272915882,0.055744597199784224,0.8769263242871592,-0.4805784276094715,0.001490725014009454,-0.006509564313577458
1782542547.7568521,0.04708364335571222,0.5422641149305413,0.05564892999989195,0.8645314021193645,-0.502526964183686,0.0018249343149411583,-0.006983883776272487
1782542548.7568357,0.04521267409380461,0.5455043078415731,0.05594424311366755,0.8523735869680739,-0.5228944576984783,0.0011733755665412203,-0.006267179363436006
1782542549.7568326,0.0435312563080576,0.5488738977044945,0.05580436029158481,0.8389241483334874,-0.5442129785720171,0.0013133651834311992,-0.006064846956130575
1782542550.7568378,0.04201433070284233,0.5524535557082463,0.055557326808389935,0.8249932337398642,-0.5651018637523573,0.0016738678181393786,-0.006576171650864904
1782542551.7568595,0.040639876080568904,0.5560657666403327,0.05570803005377299,0.8104691512552887,-0.5857496271121723,0.0013432632224962694,-0.00594347082084106
1782542552.7568219,0.03953391097818443,0.559676016578186,0.05584070328499206,0.7954190411282182,-0.6060301026434172,0.0011919881852319838,-0.005885818961001766
1782542553.7568302,0.03842646383992321,0.5633846378789703,0.0556469930703198,0.7799329172784254,-0.6258361282972021,0.0011623720793156106,-0.005695081622079896
1782542554.7568204,0.03772960484105309,0.5671734397360986,0.055576612403624645,0.7639412345172963,-0.6452590290289308,0.0012333202481285852,-0.005749311436721886
1782542555.756849,0.03713151069243453,0.570824219479118,0.05558815112285125,0.7483793350871736,-0.6632418299652266,0.0016883137901683885,-0.005982925321569294
1782542556.75683,0.036708052407815495,0.5745762385832763,0.05580490933386113,0.7314740355593629,-0.6818436850881306,0.0016806588855038478,-0.0056656679790526
1782542557.7568362,0.03655525893139788,0.5783131791723638,0.055603311217257534,0.7140206432935157,-0.7001000699829842,0.0013900401808991907,-0.005699188436097811
1782542558.756817,0.036450806284259896,0.582014773684434,0.05548493185182651,-0.6960827673243497,0.7179433000898362,0.00045240381712026065,0.005098452802280162
1782542559.756818,0.03656373708140842,0.5858537222948451,0.055438032764539374,-0.6777915819456395,0.7352360043383357,8.422366852929031e-05,0.005155800093093019
1782542560.756815,0.036856813205424,0.5896523137610798,0.05544549989414156,-0.6591242558879432,0.7520165976004752,-0.00025946432326467305,0.005117119486096152
1782542561.7568214,0.03728213312100398,0.5935134118784882,0.055613528244625225,-0.6399921923300581,0.7683652408672466,-0.0007773000948303836,0.0049240418506460515
1782542562.7568495,0.03794479372094872,0.5969734922880933,0.055526713254746576,-0.6214966924898166,0.7834003778753065,0.0007315326190737011,0.005017372726106164
1782542563.7568386,0.03901183123114094,0.6005974199072057,0.05552236211326735,-0.6015249372127053,0.7988373584432403,0.001894439072768361,0.0047995590710421514
1782542564.7568278,0.04008003892512707,0.6041809464728596,0.05559710393060144,-0.5812378863436496,0.8137197138179924,0.002555422657029368,0.0040269886733355085
1782542565.756828,0.041283771430962846,0.6079132939395473,0.05527033682017534,-0.5606353067947101,0.8280498002891927,0.0023769622018552415,0.003991374064199788
1782542566.756819,0.04289887120554703,0.6114310772747903,0.05586053042887544,-0.539577915316656,0.8419205035625634,0.0028307506373287665,0.004186386785831201
1782542567.7568367,0.044632996672197556,0.6149417640565281,0.05567344141431397,-0.5182048977394342,0.8552448273934584,0.0023679770745911864,0.003789704496443613
1782542568.7568192,0.046400412605560104,0.6183940053936754,0.05578029132752457,-0.49648611176000074,0.8680330145219899,0.0026936269097894198,0.0036015140391181155
1782542569.7568429,0.048293891844078896,0.6213929867804273,0.05591695843904866,-0.4756798148640929,0.8796074805712355,0.0024129198490751473,0.0036839749982688617
1782542570.7568207,0.05035859565156564,0.6246178909356097,0.055715040212652625,-0.45339364386160297,0.8913001984952057,0.0024707028777585047,0.0034721024746968633
1782542571.7568486,0.052720530506946806,0.6276786715372052,0.055736335400431755,-0.4308597963186344,0.9024095838706254,0.00241953723912687,0.003305252525620645
1782542572.7568226,0.05515892215863516,0.6306580482573726,0.055823813336300473,-0.407927565072746,0.9130051559009454,0.00262611967766506,0.0031289690873246775
1782542573.756819,0.05776177349162964,0.6335105619167113,0.05585734701100393,-0.3848798110738768,0.9229583384122596,0.002627499034950952,0.0029211011347323535
1782542574.7568457,0.060496956249139755,0.6362132035170447,0.05585106516224518,-0.3615032621173283,0.9323631199187253,0.002571245448263709,0.002791557055771416
1782542575.7568204,0.06337907280292393,0.6387382719347525,0.05590510433195538,-0.33785111116132344,0.9411925012811304,0.002539336371310752,0.0026180126091787637
1782542576.7568252,0.06617154857870128,0.6409923962341952,0.05593158506496057,-0.31536747581946406,0.9489627181367583,0.002629492155847973,0.002490090913540838
1782542577.7568142,0.06920897043982155,0.643241822527428,0.05595232680423329,-0.2913991767125169,0.9565946125655745,0.002753004475597272,0.002384950343954131
1782542578.7568161,0.0724516474743761,0.6453769850584812,0.05604980090514948,-0.2671858335400328,0.9636382863485994,0.0028129252264438775,0.002251863744361242
1782542579.7568338,0.0757252506492802,0.6472748349575248,0.05604688124970558,-0.2428353799143941,0.9700610620222212,0.002865445432861894,0.002074471649278709
1782542580.7568257,0.07917560108197397,0.6490168185054237,0.05623511794516327,-0.21836060711583602,0.9758614676377669,0.002941013550022583,0.002095633356691211
1782542581.7568142,0.08263296408697585,0.6506666822323761,0.05620977089371247,-0.19365252652566572,0.9810637265132348,0.0030107662966701704,0.001897044147669923
1782542582.7568336,0.08615027406297171,0.6520267364604793,0.056374022336323534,-0.1688977675791748,0.9856272300355542,0.0030734560679091766,0.0017496819741109257
1782542583.7568238,0.08961276862254985,0.6532193953084415,0.05638599429407519,-0.14532337228276376,0.9893774141075764,0.003282994354937065,0.001634585646587246
1782542584.7568238,0.09327654929595147,0.6544210629623748,0.056377555682121064,-0.1204076828740784,0.9927163867106851,0.0037506449017881242,0.0014484901786619264
1782542585.7568204,0.09692224336140992,0.6552122915443506,0.05640920251510294,-0.09535801630040318,0.9954364234569872,0.0033769656741883796,0.001331046674243153
1782542586.7568326,0.10064071442947453,0.6558949669033134,0.0564003741975959,-0.0702976547523891,0.9975195217076047,0.003402177031381125,0.0012119158356568543
1782542587.756832,0.10446572510608876,0.6564148402004253,0.05654198682664317,-0.045143150471317714,0.9989740877047444,0.003446640566700844,0.0009943484306974427
1782542588.7568173,0.10829003758350242,0.6567567890740085,0.05661946871723007,-0.019948627709492624,0.9997949018379042,0.003386827511432843,0.000857852464870599
1782542589.7568562,0.11214321193175758,0.6568926865222211,0.05661448364111214,0.005249720623148046,0.999979795612653,0.003541548179257033,0.0005533862571523335
1782542590.7568254,0.11576935971309771,0.656865919133425,0.05666553683035995,0.02908216457089646,0.9995702839643651,0.0036504842396229416,0.00038611408428969166
1782542591.75682,0.11953450709203478,0.6566031196131014,0.05668405376144721,0.054188954786802405,0.9985231471951268,0.0038787187683651148,0.00019296468356975712
1782542592.7568083,0.12336865416502313,0.6561424740278516,0.05674204354411598,0.0793047229649242,0.9968423003347486,0.00402357461686681,-5.107438940587319e-06
1782542593.7568226,0.1271604798682361,0.6555130399506324,0.0568295151712762,0.10441224976377814,0.9945252165717072,0.004201752480333532,-0.00014483908042804645
1782542594.756822,0.1309034510546993,0.6546587201683332,0.05683206838681952,0.1293718208968044,0.9915867605410748,0.004280114424211036,-0.0005557859462425389
1782542595.7568178,0.13456514664636032,0.653619004552054,0.056889685698554335,0.15433990395679037,0.9880087802151293,0.0041675545225024835,-0.0006897490290703231
1782542596.756821,0.13826447557100313,0.6523946607779885,0.05689733062701656,0.1791600999833072,0.9838100597782437,0.004313267881259913,-0.0009058550019722468
1782542597.7568123,0.14168013735185442,0.6512044039060203,0.05694973204369304,0.20250470283585673,0.9792697066275146,0.00460022321506707,-0.0012348916529930066
1782542598.7568362,0.1452376580508531,0.6495885752299739,0.05705928036401199,0.22712273203095118,0.9738542189185163,0.004571888293220354,-0.001524049486569078
1782542599.7568173,0.14865760917350068,0.6479685850387515,0.05711969759320053,0.25155387131478435,0.967830099724367,0.004695440127646157,-0.001871025407240163
1782542600.7568226,0.15201456908690375,0.6459794307673123,0.057211505808438104,0.2758645587089209,0.9611814967975817,0.004973288552441264,-0.0020351568163032357
1782542601.7568586,0.15529265517424587,0.6438906823815953,0.057248182812126694,0.29999130800225243,0.9539261046873729,0.005030082688341529,-0.0022136366507266607
1782542602.7568195,0.1585169895645255,0.6416364698062458,0.057252886239267116,0.32393202557439926,0.9460628306045498,0.005162368404791549,-0.0025521183803127716
1782542603.75682,0.16149079821588386,0.639240149896303,0.05725163062867737,0.34761047696941183,0.9376209998622018,0.0051575538529453685,-0.0026863649709262254
1782542604.7568233,0.16429628300402746,0.6368632791492965,0.0572906319974195,0.36980727048725254,0.9290883711553214,0.005364452846841049,-0.002933244683595056
1782542605.7568023,0.16700194042354982,0.6342470799289106,0.057300531320169726,0.39319428251927896,0.9194338223454644,0.00567972442466329,-0.002728232361499479
1782542606.7568161,0.16957589497047001,0.6313681088128735,0.05741778649088143,0.41622654379265783,0.9092393197352717,0.005598843910720711,-0.0028242940042687674
1782542607.7568164,0.17211230361180782,0.6284234770790631,0.05751774089123339,0.4390256170710059,0.8984525606769281,0.005438742620334492,-0.003150213834512544
1782542608.7568173,0.1744270084425734,0.6253120338673995,0.057596094659371676,0.4614371093237936,0.8871495194880161,0.005466485769843953,-0.003412000060304417
1782542609.7568195,0.17661345462845404,0.6221893337538762,0.05766156679572812,0.4836124554703657,0.8752570581996477,0.00561225277468092,-0.003546491846213817
1782542610.7568438,0.17862539554690535,0.6188639810698621,0.05762942216281562,0.5055378075361604,0.8627769234816054,0.0057000367163456,-0.003874924590295101
1782542611.756822,0.18038240864898725,0.6156510030180028,0.05767613761530231,0.5259231391641318,0.8505036993821521,0.005624271582230329,-0.004083699081516704
1782542612.7568126,0.18215182174012104,0.6122354396394059,0.05769495830385473,0.5471901582381435,0.8369763853497773,0.005746751619878062,-0.004520612785478963
1782542613.7568414,0.18368791022493522,0.6087278402755055,0.057649467997072996,0.5680693043278524,0.8229455902828792,0.005828845617391809,-0.004883182691841928
1782542614.756843,0.18503560841782085,0.6051285005354554,0.05758895497648095,0.5886502707244683,0.8083510980389536,0.005878141806610908,-0.004980815608878472
1782542615.75684,0.18616997691213283,0.601491775434128,0.05761369666705446,0.6088131990932468,0.7932748541352469,0.005927264323592323,-0.005134388394723005
1782542616.7568467,0.1871131181136094,0.5977630218205179,0.05759479708278788,0.628592931143441,0.777692942906559,0.0059007461690112435,-0.005458448908039651
1782542617.7572954,0.18795242179060678,0.5939413669376702,0.05763749657457758,0.6479778468435549,0.7616159982567688,0.005773990072683979,-0.00569580880794494
1782542618.756812,0.1885595415926217,0.5903328920608205,0.05764460665943984,0.6658994673082117,0.7459965434944279,0.0058009997678213346,-0.005779700225775928
1782542619.7568545,0.18897745694822968,0.586428342566331,0.05772470525903943,0.6845171812874309,0.7289516956600752,0.005559517805469411,-0.0058945464950454505
1782542620.7568219,0.18916922226915497,0.5826548304427994,0.057782347319680905,0.7026179895174666,0.7115194499994666,0.0055043192028817085,-0.006142926745676162
1782542621.7568429,0.18146747016642326,0.5816501203647921,0.05757728037906461,0.7059525436910055,0.7081948121296613,0.006409521085630707,-0.007073342087420887
1782542622.7571287,0.17183910858302337,0.5812127370875617,0.05751782491618539,0.7060407992200574,0.7081031021348345,0.007097221053699051,-0.00678351214651308
1782542623.7569754,0.1699581610732378,0.5831823606489631,0.05754165706312052,0.6912010409442408,0.7226069760258641,0.006444686101680982,-0.006224565639858982
1782542624.7568314,0.16948507265058138,0.5855262234116259,0.05748543403102084,0.6728548886646686,0.7397363668830673,0.006247974650811894,-0.004167628037536567
1782542625.7568128,0.16886608226846225,0.5878969140969172,0.05745001221712999,0.6550627617637701,0.7555421748997015,0.006273039631391798,-0.003073934292390783
1782542626.7568126,0.16819033302923547,0.5904421616981055,0.0574394949864552,0.6358279621447454,0.7718015599165239,0.0062694643637728545,-0.002418363469811834
1782542627.7568407,0.1675127429965562,0.5931672526754637,0.05743678888890997,0.6162233030486355,0.7875410597305347,0.006707994464567222,-0.0017096282049153108
1782542628.7568145,0.16662711707880995,0.5957868804891088,0.05743192649227365,0.5961758422877284,0.8028235414215678,0.006837136717926281,-0.0014071152583600365
1782542629.756811,0.16565802747271854,0.5983770426636659,0.057403852211856364,0.5757703604705702,0.8175806832425216,0.007018092373460217,-0.001031877763431458
1782542630.7568512,0.16457895565382893,0.6010331893827341,0.05744237501627848,0.5550370736906794,0.8317944576364131,0.007163874900996319,-0.0007113161291054923
1782542631.7568116,0.1633954812464278,0.6036103319911696,0.05743741136284036,0.533885039721881,0.8455243882265249,0.00742864832178819,-0.0002974213132489185
1782542632.7568176,0.16216234611651525,0.6059727252103039,0.05746208843494114,0.5136653849663894,0.8579574638698216,0.00754055269143702,-5.042323324530537e-05
1782542633.756828,0.16075149330998223,0.6084240936098612,0.05739586367766626,0.49186258006675365,0.8706390442608841,0.007668720413985925,0.00021832494756144656
1782542634.7568157,0.15922207869913668,0.6107993132822578,0.05739566069066787,0.4698129021637819,0.8827311385945247,0.007835822923686321,0.00041688747589046664
1782542635.7568865,0.15738692670880475,0.6129986451448293,0.05733339871245377,0.44732499542496307,0.8943493471738029,0.006292335446061097,-1.3873853065331838e-05
1782542636.756822,0.15587171669705027,0.6152308341345578,0.05730416085329927,0.42468554842546336,0.9053053290516324,0.008003028559735084,0.00063062124215662
1782542637.7568154,0.1540453357862517,0.6173704472935053,0.057284737809965895,0.40175725529170636,0.9157095501997764,0.008165814414750653,0.0006685569099274271
1782542638.7568204,0.1521801873067384,0.619351797531009,0.05730347479644744,0.37857011517605377,0.92553576261563,0.008160257022744291,0.001276800852289413
1782542639.7568233,0.15016777156219438,0.6211403724019082,0.05733844336650214,0.3563961575672892,0.9342970602226923,0.008348518392368222,0.001041331435778894
1782542640.7568088,0.14812603422983178,0.6230033657773939,0.0572541994132339,0.3327956861669747,0.9429606291436009,0.008411712520682605,0.0012354133827624956
1782542641.7568154,0.1458607329730838,0.6247123017618015,0.057234949851708516,0.3089350966973355,0.951042922228539,0.008629035990015691,0.0014162787480166467
1782542642.7568254,0.14355274418133224,0.6262757826470478,0.05714304792225528,0.2848585443111533,0.9585347734895331,0.008038961090708327,0.0014397391716029172
1782542643.7568195,0.14116454889197025,0.6277393207798123,0.0570939348665612,0.26064849081982205,0.9653941404186437,0.008585149752167778,0.0016772246212699638
1782542644.7568269,0.13870649509722363,0.6291745504157948,0.05712476396797955,0.23625696841559568,0.9716513062479937,0.008561170192473022,0.0017579267832552245
1782542645.7568605,0.13610716538478165,0.6303988983559239,0.05707273401754201,0.21172331975296527,0.9772961165149247,0.007925630395043536,0.0016495152232638144
1782542646.7568774,0.13375230686460632,0.6314595475713618,0.05708783145900656,0.18838840956113975,0.9820577600163803,0.008330873780403527,0.0017203710904494783
1782542647.7568324,0.1311358395066426,0.632425082223864,0.0570648661417259,0.163612842704219,0.9864899514498003,0.008081822696821629,0.0017599808840577024
1782542648.7568114,0.12848462521383874,0.6333338828103547,0.05706242267178509,0.13867437844307523,0.9903040657872265,0.00797958967781249,0.00189741858561821
1782542649.7568164,0.12575892273056738,0.6340581960301186,0.05701703271950849,0.11372694181730515,0.9934784615770852,0.007934761668984476,0.001941299711010474
1782542650.756814,0.12305114314353643,0.6346186705227859,0.05701449647778414,0.08866602890006438,0.9960284346922033,0.007833588836956186,0.002080261912789773
1782542651.7568307,0.12022614531875192,0.6350538037283705,0.05696866555201836,0.0635788987381987,0.9979455152638332,0.007623543462369377,0.002086572576659461
1782542652.7568216,0.11751829573611366,0.6353942130783157,0.056916426276162765,0.03844053645137469,0.9992309843708338,0.0074178174363617785,0.002177387220001213
1782542653.7568243,0.11479856368330366,0.6355290267897584,0.056855212913075145,0.01459477262238895,0.9998663037090542,0.007010370944627177,0.002285173628655588
1782542654.7568378,0.11201310434048611,0.6356286735388221,0.05684888467689736,-0.010534686961172931,0.999917914322124,0.006925402544339569,0.0022855607457589297
1782542655.75686,0.10910715015959926,0.635570199907457,0.05677777685631142,-0.035775609132406364,0.9993394355960216,0.005938288381290479,0.002352654868653977
1782542656.7568154,0.10629515718421023,0.6354064313451062,0.056830984606006774,-0.0611078697506987,0.9981085784053414,0.006258965359434801,0.002432965439452061
1782542657.756838,0.10351636773516154,0.6350311984400363,0.056804163814652434,-0.08621778897102583,0.9962566945646545,0.005786553820001738,0.002367951634816099
1782542658.7568176,0.10076515238748424,0.634526641841931,0.0566673046131731,-0.11127487461256627,0.9937714720808005,0.005532865793818381,0.0023560463543978436
1782542659.7568476,0.0980288052600059,0.6339904881287723,0.05665514694506766,-0.1362726793706957,0.9906524587900674,0.005576059858305736,0.0025239466678603486
1782542660.756882,0.09549000742449121,0.6332571325548433,0.056680788497769446,-0.15978085828794963,0.9871345663210399,0.005366052657819314,0.002575029672085286
1782542661.7568533,0.09285402347912092,0.6324099084240318,0.056618397395875826,-0.18459146007275318,0.9827978409923173,0.0052694257525555,0.002574832283347907
1782542662.7568145,0.0902160523565731,0.6313571301361806,0.05653802328055622,-0.20935696336903226,0.977821386162083,0.00524592854517538,0.002734755319774083
1782542663.7568183,0.08765778724353085,0.6302269774020217,0.056530822147394966,-0.23384770833857738,0.972254967507788,0.0052121204021042195,0.002891584710818032
1782542664.7568336,0.08513767097378644,0.62894669301457,0.05655612630729884,-0.2583239447267459,0.9660413645694496,0.004943996662144975,0.002894549811935773
1782542665.756829,0.08272840158648637,0.6275565237473686,0.05647931218363367,-0.28254430997519786,0.9592375680890347,0.004866632280246539,0.0028838789022315172
1782542666.7568336,0.08037754704026578,0.6259991036369761,0.05642194200740609,-0.3066312685753618,0.9518117136051228,0.00475070060156713,0.0030261889792731925
1782542667.7568552,0.07820404427329497,0.6244630802964404,0.05642527036843456,-0.3291905741610792,0.944246377459957,0.004751610887738765,0.003125176990044545
1782542668.7568212,0.0759948020165036,0.6227002039529462,0.056367288697418874,-0.3528648070434502,0.9356582110453021,0.004535263487318916,0.0030937741989782636
1782542669.7568283,0.07390914202114712,0.6208082575598601,0.056317282043585784,-0.3763133827472965,0.9264780462092871,0.003938140802607384,0.0033404946531473013
1782542670.756816,0.07190804553025959,0.6188972868281929,0.05628368953906611,-0.3995631447937722,0.9166897784030584,0.004220674420768409,0.003365917600990373
1782542671.7568333,0.07002228337703492,0.616919151346371,0.0562044948715483,-0.4225005237878731,0.9063473110046016,0.004133581045881926,0.003282185466716954
1782542672.75684,0.06819364843552117,0.6147580712982014,0.0562019563448482,-0.445209449847684,0.8954108939481512,0.003980251116954927,0.0034690584228678012
1782542673.756818,0.0665256896472789,0.6126176314040408,0.05623486829393566,-0.4675897837170531,0.883926828120866,0.004070472517822007,0.004072830110182116
1782542674.7568345,0.06495281583240414,0.6104260352584915,0.05626591787684082,-0.48850971137672333,0.8725407234870646,0.0038592138682510897,0.004006771221258435
1782542675.7590864,0.06349235721422891,0.607903305306386,0.05611297343510088,-0.5103134298955501,0.859972429285249,0.003448602382626492,0.0039662676502811
1782542676.756823,0.06207949799213913,0.6054301713106073,0.0561044530929823,-0.5317951132929344,0.8468566266195177,0.0034010661055734292,0.004030406643455459
1782542677.7568455,0.060850918205730076,0.6028895022492624,0.05606537129875323,-0.5529527912509078,0.833195948987312,0.0032826531434127495,0.004116482394314379
1782542678.7568476,0.05971972035351736,0.600321484302198,0.056126762744326,-0.5737756291879613,0.8189966629444093,0.003018158365781987,0.004109033458095077
1782542679.756829,0.05874144266048281,0.5977548354952482,0.05604068018804852,-0.5942260890380521,0.8042821378199903,0.002823750313921737,0.004198133443796966
1782542680.7568321,0.05794122665562906,0.5951019786806477,0.05610795636689962,-0.6142928877882264,0.789062895535316,0.002118366366895472,0.0044167212001863
1782542681.7568164,0.05734069894363769,0.5924722026504745,0.056113153151434156,-0.6329317953462477,0.7741947903078934,0.0018439973204800615,0.004045834125961023
1782542682.7568262,0.056793056009031506,0.5897721194849292,0.056074196348527464,-0.6521958573310039,0.7580357838049638,0.0020805177981083572,0.004240942956779036
1782542683.7580922,0.05640400043324051,0.5868466680174371,0.0559865855143091,-0.67106956732505,0.7413779816129392,0.0018894140703034623,0.004555689208611145
1782542684.756844,0.056064458304948106,0.5840304393720794,0.05602584411628786,-0.6895533348839439,0.7242166233696853,0.001750725189193402,0.0048389819957268855
1782542685.7574744,0.05589658148038512,0.5811937378606564,0.056019449283499965,0.707494874033061,-0.7066979738618209,-0.0014711021344410247,-0.005178109215760609
1782542686.756826,0.055856955514297035,0.5783868267497903,0.0560721048118817,0.7251163547653104,-0.6886044467559638,-0.0010966689688773333,-0.005383797633106929
1782542687.756836,0.055990138580215065,0.5755834212666453,0.056054614574407344,0.7422134935703841,-0.67013864004506,-0.000905910233663633,-0.005701965209594129
1782542688.7568386,0.05617992658322002,0.5728540486169891,0.056148482361277764,0.7579753852539168,-0.6522551398744982,-0.000668601674601071,-0.0060083964812440134
1782542689.756818,0.05664967423148348,0.5700036995323565,0.05612780404253899,0.7741235032311252,-0.6330024665055565,-0.0004204704757398588,-0.006364145475329875
1782542690.7568407,0.057177803450773,0.5672378746936232,0.05611782885320436,0.7897741184637312,-0.6133621242723304,-0.00013392280774923512,-0.006612743579805985
1782542691.7568364,0.05780207415692004,0.5645434456566082,0.05612566166371248,0.8050202020711157,-0.5932075722145718,0.00031770013590197053,-0.006866555999735038
1782542692.7568135,0.0587174749066601,0.5618298253118132,0.05611830785984614,0.8196958581502749,-0.5727566458635656,0.001046982185527879,-0.006886840981585646
1782542693.7568178,0.05960726341755451,0.559205757756061,0.056164687849820094,0.83385944381288,-0.5519328855868122,0.0011105607090300112,-0.006876367267748867
1782542694.7568142,0.06070214892028569,0.5566043458982524,0.05620626972155954,0.8474950530932117,-0.5307510247260475,0.001368814056239642,-0.007321958949927019
1782542695.7568145,0.061791954963514945,0.5541266490138202,0.056235566141468636,0.8598828823996648,-0.5104377043707623,0.0014408612508231382,-0.007259644041308812
1782542696.7568939,0.06323464343474097,0.5516548705751603,0.05624601188563598,0.872457211654162,-0.4886253388797397,0.002085741824100591,-0.007703357602202293
1782542697.7568831,0.06468635870732817,0.5492670701465429,0.05625165559942358,0.8844773063739183,-0.46651080666491224,0.002211556985279342,-0.007916488495022637
1782542698.757055,0.06616196018620565,0.5467966327736902,0.05620833242463617,0.8959694387521164,-0.44404226820230097,0.002355594177759769,-0.007725286275803143
1782542699.7568386,0.06789986634373663,0.5446709409192573,0.0562761158466374,0.9068622762216773,-0.42134231760214597,0.002820695488443882,-0.007969130482814153
1782542700.756814,0.0696765131682624,0.5423819811863548,0.05627215720075244,0.917228622030603,-0.3982722765670118,0.0030789297614500994,-0.007833826491251713
1782542701.7568173,0.07167117809064924,0.5404725239923609,0.05632222954392912,0.9269711154770145,-0.37502370801884394,0.003800015969168053,-0.008205447808032298
1782542702.75683,0.07365218822184932,0.5386290866170189,0.05638233392073122,0.9355770665120102,-0.3529973722471457,0.003951984637426947,-0.008531683351910369
1782542703.7568295,0.07575447016690093,0.5366255870253649,0.05635862824895067,0.9441929494241447,-0.32924938614707866,0.004153463546839162,-0.008790035271362408
1782542704.7568414,0.07791229964354146,0.5348383335332432,0.056420644299730954,0.9521803391904315,-0.30536616626504376,0.004361877570129332,-0.009223892011919027
1782542705.756822,0.08007750842290826,0.5330808832249413,0.05646183967466252,0.9595661559168094,-0.28132897213753283,0.004561207411065679,-0.008123868661539567
1782542706.7568264,0.08254241667893047,0.5317282435367818,0.05648934271353903,0.9663365622344552,-0.2570439520379792,0.005917174599419595,-0.0093296438491555
1782542707.7568333,0.08499252111020608,0.5302701029653459,0.056521518298318627,0.9725035385589932,-0.23260912532156358,0.006548149763670022,-0.009326523577769114
1782542708.7568152,0.08740781304063414,0.5289863008434412,0.05658112297250556,0.97804608731932,-0.20804706218362048,0.007111124798722149,-0.009576163126791139
1782542709.7568295,0.08979141613416891,0.5278052885693044,0.056612024609879755,0.9827003801389839,-0.184782386854709,0.007893302772333676,-0.00965029296537635
1782542710.756854,0.09249165432803319,0.5268483714580001,0.05665026214084638,0.9870411770627838,-0.15993467528705346,0.008650274363838036,-0.00978709235520672
1782542711.7568104,0.09509726749538291,0.5259290006179949,0.056700413244319264,0.9907455201759603,-0.13503438418204403,0.009421925627744746,-0.01001282464179915
1782542712.7568378,0.09780554192289015,0.5251715315618445,0.05668823254058891,0.9938231915066433,-0.11005509378645958,0.010078755255720561,-0.01008756896871672
1782542713.7568183,0.10047758869352583,0.5244721469063183,0.05675861818768606,0.9962679115855416,-0.08497710103289062,0.01116736080199922,-0.010219133903980021
1782542714.7568228,0.1032538113790433,0.524032497010493,0.05683936196956505,0.998080413213376,-0.059830803762790256,0.011718565388557752,-0.01088296403325396
1782542715.756836,0.1060384225902237,0.5236049958267236,0.05690426395136883,0.9992653556109649,-0.03470655960612589,0.012844938734668531,-0.009960489189844757
1782542716.756848,0.10857568690829364,0.5234275489070824,0.05691721867299375,0.9997747468397105,-0.01093574083128307,0.01466631480287678,-0.010759384934412102
1782542717.7568178,0.11138388863104134,0.5233108126531325,0.05696910911519808,0.9997259563676265,0.014246898774432361,0.015462813276791018,-0.010292688944719746
1782542718.756842,0.11406139646421501,0.5234446886532368,0.05705534562958327,0.9990306860476407,0.039476527345801656,0.0165772578961287,-0.010221870892449742
1782542719.7568126,0.11682688736917107,0.523594080236337,0.057026635468372236,0.9977060737882362,0.06455877859824699,0.01756210984782195,-0.010311485327446971
1782542720.756836,0.1195076341289987,0.523935800721334,0.05710875617273291,0.9957517098848543,0.08966176397414374,0.0181947322264734,-0.010404425099006341
1782542721.7568085,0.12220875406332468,0.5243959658134251,0.05713612683726789,0.9931797057308592,0.11467401929011481,0.018444476140136504,-0.010185417229076467
1782542722.756824,0.12503190190006738,0.5249382544939002,0.057240285617642175,0.9899793546577951,0.139529979704302,0.019477496869606477,-0.009637905931644082
1782542723.756819,0.1278090444464275,0.5258080690672378,0.05713781963199767,0.9863979032636648,0.16339547939020313,0.015330828458594804,-0.009276823306757168
1782542724.7568164,0.13056457466542912,0.5266538192111971,0.057182202677285854,0.9819843706419763,0.1882384426159023,0.013171504551801659,-0.009974768381431078
1782542725.756813,0.1330010211170727,0.5274392663652024,0.05722363544113511,0.976895366981574,0.2127561693289939,0.016485055147032145,-0.01176848924831958
1782542726.7568147,0.1353553610416745,0.5284306602612479,0.05727923253204899,0.9711640168413401,0.2372551005042198,0.019187530488207503,-0.013502160978531335
1782542727.7568114,0.1376938071142738,0.5296584282202896,0.05737622228229455,0.9648647441389057,0.2615587817652008,0.02084302416929028,-0.013733082055630478
1782542728.7568245,0.14025086901807296,0.5310486550945146,0.057334502793790494,0.957953585398442,0.2858574977658309,0.022250048988080737,-0.010740321846006961
1782542729.7568069,0.14278774713087772,0.533253979433816,0.057331466736918926,0.9504333626837326,0.31027282691444946,0.017747649042808504,-0.009602964628796304
1782542730.756818,0.14516155544946815,0.535002059153968,0.057266057231042874,0.9427990012435109,0.3328454808777118,0.016149357011503055,-0.009117421874538479
1782542731.756878,0.14712722363842487,0.5368737103370612,0.057395943179870026,0.9340696453998865,0.35646001084124324,0.01865428622921449,-0.010108205521740085
1782542732.756833,0.1491630894961449,0.5387997149418462,0.057394133564319695,0.924721244810029,0.3798878603055741,0.02121793025776311,-0.011208587110764171
1782542733.7568493,0.15133140714560556,0.5408705481770242,0.05739883908760185,0.9149148127722373,0.4030395212235036,0.018962377656944408,-0.011421818395789226
1782542734.756964,0.15328309070725518,0.5428463948337297,0.05735742780138141,0.9044642758475636,0.4260098853602677,0.01799008628080202,-0.011675105416366516
1782542735.7568078,0.15509835492104554,0.544894827169026,0.05739449816171455,0.8934286471506462,0.44864057812242986,0.018506002903643508,-0.012822323076120096
1782542736.7568362,0.1567226472036575,0.5470037233361725,0.05753644978548395,0.8818547198088564,0.4709128494030576,0.019379944800918408,-0.014062686708094645
1782542737.75681,0.15816512930349386,0.5490348452473632,0.05751072321443179,0.8703375590738099,0.49176649758241986,0.02080857828329791,-0.015660401999631746
1782542738.7568252,0.1597230131657438,0.5511490100946845,0.05747891651350749,0.8576623444526521,0.5134052659079112,0.023012134373018144,-0.01734293855163095
1782542739.7568219,0.1608590910528255,0.5532455514848782,0.05754276006673449,0.8444163108961673,0.5347600549440504,0.024935189916293843,-0.019261719356843836
1782542740.756819,0.16198177387984375,0.5554609802485467,0.05769488042641545,0.8306061491344099,0.5557979975099325,0.027378077114513774,-0.020795477334439545
1782542741.7568336,0.16294020280939026,0.5577706703365858,0.05778292347987107,0.8162032450219129,0.5765603579571852,0.029600555728912823,-0.022676497712861683
1782542742.756846,0.16390274011974193,0.5601063613447854,0.057848514946121116,0.8013511037476897,0.5968878802489639,0.03090393857759537,-0.024621403588141754
1782542743.756822,0.16481408840270168,0.56253031731698,0.0579289518864171,0.7859738931950707,0.6168672666178103,0.03201374283652572,-0.02636161718961834
1782542744.7568164,0.1656368232614045,0.564916943442664,0.05799667157690519,0.7711243201133466,0.6352544808373807,0.03246104853921231,-0.02766419768389965
1782542745.7568216,0.16625269597898407,0.5674159203763159,0.05808624617191541,0.7548093247635294,0.6544902246131673,0.03255819332429179,-0.029075645879131615
1782542746.757365,0.16677197613329273,0.5700024100609571,0.0582809955500198,0.7379968789732132,0.6732585371987893,0.03341289013618401,-0.0310986734040293
