-0.640983485 -0.0872645815 0.244465187 3.07824 -0.00110298 -0.609692
-0.641009068 -0.0838107088 0.244442199 3.07701 -0.000774708 -0.61048
-0.64105807 -0.0804919969 0.244405389 3.07257 0.000502381 -0.611593
-0.641139143 -0.0772586421 0.244329621 3.06597 0.00237092 -0.61356
-0.641212993 -0.0740503838 0.244255695 3.05885 0.00441191 -0.615186
-0.641233874 -0.0705004131 0.244201021 3.05981 0.00404951 -0.616187
-0.641198478 -0.0667967849 0.244088042 3.06465 0.00260454 -0.615691
-0.641153518 -0.0630153638 0.244056917 3.0713 0.000597354 -0.615178
-0.64106554 -0.0592741179 0.244079294 3.07738 -0.00112407 -0.612841
-0.641001927 -0.0557063286 0.244125433 3.07939 -0.00160635 -0.610656
-0.640930588 -0.0523004935 0.244058112 3.07783 -0.000931972 -0.60749
-0.640822098 -0.0489902574 0.243899866 3.07441 0.000426653 -0.602462
-0.640698322 -0.0456674743 0.243789234 3.07137 0.00169503 -0.596952
-0.640567871 -0.0421446529 0.243680407 3.07286 0.00156763 -0.592032
-0.640514618 -0.0386411529 0.243626291 3.07334 0.00155372 -0.58997
-0.640530605 -0.0350761095 0.243577578 3.07468 0.00110648 -0.590861
-0.640645283 -0.0316059638 0.24357154 3.07315 0.00128751 -0.595174
-0.640814694 -0.0282539949 0.243534151 3.06855 0.00226189 -0.601052
-0.640996568 -0.0248179435 0.243534947 3.06572 0.00264913 -0.607821
-0.641199473 -0.0213294646 0.243575096 3.06389 0.00266909 -0.61558
-0.641400737 -0.0178487008 0.243588489 3.06187 0.002741 -0.623295
-0.641563938 -0.014344456 0.243534238 3.06066 0.00265828 -0.629629
-0.641677338 -0.0108116716 0.243538103 3.06048 0.00238535 -0.63416
-0.641709347 -0.00720100112 0.243584286 3.0627 0.00156152 -0.635867
-0.641672997 -0.00361202124 0.243519449 3.06498 0.000911821 -0.634861
-0.641635557 -0.000128136023 0.243418763 3.06492 0.00104027 -0.633348
-0.641649639 0.00331540778 0.243390132 3.06355 0.00144964 -0.633621
-0.641674038 0.00671065613 0.243378811 3.06101 0.00221489 -0.634109
-0.641638385 0.0102170338 0.243239545 3.06144 0.00217578 -0.63276
-0.641577648 0.0137515334 0.243128726 3.0627 0.00194107 -0.63056
-0.641532631 0.0172394762 0.243057468 3.06279 0.00204135 -0.628771
-0.641463444 0.0206857476 0.242978473 3.06214 0.00245527 -0.625859
-0.64147106 0.024177753 0.242950306 3.0619 0.00250951 -0.626123
-0.641565067 0.0277516304 0.242936887 3.0628 0.00194617 -0.630089
-0.641735905 0.0312768003 0.242968496 3.06199 0.00171766 -0.636796
-0.64189434 0.0348189684 0.243034368 3.06163 0.00136871 -0.643159
-0.641930342 0.0384093014 0.243027652 3.06335 0.000685431 -0.644962
-0.6418431 0.0419946311 0.242925899 3.06597 5.80093e-05 -0.641961
-0.641694557 0.0455054998 0.242804649 3.06742 2.30495e-06 -0.636243
-0.641547571 0.0488784629 0.242695493 3.06577 0.000972642 -0.629971
-0.641393218 0.0521105558 0.242502733 3.06101 0.00298135 -0.622822
-0.641262972 0.0554318048 0.242341254 3.05804 0.00432515 -0.617003
-0.641187988 0.0589941758 0.242225829 3.06002 0.00391135 -0.614399
-0.641151161 0.0626420296 0.242153392 3.06362 0.00286991 -0.613614
-0.641109293 0.0662581243 0.242092641 3.06655 0.00205245 -0.612489
-0.641025502 0.069823241 0.242026656 3.06866 0.00160892 -0.609524
-0.6409462 0.0732297076 0.242004823 3.06717 0.00229574 -0.606074
-0.637478701 0.0732216215 0.240566998 3.06674 0.00234045 -0.607301
-0.637591268 0.069839807 0.240602981 3.06852 0.00148122 -0.612147
-0.637731164 0.0664576273 0.240682488 3.07007 0.000617606 -0.618059
-0.637829284 0.0629714386 0.240769278 3.06961 0.000500361 -0.621905
-0.63782951 0.0593624436 0.240869794 3.06717 0.00128987 -0.621434
-0.637834636 0.0556575165 0.240947962 3.06254 0.00276356 -0.620757
-0.637870177 0.0519664593 0.241063103 3.05798 0.00412199 -0.621308
-0.637891965 0.0484512657 0.241182589 3.05747 0.00422277 -0.622066
-0.637894839 0.045130195 0.241209 3.06145 0.00293074 -0.622966
-0.63790187 0.0418418874 0.241263569 3.06613 0.00139724 -0.624165
-0.637921093 0.0385087358 0.241309452 3.06971 0.000185193 -0.625639
-0.637935143 0.035035461 0.241342586 3.0702 -1.07219e-05 -0.626281
-0.637970778 0.0314634435 0.241349679 3.0683 0.000507321 -0.627372
-0.637981367 0.0279049633 0.241383362 3.06691 0.000931125 -0.627515
-0.638034548 0.0243630383 0.241464271 3.06555 0.00122204 -0.629385
-0.638141081 0.0208055195 0.241574162 3.06341 0.00161681 -0.633248
-0.638207131 0.0172709027 0.241638797 3.0621 0.00185346 -0.635668
-0.638261289 0.0137909963 0.241712608 3.06211 0.00169116 -0.637849
-0.638317233 0.0103053973 0.241841839 3.06197 0.00157175 -0.640103
-0.638323492 0.00671548189 0.24193359 3.05991 0.00223764 -0.639954
-0.638294306 0.00310746059 0.241955285 3.05774 0.00304934 -0.638322
-0.638268013 -0.000351115021 0.242007627 3.05888 0.00274969 -0.637487
-0.638301695 -0.0036525504 0.242091515 3.06304 0.0012704 -0.639682
-0.638393536 -0.00700803176 0.242128688 3.06551 0.000180169 -0.64392
-0.638510547 -0.0104900325 0.242150865 3.06495 2.73792e-05 -0.648539
-0.638594883 -0.0140796587 0.242231837 3.06225 0.000685194 -0.65142
-0.638667715 -0.0176736891 0.24236975 3.05954 0.0013797 -0.653845
-0.638691594 -0.021286065 0.242445299 3.05684 0.00222487 -0.654235
-0.638642347 -0.0249102178 0.242480572 3.05448 0.00318366 -0.651783
-0.638595757 -0.0285138664 0.242555575 3.05256 0.0039865 -0.649489
-0.638565547 -0.0320814393 0.242693566 3.0513 0.00450522 -0.648035
-0.63848528 -0.0355654577 0.242739533 3.05232 0.00442138 -0.645002
-0.638314849 -0.0390732297 0.242713987 3.05355 0.00455148 -0.638355
-0.638113958 -0.0425251752 0.242668078 3.05626 0.00427536 -0.630764
-0.63797163 -0.0459700825 0.242663787 3.05863 0.00392782 -0.625516
-0.63794022 -0.0494631316 0.24272952 3.05904 0.00388739 -0.62432
-0.638013132 -0.0528409523 0.242812803 3.06119 0.00298046 -0.627686
-0.638072692 -0.0562239002 0.242869168 3.06333 0.00211097 -0.630508
-0.638059792 -0.0594924001 0.242807577 3.06861 0.000418548 -0.631019
-0.637983208 -0.0627363527 0.242761159 3.07494 -0.00146024 -0.629197
-0.637918754 -0.066177621 0.242725564 3.07676 -0.00188823 -0.626976
-0.637792262 -0.0698129049 0.242758143 3.07474 -0.00089111 -0.621443
-0.637695807 -0.0736158877 0.242773942 3.06872 0.00131699 -0.616379
-0.637691552 -0.0773644025 0.242851077 3.06319 0.00309298 -0.615128
-0.637732327 -0.0808862698 0.242985726 3.06238 0.00323574 -0.616618
-0.637838827 -0.0843298268 0.243085478 3.06281 0.00279681 -0.620961
-0.637900582 -0.0877563353 0.243136647 3.06396 0.00225186 -0.623696
-0.634751305 -0.0877083118 0.241695816 3.06222 0.0018141 -0.637474
-0.635001359 -0.0841096721 0.241810812 3.06237 0.00102815 -0.647638
-0.635065843 -0.0805532239 0.241810239 3.06309 0.000592194 -0.650426
-0.63496352 -0.0772093684 0.241696835 3.06046 0.00179667 -0.645728
-0.634787439 -0.0738734488 0.241544875 3.05824 0.00308298 -0.638174
-0.634657301 -0.070433545 0.241422725 3.05796 0.00357544 -0.632837
-0.634654469 -0.0668136936 0.241351948 3.06066 0.00269798 -0.633263
-0.634738876 -0.0630713402 0.241348959 3.06539 0.000898057 -0.637624
-0.634878921 -0.059427847 0.2414156 3.06745 -0.000185743 -0.643715
-0.635049922 -0.055930764 0.241505981 3.06597 -0.000185509 -0.65037
-0.635202292 -0.0523748994 0.241539615 3.06594 -0.000628249 -0.656589
-0.635307854 -0.0488686667 0.241588534 3.06519 -0.000684788 -0.660735
-0.635371844 -0.0453831522 0.241602261 3.06432 -0.000582417 -0.663189
-0.635461433 -0.0419982092 0.241588674 3.061 0.000290287 -0.666135
-0.635514061 -0.0386407122 0.241519336 3.05738 0.00138085 -0.667519
-0.635507905 -0.035247011 0.241445797 3.05507 0.00220877 -0.666773
-0.635538125 -0.0319041332 0.241407662 3.05131 0.00340993 -0.667245
-0.635564414 -0.0285026988 0.241283472 3.04889 0.00416056 -0.667818
-0.635553731 -0.0251085698 0.241144929 3.04662 0.00498582 -0.666929
-0.6354888 -0.0216777657 0.241036484 3.04564 0.00554785 -0.664073
-0.635428161 -0.0181561841 0.240936933 3.04664 0.00541199 -0.661811
-0.6353274 -0.0145897903 0.240812794 3.04898 0.00494712 -0.658177
-0.635214421 -0.0109491735 0.240748361 3.05307 0.0039145 -0.654416
-0.635095535 -0.00716416839 0.240691333 3.06042 0.00177986 -0.651071
-0.634958438 -0.00342799011 0.240621571 3.06682 1.08002e-05 -0.64681
-0.634779989 9.1803606e-05 0.240535333 3.06872 -0.000117034 -0.639977
-0.634572645 0.00338992621 0.24041096 3.0659 0.00142758 -0.63098
-0.634442192 0.00670914752 0.240297683 3.0629 0.00278998 -0.625137
-0.634431998 0.01020155 0.240197061 3.06281 0.00284635 -0.624716
-0.634441258 0.0137710128 0.24012717 3.06429 0.00234317 -0.625374
-0.634401419 0.017240902 0.240056052 3.06393 0.00256957 -0.623723
-0.634352805 0.0207053174 0.239972554 3.06352 0.00284413 -0.621676
-0.634340527 0.0242598025 0.23991352 3.06484 0.00245459 -0.621417
-0.63432991 0.0277667799 0.239846486 3.06508 0.00240564 -0.621045
-0.634256028 0.0312727059 0.23975287 3.06579 0.00238162 -0.618234
-0.634161904 0.0348621931 0.239696406 3.06853 0.00176167 -0.61498
-0.634152772 0.038446984 0.239673043 3.0705 0.0011568 -0.614997
-0.634246481 0.042049439 0.239676787 3.07206 0.000411407 -0.619077
-0.634377447 0.0455647246 0.239714254 3.07137 0.000284265 -0.624213
-0.634511284 0.0489230044 0.239741199 3.06714 0.0012849 -0.628754
-0.634589475 0.0522210765 0.239664797 3.062 0.00273269 -0.630891
-0.634612709 0.0555444253 0.239534825 3.05786 0.00401451 -0.631031
-0.63469535 0.0589586792 0.23946601 3.05527 0.00460852 -0.633872
-0.634808216 0.062536386 0.23942986 3.05609 0.00399477 -0.638578
-0.634904309 0.0662327096 0.239424668 3.05969 0.00251549 -0.643171
-0.635000211 0.0698860115 0.239438364 3.06232 0.00134935 -0.647588
-0.635079456 0.0734296863 0.2394514 3.06263 0.00100454 -0.650902
-0.631811449 0.0734975037 0.237900361 3.0622 0.000453184 -0.660235
-0.632012812 0.0700605585 0.238027352 3.06188 -5.92774e-05 -0.668429
-0.632106526 0.0666135795 0.238106068 3.06225 -0.000483243 -0.672358
-0.632123326 0.0630007904 0.238177787 3.0596 0.000396633 -0.672479
-0.632081942 0.0592452406 0.238228091 3.05428 0.00240289 -0.66965
-0.631990173 0.0555312902 0.238315425 3.05031 0.0040966 -0.665071
-0.631916081 0.0519572836 0.238470801 3.04929 0.00469528 -0.66187
-0.631854938 0.0484210701 0.238566337 3.04901 0.00499824 -0.659296
-0.631777608 0.0450230035 0.238592089 3.05193 0.00425119 -0.656778
-0.631704496 0.0416189344 0.238542914 3.05469 0.00354629 -0.654347
-0.631622035 0.0381882369 0.238549082 3.05693 0.00304371 -0.651436
-0.631492493 0.0347480579 0.238539708 3.05934 0.00263014 -0.646668
-0.631267847 0.0312604001 0.238492423 3.06146 0.00259653 -0.637999
-0.631055469 0.0277784444 0.238474441 3.06358 0.00252248 -0.62983
-0.630894714 0.0243067712 0.238476656 3.06549 0.00235421 -0.623751
-0.630782817 0.0207837605 0.238476218 3.06586 0.00255086 -0.619322
-0.630737793 0.0172832747 0.23848419 3.0662 0.00256667 -0.617587
-0.630694055 0.0138373732 0.238549472 3.06776 0.00218838 -0.616098
-0.630542856 0.0102369198 0.23860312 3.06668 0.00295054 -0.609848
-0.630361882 0.00655197384 0.238657831 3.06392 0.00432163 -0.602101
-0.630351963 0.00301525675 0.23868424 3.06317 0.0045804 -0.601573
-0.63037401 -0.000273430314 0.238692575 3.06775 0.00310184 -0.603282
-0.630372599 -0.00348537666 0.238670886 3.07422 0.00108249 -0.604457
-0.630369025 -0.00679365719 0.238640978 3.07854 -0.000263939 -0.605163
-0.630323823 -0.010310161 0.238623157 3.07852 -0.000144241 -0.603318
-0.630305962 -0.013896059 0.238652626 3.07673 0.000460164 -0.602259
-0.630331562 -0.0174654171 0.238709883 3.07498 0.0009426 -0.60295
-0.630507963 -0.0210897425 0.238840327 3.07084 0.00177449 -0.609245
-0.630800305 -0.0247018175 0.239011194 3.06605 0.0024913 -0.620061
-0.631139948 -0.0283137671 0.239242811 3.06084 0.0031909 -0.632706
-0.631415796 -0.0319775254 0.239465646 3.05493 0.00428512 -0.64268
-0.631623886 -0.0355633154 0.2396502 3.05128 0.00483549 -0.650407
-0.631786362 -0.0390208873 0.239802591 3.05086 0.00445064 -0.656916
-0.632002515 -0.0424374678 0.239968252 3.05088 0.00373833 -0.66571
-0.632252573 -0.0458155372 0.24012957 3.05143 0.00271898 -0.676041
-0.632430949 -0.0492575245 0.240251924 3.05115 0.00221288 -0.683311
-0.632488002 -0.0526794928 0.240282375 3.05238 0.00158139 -0.685899
-0.632489992 -0.0561576536 0.240323972 3.05285 0.0014076 -0.686074
-0.6324494 -0.0595865435 0.240337868 3.05478 0.000848315 -0.684847
-0.63232004 -0.0630072619 0.240268036 3.05768 0.000236885 -0.680152
-0.632140489 -0.0665868704 0.240233703 3.05748 0.000903582 -0.672729
-0.631941707 -0.0702942939 0.240205196 3.05458 0.00258132 -0.663994
-0.631798989 -0.0738916223 0.240229668 3.05363 0.00337994 -0.657971
-0.631778983 -0.0772617919 0.240287117 3.05669 0.00239433 -0.657794
-0.631918145 -0.0805075272 0.240360746 3.06117 0.000427481 -0.664401
-0.632103357 -0.0838241826 0.240446727 3.06366 -0.00100776 -0.67251
-0.632326441 -0.087328499 0.240542509 3.06162 -0.000993739 -0.68125
-0.628829816 -0.0873485555 0.238907684 3.06114 -0.00083179 -0.681306
-0.628869496 -0.0836375721 0.238930426 3.06547 -0.00250789 -0.683883
-0.62887758 -0.0799147128 0.238940295 -3.06194661 0.00427340971 0.683448766
-0.628865173 -0.0763833563 0.238964198 -3.06135539 0.00452566001 0.682824806
-0.62880558 -0.0731027445 0.238907198 -3.06674319 0.00278939833 0.681542374
-0.62868356 -0.0698818372 0.23878783 3.06168 -0.000563454 -0.675402
-0.628569698 -0.0665265743 0.2386776 3.05945 0.000595083 -0.670256
-0.628540529 -0.0630875941 0.238610111 3.05835 0.0010776 -0.668805
-0.628621716 -0.0596543288 0.238560068 3.05616 0.0015751 -0.671687
-0.628759018 -0.0561738746 0.238542041 3.05454 0.00169277 -0.676937
-0.628896227 -0.0526713871 0.238571747 3.05339 0.00163944 -0.682329
-0.628999468 -0.0491775218 0.238564245 3.05234 0.00166438 -0.686351
-0.629048673 -0.045580483 0.238545021 3.05405 0.000879598 -0.688761
-0.62911163 -0.0420173638 0.238547557 3.05489 0.000363105 -0.691533
-0.629173339 -0.0385850091 0.23851873 3.05283 0.000894528 -0.69366
-0.629200443 -0.0352188881 0.238431218 3.04962 0.00196729 -0.694071
-0.629181485 -0.0319024198 0.23832981 3.04572 0.00344933 -0.692454
-0.62911383 -0.0284631576 0.238225034 3.04498 0.00396165 -0.689507
-0.628953547 -0.0248538138 0.238130427 3.04884 0.00313991 -0.683726
-0.628428223 -0.0213123239 0.238058485 3.05433 0.00297217 -0.663379
-0.627935601 -0.0178204114 0.237808224 3.05828 0.00318749 -0.644172
-0.627630391 -0.0143487248 0.237591956 3.06014 0.00349893 -0.632188
-0.627498089 -0.0107364575 0.23747654 3.06371 0.0027114 -0.627567
-0.627419875 -0.00700081827 0.237449035 3.0696 0.00100699 -0.625577
-0.627389796 -0.00326417598 0.237460809 3.07513 -0.000714977 -0.625451
-0.627345191 0.000319497478 0.237428553 3.07735 -0.00132284 -0.624103
-0.627219408 0.00372664422 0.237388962 3.07626 -0.000639823 -0.618825
-0.626942664 0.00701832273 0.237267862 3.07375 0.000901719 -0.60717
-0.626738958 0.0102940821 0.237048307 3.07027 0.00253222 -0.598383
-0.626810128 0.0137472249 0.236887268 3.06868 0.0028374 -0.600918
-0.627068016 0.0172533395 0.236846499 3.06684 0.00272214 -0.610888
-0.627318641 0.0207862205 0.236915974 3.06562 0.00242405 -0.620709
-0.627497519 0.0243706168 0.236941595 3.06609 0.0017763 -0.628013
-0.62767974 0.0278207798 0.236950801 3.06351 0.00209628 -0.634853
-0.62788086 0.0312351189 0.236943999 3.05996 0.00266737 -0.642267
-0.628061007 0.0346769022 0.237001997 3.05717 0.00304465 -0.64901
-0.628206197 0.0382430099 0.237010212 3.05743 0.00250524 -0.654965
-0.62830335 0.0418194946 0.237017088 3.05831 0.00190109 -0.659128
-0.628363199 0.0453216923 0.237038335 3.05785 0.0018708 -0.661475
-0.628415772 0.0487070116 0.23698498 3.05485 0.00273386 -0.662994
-0.628475612 0.0520705717 0.236869373 3.0513 0.00375958 -0.664705
-0.628563143 0.0553486037 0.236758956 3.0456 0.00542766 -0.667104
-0.628654399 0.0586689356 0.236690454 3.04081 0.00675997 -0.669832
-0.628745831 0.0621729832 0.236637895 3.0401 0.00668099 -0.673425
-0.62892803 0.0657798228 0.236628611 3.04088 0.00576064 -0.681013
-0.629126586 0.0694613716 0.236662516 3.04315 0.0042476 -0.689622
-0.629289294 0.0731536253 0.236720246 3.04595 0.00265626 -0.696926
-0.625875719 0.0732833986 0.235045467 3.04804 0.00158443 -0.700954
-0.625947856 0.0698653464 0.23506565 3.04919 0.000897616 -0.704221
-0.626007095 0.0662766234 0.235146976 3.04669 0.00160693 -0.706089
-0.626044929 0.0625961793 0.235268604 3.04234 0.00307475 -0.70672
-0.626034661 0.0588684982 0.235425978 3.03739 0.00494017 -0.705229
-0.626053192 0.0552058174 0.235582206 3.03361 0.00625802 -0.705182
-0.626066414 0.0516123975 0.235733497 3.03142 0.00701199 -0.705245
-0.62600256 0.0480991223 0.235846203 3.03171 0.00715721 -0.702692
-0.62592429 0.0447180796 0.23588036 3.03507 0.00622803 -0.700179
-0.625858159 0.0414233179 0.235906039 3.04023 0.00459329 -0.698537
-0.625860725 0.0381067554 0.235942192 3.04427 0.00310552 -0.699538
-0.625959748 0.0346704468 0.236001387 3.04478 0.00256035 -0.703725
-0.626127963 0.0311532137 0.236064677 3.04285 0.0026465 -0.710251
-0.626276907 0.0275405317 0.236204069 3.03896 0.00351628 -0.7156
-0.626351258 0.0240882307 0.236309102 3.03932 0.00309394 -0.718747
-0.626357599 0.0207131663 0.236335135 3.04202 0.0020494 -0.719626
-0.626359513 0.0172686592 0.236382567 3.04322 0.00158673 -0.720006
-0.626282303 0.0137526126 0.236469251 3.0436 0.00174176 -0.716836
-0.626280819 0.0101823645 0.236549861 3.04206 0.00232934 -0.716435
-0.626281501 0.00651887179 0.236641895 3.03844 0.00368613 -0.715656
-0.62629759 0.0029046335 0.236708964 3.03576 0.00462487 -0.71574
-0.626163492 -0.000450686706 0.236806056 3.04021 0.00347481 -0.711175
-0.625896426 -0.00364786474 0.236782873 3.04937 0.0010312 -0.702128
-0.625594245 -0.00692910405 0.236634894 3.05694 -0.000714938 -0.691304
-0.625098853 -0.0104955369 0.236529068 3.05983 -9.84412e-05 -0.671516
-0.624495659 -0.0142333581 0.236482223 3.05965 0.00191639 -0.646877
-0.624115118 -0.0177842342 0.236331234 3.06163 0.0024087 -0.63185
-0.624210215 -0.0210547844 0.236067998 3.06598 0.000707612 -0.636594
-0.624413555 -0.0244469761 0.236059754 3.06673 -0.000119889 -0.644973
-0.624620574 -0.0281215772 0.236086206 3.06112 0.00114301 -0.652234
-0.624839948 -0.031761042 0.23625684 3.05616 0.00213526 -0.660163
-0.625110129 -0.0353143468 0.236466602 3.05266 0.00245961 -0.67045
-0.625304217 -0.0388123198 0.236665414 3.05101 0.00238417 -0.678066
-0.625417059 -0.0422622298 0.236779522 3.05113 0.00196068 -0.682719
-0.625489254 -0.0456628355 0.236827703 3.0527 0.00115278 -0.686012
-0.625516914 -0.0491185109 0.236864042 3.05343 0.000795348 -0.687339
-0.625517572 -0.0526668984 0.236956606 3.05236 0.00118012 -0.687094
-0.625502861 -0.0562271078 0.237004156 3.05115 0.00166659 -0.686253
-0.625447956 -0.059845194 0.237046136 3.04902 0.00262444 -0.683517
-0.625353465 -0.0634453748 0.237132716 3.04763 0.00345144 -0.679347
-0.625281971 -0.0669586066 0.237201826 3.04796 0.00358353 -0.6765
-0.625248469 -0.0705123156 0.237273664 3.04706 0.0040169 -0.674939
-0.625267992 -0.0739184187 0.237314426 3.04898 0.00327634 -0.676127
-0.625312479 -0.0771575744 0.237310022 3.05438 0.0012175 -0.679124
-0.625324221 -0.080346594 0.237280583 3.06118 -0.00124301 -0.68107
-0.625250502 -0.0836964039 0.23723177 3.06515 -0.002435 -0.678928
-0.625107903 -0.0873512688 0.237227454 3.06296 -0.00119748 -0.672561
-0.621382772 -0.0875246686 0.235550025 3.06104 0.000198263 -0.662929
-0.621303129 -0.0839704467 0.235431266 3.06292 -0.000207671 -0.66008
-0.621344488 -0.0803160406 0.235441596 3.06601 -0.00139721 -0.662399
-0.621434882 -0.0766826233 0.235504205 3.0682 -0.00242989 -0.666597
-0.621516789 -0.0732107019 0.235550838 3.06688 -0.00221457 -0.669655
-0.621543279 -0.069858067 0.235507063 3.06338 -0.00106773 -0.66998
-0.621513807 -0.0664855096 0.235428257 3.0608 -7.01497e-05 -0.668233
-0.621461173 -0.0631241096 0.235297139 3.05817 0.00101733 -0.665526
-0.621411364 -0.0597897869 0.235184455 3.05491 0.0023112 -0.662805
-0.621406258 -0.0563714621 0.235112785 3.05313 0.00294051 -0.662252
-0.621458442 -0.0529254112 0.235083062 3.05149 0.00333805 -0.664003
-0.621582998 -0.0494099216 0.235035735 3.05076 0.00317514 -0.668952
-0.621715922 -0.045795401 0.23503379 3.05216 0.00224458 -0.674663
-0.621845446 -0.042265961 0.235065702 3.05168 0.00197618 -0.67987
-0.621967459 -0.0388184297 0.235052218 3.04943 0.00235186 -0.684432
-0.622091789 -0.0353335151 0.235021188 3.04799 0.00243415 -0.689221
-0.622281148 -0.0318697698 0.234997327 3.04548 0.00266138 -0.696484
-0.622507339 -0.0285553369 0.234931967 3.03929 0.00406275 -0.704512
-0.622696145 -0.0250313083 0.235008755 3.03808 0.00379149 -0.712028
-0.622617325 -0.0210193487 0.2352226 3.05013 -0.000438092 -0.711448
-0.622631244 -0.0173343882 0.235126817 3.05408 -0.00197178 -0.712949
-0.622371118 -0.0138575774 0.235296917 3.05596 -0.00175021 -0.702554
-0.622160689 -0.0105539478 0.235176312 3.05353 -0.000108037 -0.693267
-0.622180815 -0.00706180644 0.23500149 3.05317 -4.84877e-05 -0.694044
-0.622346405 -0.00356957003 0.235019572 3.0515 -1.8788e-05 -0.700519
-0.62258885 -0.000354277462 0.235013576 3.04297 0.00221787 -0.70867
-0.62286815 0.00288691652 0.234961788 3.03463 0.00421824 -0.718406
-0.623148576 0.00632806466 0.235055201 3.03065 0.00457458 -0.729209
-0.623353885 0.00984167995 0.235124702 3.02896 0.00436444 -0.737409
-0.623523178 0.0135015 0.235057733 3.03082 0.00292935 -0.744942
-0.623619479 0.0170238549 0.235086479 3.03036 0.00270022 -0.748879
-0.623721113 0.0205623241 0.235077551 3.03019 0.00233144 -0.75313
-0.623788883 0.0240828229 0.235033298 3.02996 0.00212723 -0.755942
-0.623778836 0.0275451379 0.234974794 3.02924 0.00246296 -0.755317
-0.623712905 0.0311295664 0.234903126 3.03175 0.00174386 -0.753148
-0.623612139 0.0347653405 0.234877885 3.03574 0.0005811 -0.749825
-0.623512457 0.038453415 0.234751449 3.04086 -0.00103904 -0.746819
-0.623409961 0.0420567494 0.23466718 3.04413 -0.00192676 -0.743309
-0.62326402 0.0455334202 0.234564668 3.04505 -0.00170388 -0.737336
-0.623092469 0.0488140092 0.234419085 3.04187 0.000218767 -0.729422
-0.62298239 0.0520150974 0.234229894 3.03633 0.00279298 -0.723557
-0.622966787 0.0552924762 0.234066319 3.03156 0.00466231 -0.721845
-0.622992618 0.0586179915 0.233904854 3.02745 0.00610735 -0.722023
-0.623022909 0.0620765789 0.23372876 3.02624 0.0064342 -0.723036
-0.623025046 0.0657070377 0.233614142 3.02911 0.00534029 -0.723738
-0.622996194 0.0693924425 0.233549682 3.03349 0.00380025 -0.723477
-0.622974583 0.0730828847 0.233548806 3.0379 0.00220794 -0.72358
-0.619408889 0.0733137057 0.231791098 3.04362 0.00028328 -0.722122
-0.619375854 0.0698987587 0.231786202 3.04581 -0.000425516 -0.721238
-0.619384549 0.0663965358 0.231812098 3.04568 -0.000409226 -0.721571
-0.619403155 0.0626909429 0.231909451 3.04096 0.00130916 -0.721303
-0.61938351 0.0588758983 0.232075817 3.03419 0.00394868 -0.71895
-0.619288379 0.0550889118 0.232265249 3.02873 0.00639326 -0.71383
-0.61919429 0.0514273769 0.232439374 3.02603 0.00778354 -0.709376
-0.619148916 0.0479489757 0.232525514 3.02693 0.00763496 -0.707705
-0.619131297 0.0446953353 0.232559486 3.03256 0.00562967 -0.708167
-0.619136552 0.0415370496 0.232530546 3.04008 0.00281877 -0.710025
-0.619173408 0.0382654283 0.232554939 3.04479 0.000927073 -0.71259
-0.619183016 0.0348784893 0.232601367 3.0472 -1.47114e-05 -0.713529
-0.619169558 0.0314125481 0.232605234 3.04808 -0.000294292 -0.713152
-0.619235311 0.0279753705 0.232684031 3.04885 -0.000826591 -0.716082
-0.619355584 0.0244730678 0.232806078 3.04767 -0.000829023 -0.720834
-0.619456675 0.0208606139 0.232943445 3.04423 9.32338e-05 -0.724277
-0.619539069 0.0172346623 0.233050802 3.04067 0.00112821 -0.726884
-0.619523476 0.0137513704 0.233055575 3.04119 0.000989947 -0.726344
-0.619468929 0.0102673464 0.233059667 3.04206 0.000869351 -0.724276
-0.61958869 0.00669508516 0.233310819 3.03932 0.00144416 -0.728659
-0.619700329 0.0029949982 0.233503038 3.03383 0.0030885 -0.73208
-0.619734879 -0.000842963094 0.233593211 3.02603 0.00593279 -0.731783
-0.619687176 -0.00461848416 0.233736112 3.02039 0.00829101 -0.728598
-0.619574498 -0.00814790318 0.233765745 3.02083 0.00861675 -0.723988
-0.619497879 -0.0113840346 0.233717093 3.0274 0.0064495 -0.722251
-0.619507134 -0.0141899505 0.233570771 3.04265 0.000622667 -0.72603
-0.61962252 -0.0172494562 0.233630504 3.05125 -0.00311255 -0.732876
-0.61960959 -0.0206179209 0.233391163 3.05426 -0.00423826 -0.733076
-0.619302768 -0.0245402719 0.233166816 3.04789 -0.000578293 -0.718684
-0.619188038 -0.0280086165 0.233513897 3.04966 -0.000826154 -0.714315
-0.619087727 -0.0316239264 0.233511899 3.04805 0.000155535 -0.70976
-0.618964759 -0.0352378953 0.233519079 3.04667 0.00112893 -0.704321
-0.618864471 -0.0387936637 0.233528931 3.04635 0.0016125 -0.700123
-0.618778409 -0.0423190369 0.233570947 3.04657 0.00184654 -0.696615
-0.618646116 -0.0458000437 0.233571322 3.04819 0.00173193 -0.691486
-0.618496775 -0.0493569866 0.233593304 3.04826 0.0022391 -0.685368
-0.618384222 -0.0529644258 0.233642495 3.04687 0.00313212 -0.680458
-0.618316668 -0.0565128575 0.233703259 3.04639 0.00354154 -0.677586
-0.61827508 -0.060111048 0.233769136 3.04457 0.0043312 -0.675503
-0.618182907 -0.0636488282 0.233838682 3.04453 0.00466852 -0.671759
-0.618061495 -0.0670972236 0.233920641 3.04673 0.00431796 -0.667263
-0.618001077 -0.0704997943 0.233923102 3.04942 0.00359119 -0.665351
-0.618019354 -0.0738144435 0.233976235 3.05339 0.00215484 -0.66691
-0.618077543 -0.0771217781 0.233986447 3.05718 0.000648568 -0.670057
-0.618063432 -0.0805460333 0.233953488 3.05898 6.14913e-05 -0.669885
-0.617949685 -0.0840935384 0.23391501 3.0589 0.000451835 -0.66522
-0.617767473 -0.087815852 0.233941051 3.05551 0.00222468 -0.657054
-0.614173984 -0.0880755313 0.232401627 3.0505 0.00423908 -0.652279
-0.614135023 -0.0846364362 0.232268659 3.04947 0.0047174 -0.65048
-0.614148536 -0.0810076357 0.23223611 3.05223 0.00374216 -0.651591
-0.614203891 -0.0773039952 0.23220706 3.05631 0.00218733 -0.654646
-0.614268317 -0.0735895275 0.23220068 3.06055 0.000540728 -0.658126
-0.614301644 -0.0700404229 0.23219791 3.06136 0.000159153 -0.65966
-0.614333349 -0.0666724988 0.232185893 3.05815 0.00116174 -0.660295
-0.614421797 -0.0633703984 0.232110296 3.05299 0.00265111 -0.662824
-0.614488776 -0.0600093541 0.232031793 3.04932 0.00369049 -0.664809
-0.61452018 -0.0565186473 0.231946256 3.04884 0.00374905 -0.666003
-0.61450218 -0.0530516144 0.231837946 3.04826 0.00400903 -0.665155
-0.614454577 -0.0495314651 0.231728893 3.04912 0.00387413 -0.663375
-0.614459681 -0.0460872207 0.231635177 3.04783 0.00429964 -0.663336
-0.614533435 -0.0426366622 0.231584027 3.0461 0.00464753 -0.665966
-0.614638072 -0.0390637672 0.231545739 3.04682 0.0040418 -0.67037
-0.614656368 -0.0355383 0.231489451 3.04723 0.0038359 -0.671196
-0.614585827 -0.032037876 0.231361159 3.04785 0.00386123 -0.668453
-0.614468839 -0.0286725917 0.231120279 3.04585 0.00495753 -0.663307
-0.614354135 -0.025322036 0.23092146 3.0435 0.00616689 -0.658161
-0.614195796 -0.0218894601 0.230719243 3.04333 0.00676614 -0.651737
-0.614155706 -0.0178743572 0.230649208 3.05517 0.00288643 -0.652444
-0.614492742 -0.0139801307 0.231224634 3.06109 -0.000156389 -0.667448
-0.614793566 -0.0104651897 0.231439346 3.05882 -0.000316277 -0.679275
-0.615060209 -0.00721042569 0.231527417 3.05101 0.00154921 -0.688597
-0.615232078 -0.00410705608 0.231511206 3.04066 0.00463352 -0.693458
-0.615264816 -0.000868074751 0.231362827 3.03457 0.00670818 -0.693499
-0.615117259 0.00252361219 0.231092906 3.03349 0.00766444 -0.68724
-0.614697156 0.00618435066 0.230645071 3.04078 0.00661363 -0.671567
-0.614355677 0.0098768278 0.230430364 3.048 0.00526952 -0.659156
-0.614285464 0.0134879674 0.230431508 3.05108 0.0044504 -0.656892
-0.614361033 0.0169817834 0.230431951 3.0503 0.00446505 -0.659813
-0.614475205 0.0204844756 0.230453284 3.04938 0.0043998 -0.664298
-0.614543799 0.0240737417 0.230448231 3.05078 0.00368874 -0.667381
-0.614593738 0.0277437553 0.230432015 3.05414 0.00235628 -0.670089
-0.614618144 0.0313239027 0.230383295 3.05571 0.00172954 -0.671424
-0.614650598 0.0348887737 0.230370175 3.05687 0.00121554 -0.673008
-0.614719583 0.0385328761 0.230406157 3.05947 7.78608e-05 -0.676397
-0.614853968 0.0421810946 0.230475229 3.06158 -0.00110168 -0.682406
-0.614980204 0.045683415 0.230542276 3.06052 -0.0011288 -0.687359
-0.615025505 0.0490199653 0.230515886 3.05649 0.000168877 -0.688366
-0.615003421 0.0521988929 0.230368789 3.04957 0.00273856 -0.685939
-0.614973011 0.0552882923 0.230173947 3.04072 0.00600984 -0.682817
-0.614991339 0.0584708012 0.229981444 3.03348 0.00849698 -0.682126
-0.615074458 0.0619230878 0.229864171 3.03168 0.00881938 -0.685132
-0.615173437 0.0656351467 0.229813964 3.03551 0.00708845 -0.689976
-0.615199518 0.0693989587 0.229797463 3.04114 0.00496976 -0.692218
-0.615165925 0.0731903557 0.229746429 3.04791 0.00263841 -0.692276
-0.61148929 0.0734099883 0.228012663 3.05436 0.000908522 -0.686376
-0.611377848 0.0701362077 0.227952663 3.06036 -0.000886426 -0.683093
-0.611333006 0.0666139777 0.227976443 3.06026 -0.00070386 -0.68123
-0.611281846 0.0627701109 0.228062022 3.05308 0.00202817 -0.677575
-0.611207513 0.0587845342 0.228213061 3.04293 0.00587025 -0.672416
-0.611158656 0.0549415437 0.22839151 3.0357 0.00856004 -0.669012
-0.61114885 0.0514185514 0.22852946 3.03527 0.00874304 -0.668535
-0.611233125 0.0481198646 0.228685385 3.03903 0.00714102 -0.672711
-0.611368974 0.0448916255 0.228807171 3.0439 0.00496437 -0.679216
-0.611485031 0.0415958448 0.2288953 3.04741 0.0033179 -0.684726
-0.611508587 0.0381631251 0.228906956 3.0487 0.00277524 -0.685941
-0.611409932 0.0347018171 0.228821375 3.05043 0.00249826 -0.682273
-0.611275939 0.0312535506 0.228785093 3.05276 0.00212575 -0.677253
-0.611121145 0.0278409781 0.228740413 3.05605 0.00147296 -0.671605
-0.611060335 0.0244388379 0.228756791 3.05875 0.000721528 -0.669689
-0.611058978 0.0209195168 0.228775416 3.05833 0.000872561 -0.66955
-0.611113281 0.0172788988 0.228859793 3.05473 0.00194956 -0.671038
-0.611087331 0.0136996612 0.228888429 3.0532 0.00257451 -0.66962
-0.611001467 0.0102166383 0.228937514 3.05431 0.00246743 -0.666379
-0.610949191 0.00681611563 0.22898812 3.05697 0.00171225 -0.664801
-0.610993973 0.0032407253 0.229080176 3.05491 0.0022811 -0.666193
-0.611167361 -0.000433742927 0.22932488 3.04953 0.00356489 -0.672153
-0.611404847 -0.00411047069 0.229575981 3.04352 0.00483465 -0.680597
-0.611619086 -0.00771392679 0.229787528 3.03931 0.005546 -0.688503
-0.611757813 -0.0110394882 0.229927188 3.04193 0.00409716 -0.694787
-0.611735732 -0.0142135647 0.229830009 3.04936 0.00147237 -0.695464
-0.611413576 -0.0175687767 0.229496384 3.05545 0.00036419 -0.683484
-0.611183549 -0.0211964204 0.229450594 3.05463 0.00143618 -0.673886
-0.610975375 -0.0248729331 0.229409007 3.0525 0.00288443 -0.664938
-0.610984256 -0.0283843846 0.229592775 3.05217 0.00297152 -0.665231
-0.611085318 -0.0318505619 0.229740513 3.05206 0.00267538 -0.669306
-0.611198147 -0.0352814158 0.229859337 3.05262 0.00210579 -0.674034
-0.611283603 -0.0387887239 0.22993192 3.05171 0.00213999 -0.677346
-0.611321196 -0.042435592 0.230049957 3.04811 0.00327926 -0.678152
-0.611354074 -0.0460600943 0.230187903 3.04506 0.00424387 -0.678832
-0.611351009 -0.0495588942 0.230274434 3.04511 0.00423527 -0.67873
-0.611327672 -0.053070613 0.230331872 3.04505 0.00433512 -0.677789
-0.611324513 -0.0565270772 0.230403767 3.04605 0.00399545 -0.677844
-0.611380256 -0.0600206049 0.230564035 3.0457 0.00392086 -0.680072
-0.611516935 -0.0636300557 0.230726659 3.04206 0.00472318 -0.68488
-0.611637216 -0.0672108201 0.230856529 3.03918 0.00530415 -0.689249
-0.611671802 -0.0705689369 0.230930358 3.04203 0.00415866 -0.69123
-0.611623417 -0.0738522704 0.230949575 3.04727 0.00243292 -0.690379
-0.611516811 -0.0772683568 0.23096446 3.05008 0.00179237 -0.686609
-0.6113329 -0.0808049963 0.230958097 3.0509 0.00213834 -0.679205
-0.611113704 -0.0844740758 0.230930248 3.04905 0.00355503 -0.669867
-0.610993 -0.0881141684 0.230990002 3.04697 0.00469334 -0.664525
-0.607591858 -0.0881353127 0.229372093 3.04565 0.00481127 -0.668264
-0.607652423 -0.0847208721 0.229296896 3.04322 0.00544479 -0.670237
-0.607724822 -0.0812484759 0.229262554 3.04197 0.00561982 -0.672955
-0.607833868 -0.0776914577 0.229227278 3.04229 0.00512631 -0.677445
-0.607961466 -0.0740431919 0.229197145 3.04446 0.00390926 -0.683122
-0.608146452 -0.0705482357 0.229201225 3.0427 0.00387356 -0.690326
-0.608326139 -0.0671434835 0.229193487 3.03896 0.00455244 -0.696929
-0.608442673 -0.0636624868 0.229177498 3.03747 0.00465216 -0.70143
-0.608534258 -0.0600828081 0.229175393 3.03839 0.00396494 -0.705421
-0.608600908 -0.0564884716 0.22912312 3.03987 0.00316583 -0.708472
-0.608579712 -0.0529740863 0.229019338 3.04038 0.00305863 -0.707723
-0.608541744 -0.0495525659 0.22890773 3.03899 0.00371715 -0.705865
-0.608536088 -0.0461556572 0.228835396 3.03676 0.00456344 -0.705138
-0.608519901 -0.0426696675 0.228718894 3.0366 0.00468309 -0.704431
-0.608451512 -0.0390595877 0.228604356 3.03967 0.00381369 -0.702265
-0.608365963 -0.0354270793 0.228548506 3.04339 0.00276636 -0.699534
-0.608196671 -0.0318678857 0.228374814 3.04624 0.00233918 -0.693154
-0.608109626 -0.0283770384 0.228266567 3.04682 0.00244199 -0.689698
-0.608037434 -0.0249248726 0.228163463 3.0464 0.00285036 -0.686654
-0.607953058 -0.0214051499 0.228080315 3.04759 0.00272337 -0.683434
-0.607849255 -0.0177973417 0.227970553 3.0509 0.001901 -0.679878
-0.607780024 -0.0141319961 0.2279176 3.05518 0.000608039 -0.677951
-0.607839037 -0.0105918989 0.227961912 3.05555 0.000281308 -0.680461
-0.607900991 -0.00721109885 0.227956109 3.05236 0.00120457 -0.682314
-0.607918511 -0.00388694281 0.227870726 3.0483 0.0025933 -0.682167
-0.607918042 -0.000417736615 0.227768195 3.04762 0.00283431 -0.682006
-0.607855758 0.00316114867 0.227623903 3.04992 0.00223037 -0.679946
-0.607770369 0.00674802758 0.227517592 3.0526 0.00156852 -0.677009
-0.607800405 0.0101692005 0.227487534 3.05059 0.00217739 -0.677797
-0.607918221 0.0135343489 0.22746341 3.04655 0.00319632 -0.681787
-0.608051342 0.016981149 0.227408324 3.04418 0.0035631 -0.686769
-0.608160956 0.0205844798 0.227377832 3.0455 0.00270094 -0.691529
-0.608224927 0.0242856471 0.227394344 3.04938 0.00106817 -0.695028
-0.608260798 0.0278954795 0.227389833 3.05149 0.000171549 -0.696969
-0.608283787 0.0313680714 0.227362763 3.05067 0.000390132 -0.697751
-0.608304118 0.0348048929 0.227350538 3.04909 0.00089453 -0.69823
-0.608303004 0.0382755546 0.227350498 3.04845 0.00113566 -0.698048
-0.608309564 0.0418678862 0.227320184 3.05044 0.000383313 -0.69873
-0.608314394 0.0455593892 0.227267707 3.05463 -0.00117592 -0.699882
-0.608305177 0.0491067247 0.227226362 3.05576 -0.00155848 -0.699757
-0.608308635 0.052381042 0.227131543 3.05074 0.000274964 -0.698762
-0.608278402 0.0554807645 0.226962553 3.04214 0.00353153 -0.69566
-0.608173659 0.0586239154 0.226742475 3.03516 0.00645855 -0.689899
-0.608004218 0.0619886543 0.226485306 3.03367 0.00763957 -0.682657
-0.607820385 0.0657189139 0.226299361 3.04042 0.00591832 -0.676535
-0.607688497 0.0696122893 0.226227567 3.05033 0.00287651 -0.673163
-0.607606577 0.0733180144 0.226183589 3.05561 0.00128874 -0.670938
-0.604311035 0.0734499498 0.224631855 3.05676 0.000222247 -0.679582
-0.604443985 0.0701582127 0.224675425 3.06021 -0.00143972 -0.6858
-0.604537178 0.066701976 0.224687497 3.06035 -0.00179676 -0.68969
-0.604691432 0.0629370959 0.224886075 3.0531 0.000298033 -0.694461
-0.604876583 0.0590917901 0.225123714 3.04377 0.00301304 -0.700051
-0.605051492 0.0553524064 0.225359702 3.03685 0.00487325 -0.705807
-0.605263218 0.0517813693 0.22565753 3.03331 0.00534764 -0.713778
-0.605433823 0.0484381186 0.225822382 3.03517 0.00397997 -0.721271
-0.605488901 0.0451443933 0.22584668 3.0392 0.00223585 -0.724489
-0.605485471 0.0417382941 0.225843562 3.04131 0.00144802 -0.724802
-0.605490521 0.0382705995 0.225877033 3.04197 0.0011747 -0.725179
-0.605551068 0.0348080784 0.225957603 3.04222 0.000842312 -0.727767
-0.605655934 0.0313060754 0.226047149 3.04117 0.000833774 -0.73191
-0.605753529 0.0279300175 0.226133959 3.04296 -0.000238936 -0.736412
-0.605821805 0.0245456211 0.226181938 3.04484 -0.00124153 -0.739734
-0.605836618 0.0210095424 0.226259995 3.0439 -0.000933776 -0.740145
-0.605765999 0.0173102115 0.226341184 3.0402 0.000798339 -0.736311
-0.605704352 0.0135898107 0.226435297 3.03594 0.00270363 -0.732752
-0.605573677 0.00991921159 0.226488775 3.03344 0.00420827 -0.726702
-0.605379157 0.00652495063 0.226446611 3.03762 0.00339213 -0.719555
-0.605197652 0.0031446882 0.226458801 3.04197 0.00244925 -0.71298
-0.60506727 -0.000367072881 0.226442244 3.04292 0.00259012 -0.707786
-0.60499328 -0.00394998886 0.226493415 3.04177 0.00330026 -0.704456
-0.604930963 -0.00753619964 0.226524729 3.04043 0.00402888 -0.7016
-0.604807172 -0.0109087446 0.226502211 3.04439 0.00303485 -0.697322
-0.604751331 -0.0142152517 0.226494511 3.04918 0.00148224 -0.696076
-0.604769831 -0.0176201114 0.226503892 3.05112 0.000710693 -0.697262
-0.60483637 -0.0211374443 0.226604171 3.05013 0.000835195 -0.699807
-0.604901116 -0.0247148473 0.226674239 3.04783 0.00144765 -0.70196
-0.604916677 -0.0282801537 0.226748969 3.04624 0.00197476 -0.702261
-0.604944957 -0.0317129741 0.226825 3.04747 0.0014178 -0.703693
-0.604947061 -0.0351119074 0.226861444 3.04969 0.00059264 -0.704265
-0.604964469 -0.0385645053 0.226924767 3.05057 0.000199096 -0.705221
-0.604964578 -0.0421502862 0.226989538 3.04868 0.000903939 -0.704765
-0.604977051 -0.0458748742 0.227096778 3.04359 0.0027345 -0.704178
-0.604953287 -0.0494999579 0.227193654 3.04104 0.00376418 -0.702632
-0.604904818 -0.0529349538 0.227259002 3.04292 0.00325047 -0.70106
-0.604893004 -0.0563145055 0.227337662 3.0457 0.00227819 -0.701154
-0.604927009 -0.0597859628 0.227408601 3.04602 0.00203392 -0.702633
-0.605008281 -0.0633293173 0.227502057 3.04431 0.00236344 -0.705643
-0.605138137 -0.0669385542 0.227666743 3.04069 0.00320685 -0.710225
-0.605265911 -0.0704985132 0.227807061 3.03817 0.00364958 -0.714977
-0.605393439 -0.0739159701 0.22792287 3.0388 0.00292185 -0.720388
-0.605474359 -0.0774647862 0.22801583 3.03695 0.00329771 -0.723367
-0.605509694 -0.0810912208 0.228105058 3.03382 0.0043418 -0.724138
-0.605515353 -0.0846786326 0.228210012 3.03183 0.0050748 -0.723947
-0.605551276 -0.0881350887 0.228333943 3.03245 0.0046933 -0.725572
-0.602297514 -0.0880560443 0.22664401 3.03183 0.00392327 -0.735687
-0.602460345 -0.0846138696 0.226645909 3.02896 0.00434536 -0.741859
-0.602544839 -0.081232409 0.226600946 3.02551 0.00531945 -0.744627
-0.602567602 -0.0777234685 0.226521164 3.02548 0.00523067 -0.745588
-0.602555263 -0.0740644751 0.226463873 3.02911 0.00386554 -0.745875
-0.602494685 -0.070515836 0.226386199 3.03078 0.00346877 -0.743715
-0.602318921 -0.0669685228 0.226255327 3.03354 0.00312665 -0.73699
-0.602072095 -0.0633612963 0.226070534 3.03829 0.00229089 -0.727732
-0.601815994 -0.0597743635 0.22590057 3.04264 0.00162769 -0.718023
-0.601608782 -0.0562066979 0.225748564 3.04607 0.00111574 -0.710176
-0.601487567 -0.0527446592 0.225638815 3.04635 0.00146243 -0.705211
-0.601455445 -0.0494553824 0.225518606 3.04198 0.00319894 -0.702913
-0.601442425 -0.0460901265 0.225389274 3.03911 0.00430197 -0.701775
-0.601421552 -0.0425940386 0.225278233 3.03921 0.00434187 -0.700951
-0.601463942 -0.0389881498 0.225229536 3.04117 0.00346345 -0.703126
-0.601529189 -0.0353510815 0.22517174 3.04361 0.00232606 -0.706337
-0.601608964 -0.0317843413 0.22518306 3.04435 0.00175505 -0.709799
-0.601689755 -0.0283424139 0.225170116 3.04231 0.00220831 -0.712723
-0.601773926 -0.0248989321 0.225123163 3.04027 0.00264582 -0.715775
-0.601851607 -0.0213459426 0.225082826 3.04072 0.00218001 -0.719069
-0.60187983 -0.017672402 0.225081765 3.04428 0.000722293 -0.721078
-0.601885912 -0.0139909876 0.225087388 3.04823 -0.000800184 -0.722214
-0.601868323 -0.0104926113 0.225055576 3.04836 -0.000782226 -0.72151
-0.601847121 -0.00718415809 0.224977551 3.04433 0.000826853 -0.719717
-0.601810972 -0.00378915529 0.224906345 3.04235 0.0017181 -0.71777
-0.601723469 -0.000253369821 0.224816086 3.04396 0.00144173 -0.714496
-0.60157107 0.00339648578 0.224731425 3.04869 0.000229391 -0.709211
-0.60145002 0.00684787263 0.224597971 3.04873 0.000660031 -0.704196
-0.601412287 0.0100253395 0.224446596 3.04194 0.00330751 -0.701121
-0.60148555 0.013295274 0.22430319 3.03616 0.0051388 -0.702922
-0.601633948 0.0166938184 0.224258845 3.03254 0.00588282 -0.708265
-0.601782288 0.0202585093 0.224203772 3.03259 0.00527716 -0.7144
-0.601979109 0.0239198707 0.224184258 3.0343 0.00385834 -0.722949
-0.602235154 0.0275772871 0.224276931 3.03532 0.00244602 -0.733874
-0.6024617 0.031152878 0.224365418 3.03477 0.00172797 -0.743278
-0.602614739 0.0347745033 0.224423089 3.03594 0.000639794 -0.749972
-0.602696621 0.0383764497 0.224432905 3.03736 -0.000269973 -0.753791
-0.602682485 0.0419204626 0.224414752 3.03847 -0.000652063 -0.753446
-0.602703152 0.0454251793 0.224427676 3.03837 -0.000695408 -0.754282
-0.602786117 0.0489071642 0.224433242 3.03714 -0.000554355 -0.757515
-0.602856135 0.0522879661 0.224365703 3.03382 0.000477549 -0.759678
-0.602855015 0.0555888582 0.224217155 3.02946 0.0022318 -0.758596
-0.602775838 0.058866161 0.224047062 3.02536 0.00422605 -0.754304
-0.602700194 0.0623176208 0.223900641 3.02505 0.00468612 -0.751041
-0.602693176 0.0660259941 0.223814536 3.02971 0.00287395 -0.751814
-0.60270903 0.0698031067 0.223790164 3.03564 0.000446345 -0.753888
-0.602713846 0.0734129681 0.22379556 3.038 -0.000517234 -0.754675
-0.599399046 0.0735072646 0.222014225 3.03821 -0.00137723 -0.762569
-0.599541407 0.0701946657 0.22208945 3.04086 -0.00305307 -0.769317
-0.599613452 0.0666637743 0.222154003 3.03945 -0.0027819 -0.772029
-0.599619959 0.0629017386 0.222262765 3.03365 -0.000430399 -0.770871
-0.599602008 0.0591527935 0.22239236 3.02838 0.0018064 -0.768826
-0.599574652 0.0555251646 0.222503877 3.02586 0.00295304 -0.767068
-0.599566825 0.0520036935 0.222616644 3.02547 0.00314939 -0.76664
-0.599572448 0.0485214791 0.222707776 3.0258 0.00298704 -0.76697
-0.599537533 0.0450371922 0.222709781 3.02651 0.0028598 -0.765622
-0.599477704 0.0416698045 0.222726688 3.03003 0.00170118 -0.763922
-0.599496295 0.0384292093 0.222741884 3.03552 -0.000609242 -0.766075
-0.599598026 0.0350580896 0.222783925 3.0373 -0.00177147 -0.770861
-0.599698957 0.0315481715 0.222862943 3.03605 -0.0016962 -0.774836
-0.599693735 0.027923378 0.222917545 3.03337 -0.000571663 -0.773968
-0.5995199 0.0242679377 0.222905225 3.03176 0.000875872 -0.766135
-0.599283665 0.0206804906 0.222892843 3.03223 0.00172774 -0.756248
-0.599094111 0.0169760751 0.222924791 3.02963 0.00359364 -0.747647
-0.598924973 0.0131343965 0.222997658 3.02377 0.00664232 -0.739222
-0.598724862 0.00936724494 0.223117121 3.01981 0.00905714 -0.730039
-0.598545328 0.00602316767 0.223143213 3.02499 0.00785142 -0.723694
-0.598435719 0.0028600023 0.223153566 3.03349 0.00508265 -0.720978
-0.59836143 -0.000485226825 0.223159968 3.03761 0.00381677 -0.718822
-0.598321088 -0.00396952328 0.223182874 3.03834 0.00370155 -0.717295
-0.59836909 -0.00751491806 0.22324507 3.03688 0.00405855 -0.718983
-0.598488423 -0.0108428039 0.223356663 3.03956 0.00258593 -0.72452
-0.598643332 -0.0140889274 0.223442607 3.04367 0.000416423 -0.731983
-0.598812346 -0.0174290868 0.223501302 3.04556 -0.000966604 -0.739513
-0.598935972 -0.0209785608 0.223571611 3.04326 -0.000562626 -0.744203
-0.599018849 -0.0246400665 0.223698608 3.0389 0.000815776 -0.746639
-0.599017244 -0.0282980144 0.223805539 3.03544 0.00218468 -0.745764
-0.598927824 -0.0317878381 0.223816494 3.03654 0.00212243 -0.742272
-0.59882743 -0.0352299153 0.223804157 3.0388 0.00165056 -0.738565
-0.598720791 -0.0387308213 0.223809576 3.03982 0.00168696 -0.734302
-0.598636334 -0.0423314172 0.223881691 3.03841 0.00257083 -0.730471
-0.598527548 -0.0460024571 0.223944722 3.03568 0.0040611 -0.725299
-0.598429036 -0.049689299 0.224024193 3.03249 0.00567953 -0.720476
-0.598299676 -0.0532237154 0.224108378 3.03294 0.00602831 -0.715247
-0.598167024 -0.0565708916 0.224080905 3.03757 0.00482016 -0.710734
-0.598102627 -0.0598564605 0.224044397 3.04291 0.00307422 -0.709252
-0.598093204 -0.0632279805 0.224049762 3.04584 0.00201855 -0.709514
-0.598118929 -0.0666384803 0.224097467 3.04758 0.00127366 -0.710973
-0.598175071 -0.0700919843 0.22412952 3.04809 0.000878642 -0.713405
-0.598209128 -0.0735486654 0.224201823 3.04873 0.000511767 -0.714971
-0.598306541 -0.0770599382 0.224359946 3.04757 0.000589179 -0.718758
-0.598555496 -0.080632047 0.224550906 3.04362 0.00113247 -0.728262
-0.598853871 -0.0842098517 0.224714029 3.03902 0.00171314 -0.739727
-0.599095812 -0.0877353422 0.22488026 3.03608 0.00186506 -0.749224
-0.595649883 -0.0878201658 0.223041523 3.03368 0.00258895 -0.75093
-0.595687266 -0.084300295 0.223013499 3.03374 0.00240097 -0.752547
-0.595637493 -0.08064817 0.222991365 3.03758 0.00108308 -0.751346
-0.595515191 -0.0769960048 0.222879806 3.04213 -0.000226414 -0.747272
-0.595417156 -0.0734863602 0.222758351 3.04331 -0.000295258 -0.743391
-0.595388948 -0.0699910277 0.222708203 3.04348 -0.000249154 -0.742252
-0.59545292 -0.066468649 0.222699371 3.04334 -0.000452612 -0.74494
-0.595546507 -0.0628865631 0.222717737 3.04423 -0.00117423 -0.749079
-0.595582686 -0.0592659664 0.222711607 3.04651 -0.00222849 -0.751199
-0.595595214 -0.0557969864 0.222702859 3.04571 -0.0019577 -0.751517
-0.59557616 -0.0525425313 0.222660956 3.04051 0.000188899 -0.749458
-0.59551797 -0.0492884835 0.222503731 3.03568 0.00234792 -0.74585
-0.595454389 -0.0460248204 0.22235733 3.0311 0.00441382 -0.742134
-0.595415885 -0.0425834449 0.222252297 3.03019 0.00493378 -0.740293
-0.595409856 -0.0390177494 0.222161859 3.0317 0.00437605 -0.740372
-0.595415027 -0.0354372852 0.222074045 3.03342 0.00368073 -0.740997
-0.595467337 -0.0319883961 0.222020655 3.03178 0.00410045 -0.742814
-0.595563144 -0.0286619275 0.221983367 3.02701 0.00554793 -0.745743
-0.595678445 -0.0252340717 0.22191773 3.02427 0.00610974 -0.749985
-0.595802862 -0.0216286527 0.221888887 3.02535 0.00513769 -0.75545
-0.595910918 -0.0178383672 0.221935209 3.03064 0.00255845 -0.761273
-0.59599218 -0.0140341617 0.221997661 3.03649 -0.000145804 -0.766123
-0.59604979 -0.0104212784 0.222026356 3.03837 -0.00116141 -0.769056
-0.596071153 -0.00695632538 0.22200133 3.03739 -0.00084894 -0.769706
-0.596063626 -0.00349788296 0.222026691 3.03655 -0.000478173 -0.76921
-0.596082946 -6.30730392e-06 0.221956336 3.03617 -0.000405491 -0.769931
-0.596122554 0.00363086644 0.221919717 3.03877 -0.00164134 -0.772248
-0.596143034 0.0070748953 0.221829941 3.03733 -0.00113947 -0.772787
-0.596117412 0.0101581992 0.221718696 3.02847 0.00260699 -0.76952
-0.595999506 0.013275168 0.221517613 3.02127 0.00607574 -0.762814
-0.595901904 0.0166789256 0.221272484 3.02014 0.00697828 -0.758451
-0.595878992 0.0201423681 0.221074913 3.01957 0.00730828 -0.757344
-0.595925456 0.0235251515 0.22094798 3.01652 0.00830479 -0.758595
-0.595983795 0.0269614937 0.220897737 3.01452 0.00882723 -0.760608
-0.596091919 0.0306071092 0.220884459 3.01662 0.00748617 -0.765657
-0.596189073 0.0344625945 0.220892812 3.02344 0.00429119 -0.77135
-0.596243666 0.0383418095 0.220940776 3.03119 0.000877369 -0.775537
-0.596287485 0.0419045358 0.220974153 3.0321 0.000304893 -0.77767
-0.596367822 0.0452821449 0.220933277 3.02859 0.00138869 -0.780225
-0.596425491 0.0487696658 0.220940256 3.02771 0.00148574 -0.782487
-0.596398181 0.0522557533 0.220839182 3.0277 0.00162104 -0.781284
-0.596336347 0.0555993292 0.22068145 3.02492 0.00305782 -0.77797
-0.596274293 0.0589271597 0.220561903 3.02179 0.00463519 -0.774584
-0.596216324 0.0622466514 0.220418886 3.01843 0.00628297 -0.771322
-0.596256541 0.0658016797 0.220301843 3.01922 0.00577377 -0.773225
-0.596412339 0.0695543235 0.220326453 3.02314 0.00345238 -0.780788
-0.596615353 0.073187421 0.220429902 3.02391 0.00218237 -0.789682
-0.59340692 0.0731615237 0.218469041 3.02023 0.00232237 -0.801273
-0.593484414 0.0696711835 0.218597326 3.0196 0.00220965 -0.804459
-0.593449466 0.0660258912 0.218688405 3.01681 0.00357872 -0.802254
-0.593398076 0.0622867181 0.218833571 3.01214 0.00582619 -0.798895
-0.593338225 0.0586982261 0.2188935 3.01085 0.00667668 -0.796016
-0.593347694 0.0552301735 0.218996908 3.01144 0.0063738 -0.796598
-0.593423456 0.0519080016 0.219170032 3.01452 0.00470124 -0.800569
-0.593506347 0.0485396766 0.219264687 3.01649 0.00344968 -0.804642
-0.593571884 0.044975851 0.219333678 3.01438 0.00401405 -0.806958
-0.593570493 0.0415266563 0.219371964 3.01551 0.00354301 -0.807148
-0.593513816 0.0383818056 0.219354699 3.02386 0.000218941 -0.806841
-0.593478795 0.0351121899 0.219337666 3.02925 -0.0019412 -0.806727
-0.593463272 0.0314971924 0.219368743 3.02692 -0.000859175 -0.805437
-0.593477408 0.0277476955 0.219439776 3.02133 0.00147402 -0.804626
-0.593502714 0.0239956892 0.219535733 3.01556 0.00381165 -0.804269
-0.59350692 0.0203066607 0.219745687 3.01139 0.0055688 -0.803402
-0.593501474 0.0166693591 0.219963679 3.00845 0.00684818 -0.802439
-0.593572986 0.0129951542 0.2202388 3.00385 0.0084174 -0.80443
-0.593727664 0.00941943706 0.220466159 3.00049 0.00901743 -0.81027
-0.593852675 0.0060979001 0.2206091 3.00301 0.00727237 -0.816244
-0.59389728 0.0028700008 0.220676868 3.00845 0.00467941 -0.819516
-0.593911668 -0.000508122234 0.220755033 3.01094 0.00351308 -0.820783
-0.593925473 -0.00395624176 0.220821 3.01191 0.00301779 -0.821646
-0.59388919 -0.00741549624 0.220791278 3.0132 0.00263935 -0.820407
-0.593795563 -0.0107459069 0.220761293 3.01793 0.00104903 -0.817549
-0.593684227 -0.0139900191 0.220704018 3.02472 -0.00136798 -0.814474
-0.593575011 -0.0173453311 0.220641004 3.02906 -0.0027288 -0.810853
-0.593455647 -0.0209504466 0.220573247 3.02808 -0.00172021 -0.805402
-0.59335609 -0.0247134295 0.220607775 3.02343 0.000764678 -0.799919
-0.593247966 -0.0284648482 0.220677477 3.01911 0.00314082 -0.794167
-0.593152176 -0.0320765925 0.220769288 3.01769 0.00420786 -0.789718
-0.593008586 -0.0355396789 0.220825429 3.02002 0.00393203 -0.784131
-0.592849754 -0.0390036614 0.220838481 3.02247 0.00366732 -0.777963
-0.592752041 -0.0425543752 0.220846542 3.02238 0.00416488 -0.773758
-0.592750351 -0.0461608795 0.220937727 3.02006 0.00511885 -0.773144
-0.592826788 -0.0497020807 0.221100951 3.01836 0.00545015 -0.775994
-0.592990234 -0.0531431915 0.221285087 3.01794 0.00484743 -0.782852
-0.59325006 -0.0564236597 0.221384648 3.01999 0.00276004 -0.794465
-0.59348691 -0.0596647119 0.221524257 3.02308 0.000309457 -0.805477
-0.593660652 -0.0630586867 0.221664431 3.02349 -0.000715908 -0.813115
-0.593755429 -0.0666407177 0.221764125 3.02066 3.87477e-05 -0.816499
-0.593648531 -0.070318987 0.221788265 3.01796 0.00176066 -0.811176
-0.593369539 -0.0738233712 0.221709128 3.02091 0.00189002 -0.799842
-0.593071522 -0.0771747057 0.221602451 3.02734 0.000578643 -0.788617
-0.592791556 -0.0804978759 0.221452156 3.03413 -0.000999238 -0.77833
-0.592600889 -0.0839679154 0.221371736 3.03675 -0.00124064 -0.770835
-0.592487883 -0.0876130067 0.221390398 3.03473 8.22969e-05 -0.765525
-0.589094756 -0.0877353001 0.219536666 3.03096 0.00114261 -0.769139
-0.589136944 -0.084078037 0.219493806 3.03397 -0.000273889 -0.771678
-0.589149717 -0.0804530018 0.219451384 3.03657 -0.00139943 -0.772889
-0.589225472 -0.0769496172 0.219458049 3.03587 -0.00143992 -0.775924
-0.589381314 -0.0737175614 0.219449273 3.02839 0.000937348 -0.780727
-0.58966157 -0.0706608805 0.219496637 3.01572 0.0048113 -0.789637
-0.590008937 -0.0672554156 0.219584897 3.00991 0.00549725 -0.803107
-0.590333868 -0.0635629952 0.219674542 3.01053 0.00356718 -0.817297
-0.590558484 -0.0597661396 0.219785359 3.01447 0.00068366 -0.828085
-0.590698069 -0.0560321558 0.219889074 3.01795 -0.00159603 -0.835161
-0.590724685 -0.0524248435 0.219927676 3.01997 -0.0026469 -0.836877
-0.590657991 -0.048999835 0.219864702 3.01911 -0.00190336 -0.833699
-0.590553494 -0.0456256461 0.219711952 3.01757 -0.000659801 -0.828708
-0.590416735 -0.0421643471 0.219543193 3.01827 -0.000253457 -0.82291
-0.590289309 -0.0387142063 0.219404471 3.01861 0.000256495 -0.817438
-0.590242976 -0.0353351329 0.219240888 3.01649 0.00141927 -0.814892
-0.59023895 -0.0320147023 0.2190813 3.01263 0.00311926 -0.813715
-0.590259313 -0.0287168789 0.218973974 3.00799 0.00501371 -0.81346
-0.590248007 -0.0252884639 0.218869647 3.00656 0.00569238 -0.812592
-0.590215958 -0.0217108886 0.218755595 3.0086 0.00497779 -0.81174
-0.590158615 -0.0179437719 0.218689539 3.01506 0.00248335 -0.810864
-0.590139996 -0.0141866318 0.21868723 3.02086 6.24818e-05 -0.811546
-0.590175168 -0.0106137115 0.21866678 3.02206 -0.000631721 -0.813382
-0.59023463 -0.00723386698 0.218623421 3.01879 0.000485617 -0.815121
-0.59035009 -0.00376983302 0.218665204 3.01673 0.00079341 -0.819593
-0.590485075 -0.000213936452 0.218705111 3.01643 0.000227821 -0.825413
-0.590626613 0.00337061638 0.218729309 3.01667 -0.000616826 -0.831653
-0.590761967 0.00684687373 0.218762383 3.01461 -0.000417506 -0.837055
-0.590849602 0.0101370549 0.218741352 3.00906 0.00159251 -0.839421
-0.59090446 0.0134429264 0.218606795 3.00421 0.00345817 -0.840581
-0.590945636 0.0167921732 0.218442896 3.00047 0.00490877 -0.841387
-0.590978258 0.0201219478 0.218264284 2.99639 0.00654721 -0.841781
-0.590957608 0.0235348575 0.218076923 2.99473 0.00740812 -0.840476
-0.59091244 0.0270218548 0.217969316 2.99498 0.00756048 -0.838539
-0.590834848 0.0306756007 0.217851844 2.99922 0.00610955 -0.836222
-0.590777094 0.0345271171 0.217759406 3.00751 0.00272095 -0.835853
-0.590810363 0.0383188605 0.21774163 3.01345 -0.000121568 -0.838887
-0.59088494 0.0417375989 0.217748066 3.01084 0.000650414 -0.841443
-0.590940014 0.0451038955 0.217775649 3.0073 0.0019367 -0.842948
-0.591011929 0.0486694524 0.217791897 3.00789 0.00127219 -0.846256
-0.591064699 0.052320943 0.217760945 3.01055 -0.000230188 -0.849296
-0.591027073 0.0558576516 0.217624851 3.01178 -0.000587734 -0.847982
-0.590953306 0.0591615354 0.21751004 3.0084 0.0013693 -0.843803
-0.590901483 0.0623616001 0.217396792 3.0025 0.00432699 -0.839983
-0.590903795 0.0657361118 0.217199316 2.99975 0.005546 -0.839368
-0.590953432 0.0691794115 0.217042172 2.99794 0.00606799 -0.841086
-0.591058998 0.0725830756 0.216985679 2.99462 0.0069451 -0.84485
-0.587689256 0.0724340535 0.214829954 2.98984 0.0083113 -0.849378
-0.587774771 0.0688908649 0.215056088 2.98789 0.0086749 -0.852636
-0.587808738 0.0653220023 0.215318293 2.986 0.00933007 -0.853613
-0.587830037 0.061681354 0.215541446 2.98268 0.0107001 -0.85374
-0.587871639 0.0582399756 0.215641546 2.98346 0.0100876 -0.855762
-0.587949915 0.0550730455 0.215729195 2.98976 0.00674421 -0.860799
-0.588052553 0.0519104364 0.215849616 2.99583 0.00332976 -0.866942
-0.588172865 0.0485257129 0.216009546 2.99686 0.00212622 -0.872574
-0.588267804 0.044944379 0.216097394 2.99395 0.00290879 -0.876014
-0.588356435 0.0414320081 0.216179051 2.9926 0.00299484 -0.879592
-0.58833769 0.0380928751 0.216218407 2.99629 0.00136033 -0.879775
-0.588195126 0.034737143 0.216205125 3.00114 -7.81059e-05 -0.874724
-0.58802971 0.0312752769 0.216181495 3.00396 -0.000419516 -0.868128
-0.587935396 0.0276720354 0.216177336 3.00287 0.000647498 -0.863627
-0.587953081 0.0240507292 0.216264546 3.00004 0.00186167 -0.863641
-0.588049045 0.0204104606 0.216453768 2.99586 0.00322111 -0.866769
-0.588175023 0.0167587126 0.216685032 2.99105 0.00468126 -0.871092
-0.588236675 0.0131083736 0.216864355 2.98705 0.00616316 -0.872764
-0.588250332 0.00955622353 0.217040451 2.98575 0.00668229 -0.873045
-0.588294796 0.00622189749 0.217220788 2.98879 0.00498193 -0.875818
-0.588325242 0.00289236927 0.217287253 2.99209 0.00323579 -0.878082
-0.58828164 -0.000586924587 0.217336453 2.99307 0.00304466 -0.876405
-0.5881915 -0.00413683287 0.217354362 2.9931 0.0035922 -0.872376
-0.588117705 -0.00767299392 0.217386881 2.99322 0.00399157 -0.869111
-0.588008988 -0.0110968223 0.217423196 2.99617 0.00327208 -0.8651
-0.587819743 -0.0144194757 0.217363049 3.00226 0.001557 -0.858347
-0.587602386 -0.017706428 0.217202621 3.00942 -0.000511444 -0.850675
-0.587475238 -0.0211478325 0.217134622 3.01217 -0.00106327 -0.845795
-0.587446958 -0.0247516512 0.217221395 3.01025 -3.61789e-05 -0.844041
-0.587485003 -0.0284734867 0.217334024 3.00501 0.00212462 -0.844305
-0.587544499 -0.0321559689 0.217488916 3.00036 0.00388169 -0.845705
-0.58753788 -0.0357752905 0.21765823 2.99785 0.00505447 -0.844757
-0.587482303 -0.0392478732 0.217758027 2.9991 0.00481327 -0.842622
-0.587418576 -0.042636968 0.217775347 3.00224 0.00375922 -0.840656
-0.587357434 -0.0460994505 0.217844875 3.00376 0.00342031 -0.838376
-0.587340898 -0.0494805845 0.217918343 3.00653 0.00227129 -0.838369
-0.587323089 -0.0527611733 0.217921373 3.01149 0.000135192 -0.838899
-0.587250988 -0.0559713399 0.217876744 3.01858 -0.00268386 -0.837652
-0.587196598 -0.0592610695 0.217825328 3.02375 -0.00473875 -0.836647
-0.587122476 -0.0627456547 0.217775163 3.02492 -0.00488571 -0.833726
-0.587095999 -0.0665812871 0.217829565 3.01796 -0.0016226 -0.830673
-0.587132703 -0.0706051255 0.218004282 3.00618 0.00340541 -0.829185
-0.58720585 -0.0743492121 0.218184027 3.00004 0.00570894 -0.830795
-0.587183023 -0.0777693606 0.218315272 3.00203 0.00495238 -0.830328
-0.587137322 -0.0810010362 0.218356107 3.00839 0.0023847 -0.829933
-0.587102967 -0.0842628895 0.218337337 3.01394 9.48586e-05 -0.829918
-0.587056095 -0.0878788509 0.218329327 3.01196 0.00122966 -0.82733
-0.583596395 -0.0879617161 0.216344284 3.0097 0.00201335 -0.828515
-0.5836029 -0.0842287136 0.216335057 3.01469 -0.000236802 -0.830074
-0.583620305 -0.08063201 0.216299989 3.01659 -0.00117368 -0.83134
-0.583677987 -0.0772782329 0.21623423 3.01276 0.000223627 -0.832863
-0.583724346 -0.074084915 0.216150153 3.00557 0.00316747 -0.83304
-0.583648401 -0.070800985 0.215977271 3.00174 0.00529157 -0.82875
-0.583431041 -0.0672996149 0.215722711 3.00423 0.0053932 -0.819912
-0.583224138 -0.0635978452 0.215536844 3.01093 0.00356653 -0.812631
-0.583078361 -0.0597949708 0.215415572 3.01912 0.000750688 -0.80843
-0.58304788 -0.0561326778 0.215367813 3.02299 -0.000769056 -0.808086
-0.583127085 -0.0525739803 0.215400876 3.0234 -0.00133748 -0.811623
-0.583207577 -0.049024545 0.21544015 3.02359 -0.00181846 -0.815161
-0.583299704 -0.0456298847 0.215433735 3.02028 -0.000838721 -0.818316
-0.583457027 -0.0422374204 0.215413187 3.01618 0.00014126 -0.82413
-0.583642804 -0.0388542546 0.215412396 3.01155 0.00119868 -0.831011
-0.583793672 -0.0355800113 0.215376544 3.00492 0.00330668 -0.835903
-0.583912651 -0.0322694259 0.215311105 2.99943 0.00508159 -0.839702
-0.583969486 -0.0287794828 0.2152417 2.99856 0.00514724 -0.841942
-0.583946615 -0.0251661544 0.215132139 3.00129 0.0040524 -0.841629
-0.583880007 -0.0214449095 0.214993138 3.00685 0.00191449 -0.840186
-0.583843656 -0.0177757398 0.214926302 3.01094 0.000273041 -0.839641
-0.583900073 -0.0142935751 0.214938082 3.0099 0.000430523 -0.841862
-0.584046858 -0.0109268147 0.214957934 3.00531 0.00167959 -0.847099
-0.584214272 -0.00753486747 0.214950526 3.00101 0.00267256 -0.85332
-0.584335674 -0.00409088464 0.21491386 2.99835 0.00317546 -0.858011
-0.584383026 -0.000600196302 0.214827822 2.99759 0.00324535 -0.859883
-0.584449943 0.00295265332 0.214778215 2.99793 0.00269252 -0.862946
-0.584553098 0.00651655765 0.214757977 2.99807 0.00201315 -0.867564
-0.584668007 0.00988714548 0.214706753 2.99389 0.00326057 -0.871531
-0.584755369 0.0131619631 0.214610531 2.98796 0.00548782 -0.873825
-0.584799437 0.0165536382 0.21452285 2.98507 0.00655271 -0.875055
-0.584802149 0.0201003619 0.214472713 2.98605 0.00607935 -0.875421
-0.584672067 0.0237982181 0.214311812 2.99191 0.00413599 -0.871201
-0.584436074 0.0274301347 0.214041905 2.99761 0.00290528 -0.86223
-0.58421989 0.0310079626 0.213860454 3.00186 0.00220697 -0.853807
-0.584136702 0.0345041798 0.213776022 3.00276 0.00227981 -0.850363
-0.584209581 0.0379618185 0.213688717 3.00098 0.00266549 -0.853126
-0.584363192 0.0413843249 0.213633648 2.99748 0.00336281 -0.858988
-0.58452022 0.0448204094 0.21362549 2.99422 0.00392505 -0.865063
-0.584674633 0.0484365226 0.213658135 2.99486 0.00269254 -0.872096
-0.58480508 0.0522662189 0.213701157 3.00037 -0.000686515 -0.87944
-0.584879875 0.0559694477 0.213751812 3.00381 -0.00277862 -0.883793
-0.584902367 0.0593263662 0.213738375 3.00046 -0.00131413 -0.883864
-0.584870046 0.0625270614 0.21360146 2.99443 0.00177167 -0.880716
-0.584859474 0.0657881178 0.213443539 2.98942 0.00421623 -0.878847
-0.584884937 0.0691330838 0.213252472 2.98576 0.00578013 -0.879004
-0.584893502 0.0724695561 0.213047353 2.98212 0.00743616 -0.878425
-0.581465314 0.0724227074 0.21081769 2.98021 0.00786265 -0.881144
-0.58153741 0.068822428 0.211092394 2.97715 0.00883257 -0.883538
-0.581556215 0.0651789175 0.211305194 2.97381 0.0102797 -0.883504
-0.581561296 0.0616327012 0.211468631 2.97274 0.0107458 -0.883472
-0.58157468 0.0582934843 0.211620355 2.97605 0.00909614 -0.884937
-0.581583113 0.0552050214 0.211660896 2.98483 0.00487226 -0.887641
-0.58158429 0.0520807608 0.211653169 2.9929 0.000995707 -0.88991
-0.581575038 0.0486275337 0.211663357 2.99402 0.000514091 -0.889811
-0.581556707 0.0449846761 0.211703101 2.99119 0.00199892 -0.888161
-0.581528256 0.0413424483 0.21181989 2.98848 0.00347823 -0.886151
-0.581463429 0.0376721784 0.211989184 2.98561 0.00526227 -0.882497
-0.58133875 0.0340927265 0.212031093 2.98544 0.00614598 -0.876877
-0.581134956 0.0306120377 0.211952767 2.98835 0.00606699 -0.868586
-0.58084266 0.0272822515 0.211855855 2.99553 0.00450106 -0.857584
-0.580585194 0.0240967768 0.211817936 3.00537 0.00145662 -0.848826
-0.580504667 0.02071999 0.211813798 3.00898 0.000263378 -0.846216
-0.580591829 0.0171056264 0.211872801 3.00549 0.00135964 -0.84912
-0.580758856 0.0134227651 0.21208908 2.99956 0.00308581 -0.854936
-0.580937727 0.00979075801 0.212342295 2.99458 0.0043062 -0.861491
-0.58104734 0.00629026556 0.212535492 2.99325 0.00425647 -0.866002
-0.58107658 0.00281707281 0.212638619 2.99347 0.00397472 -0.867381
-0.581126686 -0.000599686392 0.212761558 2.99466 0.00311322 -0.869932
-0.581200663 -0.00410143298 0.212887751 2.99373 0.00309892 -0.872949
-0.581270864 -0.00766697922 0.213023755 2.99146 0.00373012 -0.875457
-0.581341871 -0.0112791759 0.213198264 2.98817 0.0048294 -0.877727
-0.581375947 -0.0148105935 0.213323559 2.98706 0.00512934 -0.87899
-0.581315387 -0.0181824521 0.213369008 2.99058 0.0038541 -0.877197
-0.581186956 -0.021461529 0.213341457 2.9969 0.00164989 -0.873223
-0.581065242 -0.0248424523 0.213345851 3.00095 0.000479485 -0.868873
-0.580972194 -0.0283833308 0.213394199 3.00119 0.000924511 -0.86479
-0.580938189 -0.0320629578 0.213482659 2.99771 0.0027438 -0.862379
-0.580967504 -0.0357471265 0.213631792 2.99338 0.00456684 -0.862511
-0.580983579 -0.0392755757 0.213768155 2.99257 0.00484207 -0.863014
-0.58097553 -0.042828137 0.213926367 2.99153 0.00537298 -0.862383
-0.580921801 -0.046386847 0.21402609 2.9909 0.00598879 -0.859857
-0.580821528 -0.0497279986 0.213999154 2.99554 0.00445614 -0.85663
-0.580677372 -0.0531248068 0.213932881 2.99948 0.00350032 -0.8513
-0.580497012 -0.056549174 0.213884013 3.00323 0.00282372 -0.844349
-0.5802521 -0.0598141497 0.213720836 3.01114 0.000592176 -0.835699
-0.5800079 -0.0632310679 0.213572118 3.01572 -0.000150341 -0.826193
-0.57984909 -0.0667202076 0.213574685 3.01773 -0.000209605 -0.819809
-0.579837711 -0.0703201822 0.213728381 3.01568 0.000747041 -0.818794
-0.57990341 -0.0740506531 0.213867746 3.00994 0.00290519 -0.820154
-0.579982065 -0.0775955818 0.214003769 3.00808 0.0033021 -0.823093
-0.580074024 -0.0809410802 0.214145662 3.0104 0.00178963 -0.827704
-0.58014795 -0.084208706 0.214220159 3.0146 -0.000465496 -0.832053
-0.580249979 -0.0877269419 0.214323843 3.01304 -0.000315462 -0.836119
-0.576832523 -0.0876441607 0.212163614 3.01389 -0.00114244 -0.839952
-0.576913089 -0.0839625154 0.212144096 3.01688 -0.00292958 -0.844345
-0.576971698 -0.0803920389 0.212147748 3.01773 -0.00363045 -0.847141
-0.576972843 -0.0770097316 0.212140237 3.01517 -0.00247131 -0.846519
-0.576934868 -0.0737645464 0.212081072 3.01011 5.10195e-05 -0.843447
-0.576867795 -0.0702773563 0.21194076 3.01061 0.000195959 -0.840621
-0.576809832 -0.0666696401 0.211756116 3.0136 -0.000843429 -0.838901
-0.576741231 -0.0631241999 0.211631257 3.01537 -0.00127294 -0.836359
-0.576741997 -0.0596058806 0.211669441 3.01576 -0.00145165 -0.836494
-0.5767966 -0.0562115402 0.21170165 3.01285 -0.000439549 -0.8381
-0.576889385 -0.0527923179 0.211627965 3.01003 0.000319998 -0.841435
-0.577046296 -0.0493339652 0.211620442 3.00731 0.000677711 -0.847609
-0.577179682 -0.0460058875 0.211614494 3.00202 0.00231652 -0.852101
-0.577254351 -0.0426142494 0.211537768 2.9988 0.00335421 -0.854516
-0.577302613 -0.0391762524 0.211426425 2.99688 0.00394805 -0.856155
-0.577300173 -0.0357638463 0.21132085 2.99501 0.00481532 -0.855569
-0.577225665 -0.0322778869 0.211148507 2.99559 0.00499391 -0.852426
-0.577128883 -0.0287215013 0.210987006 2.99795 0.00448596 -0.848793
-0.577110952 -0.0251259745 0.210883676 3.00023 0.0035534 -0.848602
-0.577218812 -0.0215552084 0.210851531 3.0005 0.0028131 -0.853403
-0.57743146 -0.0181350719 0.210882974 2.99624 0.00350412 -0.861681
-0.577677824 -0.0147420783 0.210910843 2.99096 0.00444563 -0.871175
-0.577853928 -0.0112980859 0.210914988 2.98759 0.00491525 -0.878131
-0.577957199 -0.00778533394 0.210875941 2.98659 0.00473372 -0.882469
-0.577978502 -0.00420005632 0.210811079 2.98817 0.00384912 -0.883829
-0.577973457 -0.000590295804 0.210716328 2.99059 0.00272451 -0.884287
-0.57799936 0.00288514391 0.210647822 2.98974 0.00296484 -0.885214
-0.578054382 0.00629926342 0.210588262 2.98721 0.00382225 -0.886972
-0.578107765 0.00971543195 0.21049192 2.98474 0.00465238 -0.888684
-0.578096869 0.0132087767 0.21036639 2.98473 0.00473036 -0.888204
-0.578005647 0.0168806419 0.210235692 2.98956 0.00299658 -0.885457
-0.577867389 0.0207166348 0.210116315 2.99849 -0.000420962 -0.881736
-0.577742902 0.0244831029 0.2099865 3.00574 -0.00314164 -0.878178
-0.577666426 0.0278408238 0.209864062 3.00362 -0.00166623 -0.874142
-0.577690592 0.0310456623 0.209745588 2.99697 0.00132247 -0.873384
-0.577757506 0.0343235038 0.209715876 2.99136 0.00353815 -0.874852
-0.577825815 0.0376210325 0.209614024 2.98615 0.00554988 -0.876503
-0.577872333 0.0410533961 0.209432872 2.98412 0.00621063 -0.878019
-0.577846554 0.0445738782 0.209324511 2.98488 0.00601537 -0.877073
-0.577802357 0.0482071528 0.209254808 2.9883 0.00468392 -0.87602
-0.577815981 0.0520355853 0.209247618 2.99521 0.00133722 -0.878518
-0.577872152 0.055787917 0.209245001 2.99995 -0.00125766 -0.882338
-0.577916497 0.0591856612 0.209162851 2.99721 -0.000223497 -0.883552
-0.577983422 0.062401706 0.209039679 2.99027 0.00266088 -0.884637
-0.578091303 0.0656116187 0.208946777 2.98268 0.00556916 -0.887385
-0.57819542 0.0689368203 0.208848854 2.97759 0.00729658 -0.890719
-0.578265538 0.0724707431 0.208699795 2.97744 0.00689875 -0.893811
-0.5748896 0.0725453952 0.206438061 2.97748 0.00605116 -0.899373
-0.574997073 0.0689029781 0.206687681 2.97303 0.00745922 -0.903028
-0.575078395 0.0651573039 0.206925587 2.96669 0.00995429 -0.904981
-0.575123819 0.0615301628 0.207160678 2.96336 0.0112448 -0.906138
-0.575150631 0.0581750946 0.207353415 2.96613 0.00970584 -0.908104
-0.575150594 0.0550354311 0.207386495 2.9739 0.00591878 -0.910152
-0.575062903 0.0517869283 0.207372093 2.98043 0.00330499 -0.907997
-0.574921424 0.0483387283 0.207360035 2.98335 0.00282391 -0.902429
-0.574798237 0.0448660482 0.207334133 2.9855 0.00259413 -0.89748
-0.574736992 0.0413016987 0.207368196 2.98489 0.0032938 -0.894558
-0.574772248 0.0376647549 0.207562963 2.9815 0.00469607 -0.895211
-0.574888774 0.0340409443 0.207802697 2.97736 0.00590859 -0.899303
-0.57502351 0.0303920025 0.208044911 2.97242 0.00736538 -0.904046
-0.575170857 0.0269492014 0.208234968 2.97175 0.00666844 -0.910504
-0.575251475 0.023779194 0.208315621 2.97779 0.00314111 -0.915816
-0.575183705 0.0205670769 0.208260614 2.98483 0.000102265 -0.914733
-0.575036378 0.0172195437 0.208240425 2.98999 -0.00148032 -0.909518
-0.574942914 0.0137022154 0.208278944 2.99082 -0.00127171 -0.9055
-0.574865859 0.0100347915 0.208330677 2.98822 0.000520864 -0.901259
-0.574761605 0.00636830425 0.208407574 2.98597 0.00231292 -0.895925
-0.574623646 0.002801954 0.208471602 2.98628 0.00306605 -0.889809
-0.574472226 -0.000622295646 0.208479507 2.98979 0.0023545 -0.884007
-0.574376074 -0.00394921946 0.208490372 2.9947 0.000611978 -0.88106
-0.574418913 -0.00737956956 0.208579876 2.99568 -0.000119587 -0.883214
-0.574574061 -0.0109290344 0.208736437 2.99269 0.000336382 -0.889348
-0.574708371 -0.0146360922 0.208934708 2.98655 0.00241111 -0.893697
-0.574766008 -0.0183429551 0.209163477 2.98137 0.00452274 -0.894879
-0.574722364 -0.0219139695 0.2092772 2.98039 0.0052833 -0.892658
-0.574590654 -0.0253834524 0.209294159 2.98271 0.0050441 -0.887357
-0.574451955 -0.0288465437 0.209299161 2.98523 0.0047388 -0.881842
-0.574369421 -0.0322585781 0.209338838 2.98814 0.00388272 -0.878965
-0.574356638 -0.0357188273 0.209429948 2.98916 0.00348384 -0.878649
-0.574408577 -0.0392364902 0.209545898 2.98814 0.00363712 -0.88069
-0.574485959 -0.0427332635 0.209706691 2.98725 0.00356703 -0.883907
-0.574571228 -0.0462805468 0.209888312 2.98517 0.00400475 -0.887162
-0.574602991 -0.0498088223 0.210034685 2.98416 0.00427792 -0.888323
-0.574603706 -0.0533339194 0.210226089 2.98361 0.00453888 -0.888203
-0.574632198 -0.0567989865 0.210397386 2.98401 0.00416298 -0.889575
-0.574641561 -0.0602081536 0.210441974 2.98585 0.00322105 -0.890493
-0.574622812 -0.0635808703 0.210412351 2.98882 0.00191128 -0.890476
-0.574564489 -0.0669342708 0.210401677 2.9927 0.000416555 -0.888925
-0.574484169 -0.0704233813 0.210481342 2.99393 0.000330584 -0.885672
-0.574410162 -0.0740587988 0.21053328 2.99194 0.00175392 -0.881787
-0.574391709 -0.0774907751 0.210505182 2.99363 0.00106481 -0.881432
-0.574388473 -0.0807816025 0.210501151 2.99816 -0.00107726 -0.882565
-0.574360934 -0.0841100198 0.210556432 3.00218 -0.00283714 -0.882475
-0.574272769 -0.0876273263 0.210583054 3.0029 -0.00263835 -0.878687
-0.570773378 -0.0877517586 0.208392627 3.00022 -0.00136669 -0.877955
-0.570880579 -0.0841868999 0.208394624 3.00029 -0.00205401 -0.882809
-0.57102329 -0.0805740431 0.208398193 3.00094 -0.00324321 -0.889444
-0.571134943 -0.077055567 0.208405227 2.99994 -0.00345548 -0.894206
-0.571173407 -0.0737182639 0.208378652 2.99598 -0.0017734 -0.894783
-0.571199508 -0.0702860395 0.208323084 2.9942 -0.00107453 -0.895452
-0.571302426 -0.0667837286 0.208315765 2.99295 -0.00112924 -0.899754
-0.571398916 -0.0632863778 0.208302083 2.99167 -0.00112727 -0.903754
-0.57148383 -0.0598047868 0.208290743 2.99019 -0.000959035 -0.907191
-0.571513401 -0.0562833661 0.208243751 2.99026 -0.00119442 -0.90858
-0.571454509 -0.0528515377 0.208119194 2.98956 -0.000455222 -0.905693
-0.571405319 -0.0495547673 0.207965703 2.98584 0.00170256 -0.902393
-0.571443421 -0.0462312826 0.207850377 2.98157 0.00352995 -0.902905
-0.571566704 -0.0427517227 0.207776663 2.97954 0.00368139 -0.907943
-0.571661555 -0.0391642839 0.207714013 2.98019 0.00271578 -0.912426
-0.571683924 -0.0355533636 0.207647057 2.98228 0.00153318 -0.914012
-0.571674754 -0.0319574522 0.207579516 2.98445 0.000514868 -0.914219
-0.571642674 -0.0284793666 0.207466399 2.98439 0.000759703 -0.91277
-0.57160048 -0.0250829241 0.207326542 2.98272 0.00187714 -0.910371
-0.571569501 -0.0218079974 0.207207583 2.9783 0.00426855 -0.907712
-0.571554681 -0.0185216965 0.207038938 2.9739 0.0065228 -0.905826
-0.57148075 -0.0150632443 0.20683888 2.97395 0.00700755 -0.902534
-0.571295854 -0.0113206664 0.20666033 2.98153 0.00457189 -0.896251
-0.571004262 -0.00747056692 0.206459885 2.99271 0.00103505 -0.886224
-0.570712966 -0.00377200735 0.206230591 3.00055 -0.000927966 -0.875385
-0.570535507 -0.000348030645 0.206049302 3.00107 -9.8786e-05 -0.867592
-0.570476201 0.00290467156 0.205879996 2.99645 0.00241753 -0.8637
-0.57053852 0.00615534138 0.205706084 2.99031 0.00487651 -0.864823
-0.570712378 0.00950372472 0.205615827 2.98491 0.00628499 -0.871138
-0.5709464 0.0131019405 0.20562256 2.98416 0.00515664 -0.881332
-0.57120281 0.0167555445 0.205663652 2.98427 0.00345538 -0.892844
-0.571510318 0.0203464049 0.205769826 2.98232 0.00237101 -0.906143
-0.571858074 0.0239417691 0.205965937 2.97984 0.00122342 -0.921283
-0.572207058 0.0273740114 0.206149828 2.97376 0.00179105 -0.935507
-0.572476008 0.0307373815 0.206241692 2.9672 0.00313164 -0.945994
-0.572628075 0.034245116 0.2062077 2.96527 0.00296817 -0.952487
-0.572619217 0.037842383 0.206063267 2.96746 0.00189681 -0.952722
-0.57248187 0.0414144645 0.205856622 2.97088 0.00115735 -0.947358
-0.572294292 0.0449392093 0.205680901 2.97396 0.000962738 -0.93958
-0.57215184 0.0484091154 0.205501047 2.97523 0.00135628 -0.93341
-0.572089951 0.0519717365 0.205316328 2.97739 0.000701851 -0.931202
-0.572139856 0.0555551528 0.205272173 2.97851 -0.000220872 -0.933795
-0.572254502 0.0589494572 0.205278891 2.97471 0.00087782 -0.93799
-0.572372649 0.0621270673 0.205199956 2.96623 0.00431433 -0.940986
-0.572475651 0.0653448343 0.205046887 2.95879 0.00731849 -0.943619
-0.572525972 0.068803636 0.204903277 2.95723 0.0077274 -0.945461
-0.572510499 0.0724488748 0.204769873 2.96055 0.00614802 -0.945674
-0.568990943 0.0726975722 0.202301193 2.96612 0.00343018 -0.946379
-0.56904084 0.0691570454 0.202388526 2.96457 0.00384958 -0.948245
-0.569107667 0.0653864153 0.202602706 2.95787 0.00677159 -0.949424
-0.569217856 0.0617020789 0.202938544 2.9524 0.00871029 -0.952978
-0.569329843 0.058191546 0.203229519 2.95061 0.00873787 -0.957648
-0.569331293 0.0547616418 0.203369849 2.95209 0.0079596 -0.958124
-0.569225156 0.051345051 0.203424455 2.95536 0.0071095 -0.954111
-0.56913339 0.0479217024 0.20346662 2.95826 0.00632391 -0.950721
-0.569078676 0.0446106221 0.203475939 2.96304 0.00427211 -0.949576
-0.56906496 0.0413491251 0.203495968 2.96831 0.00165003 -0.950463
-0.569057328 0.0380361883 0.203556219 2.97239 -0.000416036 -0.95132
-0.569057052 0.0346176512 0.203634939 2.97412 -0.00131557 -0.951831
-0.569086889 0.0309782931 0.203795074 2.97076 0.000211012 -0.952188
-0.569157738 0.027358165 0.203966944 2.96722 0.00150813 -0.95446
-0.569204093 0.023861864 0.204113733 2.96666 0.00144609 -0.956435
-0.569251168 0.0203731192 0.2042149 2.96625 0.00130032 -0.958487
-0.569275104 0.0168776868 0.204329209 2.96601 0.0012392 -0.959541
-0.569216088 0.0132523451 0.20440357 2.96416 0.00266716 -0.956278
-0.569066134 0.0094277271 0.204503495 2.95933 0.00636193 -0.947915
-0.568868427 0.00560127806 0.2046526 2.95505 0.0100955 -0.937656
-0.568558754 0.00189480726 0.204725158 2.95478 0.0126176 -0.923515
-0.568160899 -0.00155736284 0.204644305 2.96104 0.0124657 -0.907239
-0.567768952 -0.00468872793 0.204436436 2.97402 0.00888423 -0.893051
-0.567441937 -0.00766521016 0.204206663 2.98939 0.00361576 -0.882537
-0.567283329 -0.0107848158 0.204092939 2.99952 -0.000240596 -0.878247
-0.567341327 -0.0142762913 0.20409383 2.999 -0.000344931 -0.880672
-0.567496257 -0.0180210635 0.204263409 2.99182 0.00209579 -0.885623
-0.567676811 -0.021734461 0.204551604 2.98497 0.0041943 -0.891844
-0.567835703 -0.0252579719 0.204798733 2.98245 0.0043564 -0.89832
-0.567976775 -0.0286823941 0.205013658 2.98228 0.00350059 -0.904624
-0.568098985 -0.0320667486 0.205174052 2.98318 0.00223012 -0.910449
-0.568170261 -0.0354373328 0.205277958 2.98503 0.000836447 -0.91421
-0.568199512 -0.0389207768 0.205380358 2.98501 0.000648634 -0.915522
-0.568148342 -0.0425990747 0.205525673 2.98186 0.00256759 -0.912288
-0.568049794 -0.0463624693 0.205668075 2.97748 0.00540797 -0.906618
-0.567986491 -0.0499884937 0.20574444 2.97559 0.00677036 -0.903221
-0.567982053 -0.0533690908 0.205786591 2.97821 0.00552327 -0.903755
-0.568045229 -0.0566289295 0.205858123 2.98256 0.00297741 -0.907805
-0.568148056 -0.0600492585 0.205977991 2.98294 0.00209408 -0.912584
-0.568228931 -0.0635171841 0.206146575 2.98257 0.00171836 -0.916186
-0.568254722 -0.0670178133 0.206267142 2.98222 0.00171572 -0.917262
-0.568224629 -0.0705990108 0.206309388 2.98088 0.00259346 -0.915487
-0.568216258 -0.0740588032 0.206368824 2.98185 0.00216865 -0.915381
-0.568221049 -0.077424713 0.206459085 2.98465 0.000741656 -0.916422
-0.568226055 -0.0807782492 0.20652512 2.98772 -0.000822551 -0.917521
-0.568212802 -0.0843056359 0.206590035 2.9873 -0.000523092 -0.916814
-0.568135364 -0.0880562584 0.206626955 2.98295 0.00217729 -0.912029
-0.564583708 -0.0883318232 0.204232376 2.97771 0.00511445 -0.908218
-0.564537636 -0.0847559323 0.204126613 2.97994 0.00434119 -0.906725
-0.564530505 -0.0810747074 0.20407091 2.98391 0.00243728 -0.907547
-0.56454492 -0.077441676 0.204011558 2.98658 0.00102864 -0.908933
-0.564533334 -0.073898015 0.203938026 2.98766 0.000572912 -0.90873
-0.564535161 -0.070558168 0.203847544 2.98421 0.00225958 -0.907821
-0.564635382 -0.0671972809 0.203772412 2.97993 0.00367772 -0.911177
-0.564855076 -0.0637369954 0.203764979 2.97622 0.00398232 -0.920102
-0.565055494 -0.060047799 0.203812254 2.97761 0.00187791 -0.929698
-0.565102152 -0.0562141409 0.203845034 2.9841 -0.00174358 -0.933748
-0.564975183 -0.0525992669 0.203778972 2.98823 -0.00297112 -0.92912
-0.564737156 -0.0492730318 0.203605902 2.98765 -0.0010227 -0.918036
-0.564472388 -0.0461055516 0.203325269 2.98397 0.00263887 -0.904918
-0.564299154 -0.042880052 0.203044446 2.98028 0.00561276 -0.896093
-0.564260592 -0.0394015162 0.202788528 2.98031 0.00586231 -0.894349
-0.564326369 -0.035776784 0.202711556 2.98216 0.00453036 -0.897823
-0.564464766 -0.0322073794 0.202728803 2.98189 0.00374003 -0.903988
-0.56462455 -0.0286435486 0.202718989 2.98121 0.00299731 -0.911013
-0.56474233 -0.0251634728 0.2026798 2.97925 0.00315044 -0.915826
-0.564792679 -0.0217764057 0.202574026 2.97617 0.00432429 -0.917255
-0.564765576 -0.0182839638 0.202433813 2.97636 0.00441894 -0.916082
-0.564618615 -0.014479761 0.202341163 2.98478 0.00123977 -0.911785
-0.564358467 -0.0104663101 0.20224952 2.99907 -0.00418423 -0.90411
-0.564168504 -0.00666726755 0.202095924 3.00784 -0.00734829 -0.898078
-0.564074053 -0.00323876456 0.202003518 3.00751 -0.00659655 -0.893638
-0.564042395 -0.000232825227 0.201907538 2.99733 -0.00144683 -0.889263
-0.564126707 0.00262065792 0.201746833 2.98237 0.00516599 -0.888915
-0.564281148 0.0056465413 0.201527278 2.97018 0.00990378 -0.892599
-0.564426326 0.00888378261 0.201332228 2.96264 0.0124698 -0.897144
-0.564553442 0.0123193299 0.201190803 2.95962 0.013017 -0.902018
-0.564682315 0.0159847237 0.201122625 2.96153 0.0111844 -0.90828
-0.564761194 0.0197293011 0.201100663 2.96578 0.00855744 -0.912944
-0.564752413 0.0234061591 0.201060333 2.9697 0.00669214 -0.913605
-0.564633983 0.0269982445 0.200884192 2.97321 0.005793 -0.909238
-0.564478419 0.0305514852 0.200637688 2.97637 0.00532659 -0.903043
-0.564393502 0.0341432517 0.200468397 2.97942 0.00441508 -0.900085
-0.564461433 0.0377753565 0.200438168 2.98139 0.00299719 -0.903697
-0.56458587 0.0414443855 0.200414553 2.98342 0.0011719 -0.909887
-0.56471769 0.0450264275 0.2004284 2.98347 0.000255559 -0.915889
-0.564797982 0.0485051977 0.200451339 2.98196 0.000452308 -0.919146
-0.564892316 0.0518605204 0.200436614 2.97763 0.00194928 -0.922212
-0.565027161 0.0551599103 0.200349803 2.97156 0.00402167 -0.926619
-0.565160495 0.0585130919 0.200228416 2.96663 0.00551527 -0.931347
-0.565261209 0.06190417 0.200095391 2.96295 0.00662186 -0.934897
-0.565291914 0.0652548118 0.199903088 2.95933 0.00821199 -0.935317
-0.565284555 0.0688611323 0.199762913 2.96171 0.00706279 -0.935632
-0.565235191 0.072746326 0.199706618 2.9706 0.00290921 -0.935912
-0.561661041 0.0731138651 0.197204527 2.97943 -0.00107161 -0.935064
-0.561606176 0.0695846411 0.19720724 2.97955 -0.000732706 -0.932544
-0.561607306 0.0658597238 0.197333171 2.97473 0.00170387 -0.931222
-0.561622462 0.0621698244 0.197514086 2.97048 0.00374678 -0.930667
-0.561575741 0.058462329 0.1977008 2.96666 0.00600935 -0.927476
-0.561479012 0.0547720659 0.197894426 2.96386 0.00812443 -0.922317
-0.561384267 0.0512264056 0.19802309 2.96413 0.00868231 -0.918097
-0.561316985 0.0478502761 0.1980684 2.96768 0.00741541 -0.916003
-0.561261108 0.0445673626 0.198086871 2.97308 0.00514195 -0.914929
-0.561220711 0.0412343646 0.198178279 2.97718 0.0033923 -0.914265
-0.56108291 0.0376622431 0.198249064 2.97742 0.00423254 -0.908086
-0.560836235 0.0340220109 0.198193633 2.97757 0.00586089 -0.896997
-0.560519756 0.030524228 0.198076501 2.9816 0.00603176 -0.883904
-0.560245465 0.0272071915 0.19798989 2.98893 0.00430533 -0.873634
-0.560146833 0.0239863969 0.197952141 2.99615 0.00150975 -0.871207
-0.560235904 0.0206805144 0.197971496 2.99925 -0.000482714 -0.876022
-0.560397221 0.0171289954 0.198137385 2.99616 -1.37748e-05 -0.882398
-0.560590839 0.013368368 0.198461055 2.98814 0.00257033 -0.888883
-0.560787023 0.00947671105 0.198826043 2.97724 0.00647173 -0.894692
-0.560943122 0.00549208259 0.199251535 2.96478 0.0113346 -0.898402
-0.561031223 0.00147035795 0.199752953 2.95232 0.0166153 -0.899231
-0.561089506 -0.00215397864 0.200078519 2.94886 0.0178316 -0.900986
-0.561227458 -0.00520393774 0.200134419 2.95685 0.0130264 -0.909086
-0.561343477 -0.00806660283 0.200168652 2.96907 0.00624051 -0.917572
-0.561320626 -0.0109460263 0.200199834 2.98266 -0.000373664 -0.920354
-0.561232798 -0.0141492747 0.200102972 2.99013 -0.0035388 -0.918538
-0.561193673 -0.0177235387 0.200071066 2.98905 -0.00273097 -0.916448
-0.561187714 -0.0213478524 0.200156947 2.98648 -0.0014041 -0.915409
-0.561210617 -0.0248977953 0.200298668 2.98511 -0.000879058 -0.91607
-0.561189978 -0.0284772062 0.200395693 2.98369 -2.40336e-05 -0.914693
-0.56108525 -0.032083116 0.200456953 2.98278 0.00114519 -0.909675
-0.560910591 -0.0356820104 0.200475837 2.9829 0.00227122 -0.901811
-0.560698082 -0.0393653323 0.200487337 2.98166 0.00430838 -0.891895
-0.560497373 -0.043148041 0.200579351 2.97807 0.00736574 -0.881992
-0.560363299 -0.0467517072 0.200617349 2.97749 0.0085231 -0.875876
-0.560359469 -0.0500102722 0.200650969 2.98277 0.00607789 -0.877054
-0.560505166 -0.0530076683 0.200793469 2.99181 0.000897059 -0.886003
-0.560766609 -0.0559707499 0.20096254 3.00004 -0.00468842 -0.900198
-0.561024998 -0.0593558196 0.201087188 2.9992 -0.00591501 -0.911744
-0.561192781 -0.0632107183 0.201189222 2.98946 -0.00219039 -0.916539
-0.561227503 -0.06711549 0.201404525 2.98036 0.00210181 -0.915486
-0.5611908 -0.0708113541 0.201591978 2.97665 0.00420287 -0.912744
-0.561152576 -0.07420464 0.201691617 2.97943 0.00308723 -0.911805
-0.561112936 -0.0775308325 0.201695076 2.98367 0.00126431 -0.911188
-0.56106841 -0.0809290306 0.20172202 2.98642 0.000202465 -0.909957
-0.56104379 -0.0844481482 0.201775966 2.98633 0.00041238 -0.908806
-0.561083956 -0.0881418685 0.201919906 2.98166 0.00243852 -0.909317
-0.557865094 -0.08815832 0.199641534 2.97764 0.00248117 -0.920984
-0.558008272 -0.0845361286 0.199624138 2.97837 0.0011126 -0.92772
-0.558059893 -0.0808960025 0.19959922 2.98067 -0.000415086 -0.930766
-0.558046303 -0.0772661157 0.199578211 2.98361 -0.00181959 -0.931037
-0.558014201 -0.0737444687 0.199523837 2.9845 -0.00204389 -0.929812
-0.557960212 -0.0704925669 0.199351663 2.97994 0.000653976 -0.925955
-0.55786819 -0.0673903868 0.199108076 2.97264 0.00497745 -0.919701
-0.557759456 -0.0641111952 0.198881609 2.96933 0.00740356 -0.913844
-0.557691311 -0.0602962585 0.198847762 2.97698 0.00410433 -0.912858
-0.557677094 -0.0561036839 0.198886456 2.99196 -0.00326572 -0.916555
-0.55764997 -0.0521228032 0.198876448 3.00253 -0.00841936 -0.918531
-0.557545058 -0.0485338296 0.198805227 -3.00522467 0.0093788569 0.914504011
-0.557352067 -0.0453555134 0.198709611 3.00141 -0.00593184 -0.904503
-0.557073905 -0.0422696601 0.198442733 2.99608 -0.00149604 -0.890297
-0.556791836 -0.039057055 0.198062751 2.99339 0.00159767 -0.876922
-0.556579338 -0.0357954019 0.19776023 2.99084 0.00413136 -0.866775
-0.55651134 -0.0324705689 0.197514024 2.98787 0.00593151 -0.862988
-0.556521827 -0.0290267056 0.197365642 2.98653 0.00648633 -0.863096
-0.556548834 -0.0254310386 0.19728359 2.98828 0.00551126 -0.864736
-0.556562819 -0.0218245838 0.197199583 2.99041 0.00443802 -0.865927
-0.556508913 -0.0181611649 0.19713014 2.99459 0.00282251 -0.864657
-0.556500922 -0.0144285349 0.197141877 2.99971 0.000487121 -0.865679
-0.556721448 -0.0106664659 0.197202056 3.00269 -0.00220472 -0.876324
-0.557099465 -0.00695353538 0.197318208 3.00258 -0.00443211 -0.893375
-0.557517078 -0.00349907557 0.197565587 2.99632 -0.00402106 -0.910515
-0.557799719 -0.00047907952 0.197740094 2.9824 0.000950332 -0.919354
-0.557857862 0.00239264203 0.197517739 2.96817 0.00759124 -0.918015
-0.557778381 0.00545846915 0.197124922 2.95987 0.0122545 -0.912187
-0.557698569 0.00875185717 0.196815701 2.95644 0.0145032 -0.907738
-0.55764454 0.0123346152 0.196547641 2.95893 0.0136919 -0.905964
-0.557554181 0.016169959 0.196306613 2.96735 0.0102552 -0.904072
-0.557407587 0.0201836143 0.196143902 2.98029 0.00495391 -0.900952
-0.557250041 0.02414297 0.196054825 2.99214 0.000193019 -0.897161
-0.557044252 0.0277988839 0.195906161 2.99806 -0.00138265 -0.88955
-0.556854379 0.0310445489 0.195688634 2.99495 0.00131435 -0.880147
-0.556716339 0.0342002413 0.195494622 2.98922 0.00489857 -0.872442
-0.55665358 0.0374893537 0.195357526 2.98542 0.00706894 -0.868675
-0.556692343 0.0410529724 0.195228092 2.98633 0.00640815 -0.870608
-0.556796129 0.0447151079 0.195141886 2.98857 0.00471708 -0.875806
-0.556897998 0.0482366298 0.195058366 2.98778 0.00444563 -0.88014
-0.556970757 0.0516233814 0.194985794 2.98444 0.00555857 -0.882473
-0.557020657 0.0548508924 0.194831832 2.97793 0.00829853 -0.882987
-0.55712271 0.0580750882 0.194637504 2.97068 0.0110249 -0.88566
-0.557279499 0.0614636419 0.194516923 2.96629 0.0120226 -0.891503
-0.557428143 0.0650333082 0.194428473 2.9659 0.011179 -0.898059
-0.557508544 0.0687756324 0.194359164 2.97011 0.0086046 -0.902747
-0.557611097 0.0726710868 0.194380726 2.9773 0.00440826 -0.909323
-0.554324626 0.072828284 0.192020904 2.97789 0.00264682 -0.919197
-0.554421903 0.0693940245 0.19213891 2.97802 0.00190452 -0.923664
-0.554475246 0.0658168921 0.192318199 2.97567 0.00270508 -0.925422
-0.554534987 0.0620185865 0.192592659 2.96849 0.00586168 -0.926126
-0.554563767 0.0581405108 0.192879863 2.95998 0.0098816 -0.925134
-0.554554244 0.0544001392 0.193143009 2.95494 0.012458 -0.92333
-0.554485353 0.0509253627 0.193331283 2.9564 0.0122484 -0.9206
-0.554417614 0.0476079193 0.193436109 2.96122 0.010367 -0.918846
-0.554356104 0.0443137554 0.193526639 2.96647 0.00822203 -0.917436
-0.554279123 0.0408137574 0.193613955 2.96748 0.00827926 -0.914224
-0.554178356 0.0371371546 0.193675247 2.96498 0.0102236 -0.909043
-0.554169044 0.0335069663 0.193812648 2.96229 0.0115948 -0.907924
-0.554253189 0.0301513147 0.193999674 2.96432 0.0100147 -0.91221
-0.554375135 0.0270523372 0.194152857 2.97134 0.00570685 -0.919666
-0.554424421 0.0239962963 0.194213628 2.9802 0.000943034 -0.924399
-0.554338655 0.0207904999 0.194142246 2.9876 -0.00220615 -0.922637
-0.554168014 0.0173446853 0.194057465 2.99097 -0.00275063 -0.915847
-0.553979936 0.0135997545 0.194061322 2.98817 -7.60025e-05 -0.906449
-0.553802453 0.00965140674 0.194190411 2.98082 0.00473397 -0.896361
-0.553734092 0.00580279323 0.194384222 2.97417 0.00839699 -0.891519
-0.553848906 0.00217978043 0.194695005 2.97006 0.00957013 -0.89556
-0.554068638 -0.00128875291 0.19506349 2.96792 0.00907872 -0.904863
-0.554267178 -0.00470587685 0.195377118 2.96713 0.00806457 -0.913594
-0.554311034 -0.00817647595 0.195543954 2.96719 0.0077221 -0.915589
-0.55411981 -0.0116814882 0.195481566 2.96957 0.00791494 -0.907606
-0.553776436 -0.015198008 0.195272493 2.97361 0.00833409 -0.893266
-0.553457642 -0.0184389238 0.195179129 2.98319 0.00584721 -0.881569
-0.553255515 -0.0217258732 0.195123246 2.99027 0.00377162 -0.874475
-0.553158425 -0.0251935138 0.195099586 2.99216 0.00348805 -0.870635
-0.553074958 -0.0288394808 0.195178447 2.99002 0.00500753 -0.866354
-0.552962903 -0.0326136121 0.195316998 2.98543 0.00782964 -0.860223
-0.552856615 -0.0362755457 0.19545269 2.98318 0.0095171 -0.855004
-0.552815642 -0.0398054001 0.195600537 2.98302 0.0098434 -0.853161
-0.552833999 -0.0433087268 0.195831025 2.98272 0.00986283 -0.853924
-0.552912132 -0.0466367276 0.196011435 2.98554 0.00811126 -0.858015
-0.552994232 -0.0496753934 0.195990093 2.99455 0.00348401 -0.863993
-0.552995577 -0.052588999 0.195913236 3.00718 -0.00241997 -0.867496
-0.552898286 -0.0556228574 0.195786922 3.01835 -0.00715042 -0.866347
-0.552765649 -0.0591407092 0.195679939 3.01954 -0.00696967 -0.860768
-0.552708923 -0.0630060603 0.195676724 3.01236 -0.00329545 -0.856186
-0.552839747 -0.0668418274 0.195827953 3.00357 4.32072e-06 -0.859566
-0.553102589 -0.0704724294 0.196090792 2.99759 0.00120815 -0.869636
-0.553375975 -0.0738907669 0.196392219 2.99602 0.000291634 -0.881386
-0.553609803 -0.0772043991 0.196555179 2.99711 -0.00167937 -0.89225
-0.553878317 -0.0805135174 0.196650564 2.99781 -0.00370826 -0.904629
-0.554156377 -0.0839311508 0.196836285 2.996 -0.00460987 -0.916795
-0.554414196 -0.0874997354 0.197091909 2.99117 -0.00391747 -0.927201
-0.550986432 -0.0875702977 0.194734673 2.98871 -0.0031655 -0.929814
-0.551082065 -0.0839578016 0.19469795 2.98983 -0.00439862 -0.934576
-0.551154512 -0.0802131116 0.19479915 2.99405 -0.00707136 -0.939242
-0.551151735 -0.0765910385 0.194920096 2.99666 -0.00841099 -0.939955
-0.551080434 -0.073110551 0.194862333 2.99721 -0.00819896 -0.936774
-0.5509183 -0.0696790212 0.1946642 2.9979 -0.00745243 -0.929489
-0.550636395 -0.0662992078 0.194437439 2.99904 -0.00613519 -0.916813
-0.550238644 -0.0629900163 0.19413735 3.00006 -0.00403374 -0.898945
-0.549795426 -0.0593882755 0.193803633 3.00775 -0.00506127 -0.881114
-0.549462108 -0.0555616668 0.193595367 3.01878 -0.00844844 -0.869323
-0.549399125 -0.0519556338 0.193630863 -3.01747666 0.00951832246 0.866154003
-0.549554033 -0.0484705159 0.19379548 -3.01595747 0.00935257238 0.87266425
-0.549734107 -0.0451441201 0.193913832 3.01372 -0.00759025 -0.880103
-0.54986506 -0.04191533 0.193844731 3.00631 -0.004818 -0.883832
-0.54990921 -0.0386265564 0.193663022 3.00124 -0.00265048 -0.884355
-0.549899162 -0.0354452309 0.193508444 2.99452 0.00062754 -0.882018
-0.54987876 -0.0323067408 0.193328229 2.98698 0.00433101 -0.879066
-0.54987786 -0.0289549535 0.193133419 2.98379 0.00584083 -0.878182
-0.549868166 -0.0253224388 0.193000337 2.98677 0.00449804 -0.878547
-0.549847095 -0.021528512 0.192928271 2.99337 0.0015079 -0.879372
-0.549808476 -0.0179146675 0.192761903 2.99629 0.00035557 -0.878469
-0.549764221 -0.0146955739 0.192596799 2.99079 0.00324361 -0.874958
-0.549747148 -0.0115624165 0.192519831 2.98307 0.00696803 -0.872159
-0.549907688 -0.0082941269 0.192584375 2.97607 0.00917779 -0.877479
-0.550108756 -0.00476888631 0.192510704 2.97412 0.00876944 -0.885889
-0.550228119 -0.0011092489 0.192331436 2.97607 0.00704975 -0.891729
-0.550296083 0.00244035792 0.192224301 2.97628 0.00649256 -0.894831
-0.550288003 0.00581046438 0.192068383 2.97358 0.00784423 -0.893751
-0.550167367 0.00909569253 0.191808904 2.97046 0.0101588 -0.887562
-0.550084762 0.0124669466 0.19154831 2.9687 0.0115463 -0.883472
-0.550175452 0.0161123808 0.191421949 2.97072 0.00999145 -0.887991
-0.550449645 0.0198467767 0.19148161 2.97231 0.00739192 -0.900667
-0.550839628 0.0236437953 0.191675149 2.97364 0.00407127 -0.918682
-0.5512436 0.0274149128 0.191907898 2.97408 0.00100334 -0.937268
-0.551579458 0.0309723624 0.192078222 2.97073 0.000238341 -0.951827
-0.551808523 0.034310724 0.192110505 2.96411 0.00191554 -0.960537
-0.551901836 0.0376408006 0.191999568 2.95919 0.00375377 -0.96344
-0.551880762 0.0411087239 0.19186606 2.9588 0.00412634 -0.962362
-0.551843775 0.0446912715 0.191728291 2.96108 0.00322544 -0.961279
-0.551819422 0.0482028239 0.19159901 2.96167 0.00311069 -0.960311
-0.551815823 0.0515088695 0.191420323 2.95759 0.0052684 -0.95897
-0.551815522 0.0546707866 0.191190805 2.95038 0.00901365 -0.956909
-0.551775373 0.0578917479 0.190950649 2.94497 0.0121328 -0.953558
-0.551715771 0.06128175 0.190675739 2.94344 0.013399 -0.950409
-0.551709137 0.0648887485 0.190449949 2.94582 0.0122333 -0.950775
-0.551749747 0.0685718609 0.190269994 2.94919 0.0101883 -0.953531
-0.551837691 0.0722367883 0.190230521 2.95148 0.00830278 -0.958261
-0.548384751 0.0722983182 0.187669184 2.95214 0.00758672 -0.960608
-0.548383303 0.0688419945 0.18778194 2.95309 0.00710066 -0.960818
-0.548340378 0.0652627113 0.187987116 2.952 0.00801609 -0.958519
-0.548293176 0.0616084031 0.188201922 2.94937 0.00976138 -0.955581
-0.548295702 0.0579432989 0.188434296 2.94579 0.0115804 -0.954743
-0.548367183 0.0542544606 0.188711327 2.94074 0.013584 -0.956653
-0.548482832 0.0507717148 0.189034859 2.93947 0.0132796 -0.961658
-0.548622259 0.0474995217 0.189283589 2.94237 0.0106305 -0.968895
-0.548746726 0.0442103819 0.189447172 2.94509 0.00816923 -0.97544
-0.54886872 0.040857064 0.189613159 2.94645 0.00642559 -0.981541
-0.549028406 0.0374463355 0.18981946 2.94601 0.00530699 -0.988952
-0.549228604 0.0339766986 0.190138008 2.9437 0.00482738 -0.997733
-0.549386315 0.0305877245 0.190414121 2.94368 0.00344757 -1.00527
-0.549446808 0.0272648561 0.190530407 2.9465 0.00134948 -1.00904
-0.549394387 0.0237638325 0.190541404 2.94728 0.00138898 -1.00673
-0.549223607 0.0200833396 0.190561473 2.94602 0.00360059 -0.998222
-0.548928888 0.0163521755 0.190542841 2.94548 0.00647654 -0.984087
-0.548565352 0.0125581853 0.190503946 2.94446 0.010133 -0.966824
-0.548294307 0.00899594326 0.190561336 2.94696 0.0110673 -0.954966
-0.548148015 0.00560174073 0.190647379 2.95126 0.0100195 -0.949415
-0.548077883 0.00219717133 0.190735136 2.95427 0.00902649 -0.947028
-0.548018802 -0.00113988166 0.19082267 2.95857 0.00728274 -0.945504
-0.547995198 -0.00468170691 0.191002505 2.95799 0.00775771 -0.944287
-0.5479946 -0.00842986262 0.191219412 2.95268 0.0104629 -0.942799
-0.548013517 -0.012095752 0.191426315 2.94886 0.0122502 -0.942625
-0.548092693 -0.0155172693 0.191605415 2.94946 0.0113264 -0.946401
-0.548129422 -0.0186986723 0.191728899 2.95578 0.00781016 -0.94982
-0.548095847 -0.0218455395 0.191803182 2.96378 0.00393889 -0.950547
-0.547974552 -0.0252024458 0.191766527 2.96849 0.0024223 -0.946309
-0.547862729 -0.0288448107 0.191785444 2.96698 0.00404629 -0.94071
-0.547803981 -0.0326268656 0.191947391 2.96175 0.00715856 -0.936528
-0.547766857 -0.0362383436 0.192121042 2.95986 0.00839119 -0.934321
-0.547718364 -0.0396583887 0.192214579 2.96222 0.0075601 -0.932782
-0.547691833 -0.0430443697 0.192306901 2.96503 0.00635009 -0.932312
-0.547703723 -0.0463907779 0.192430043 2.96815 0.00468098 -0.933759
-0.547658947 -0.0498009162 0.192488838 2.97067 0.00373249 -0.932431
-0.547518463 -0.0532288223 0.192408018 2.97409 0.00302263 -0.926944
-0.547296397 -0.0564294469 0.192221848 2.98341 -0.000127292 -0.919462
-0.547048439 -0.0596963291 0.192023231 2.99159 -0.00256262 -0.910558
-0.546913352 -0.0630952505 0.191959618 2.99548 -0.00361095 -0.90553
-0.546889535 -0.0664376346 0.191976839 2.99915 -0.00527269 -0.905522
-0.546892854 -0.0698428568 0.191991913 3.00112 -0.0062743 -0.906289
-0.546915264 -0.0732131799 0.192009509 3.0036 -0.00764626 -0.908041
-0.546997723 -0.0765047091 0.192029267 -3.00522793 0.00985206896 0.912356126
-0.54704911 -0.0798249175 0.191996865 -3.0007274 0.0117323764 0.913389991
-0.547098551 -0.0833683731 0.192000745 -3.00102282 0.0112696957 0.915750059
-0.547129952 -0.0871585797 0.192113943 3.00201 -0.00818032 -0.917419
-0.543454275 -0.0874487891 0.189650379 2.9981 -0.00505483 -0.908185
-0.543325413 -0.0838521539 0.189476943 3.0018 -0.00606899 -0.903407
-0.543267039 -0.0801657683 0.189379948 3.00651 -0.00803446 -0.902154
-0.543294937 -0.0764801186 0.189438618 -3.0072381 0.00998569369 0.903662006
-0.543336609 -0.0728844907 0.189558051 -3.00466514 0.0109771279 0.904819638
-0.543355805 -0.0694248851 0.189620825 -3.00529315 0.0105489882 0.905867517
-0.543446926 -0.0659637461 0.189690514 -3.004969 0.0101372207 0.909950702
-0.543631176 -0.0624785244 0.189730061 -3.00294442 0.00995800802 0.917780034
-0.54381836 -0.0589544332 0.189830016 -3.00001465 0.0101926654 0.92553225
-0.544020422 -0.0555050846 0.189976892 -2.99844945 0.00963493134 0.934425813
-0.544216504 -0.0522463303 0.190085366 2.99246 -0.00700976 -0.941622
-0.544399039 -0.0489997798 0.190106063 2.98462 -0.00425374 -0.947715
-0.544627689 -0.0455855638 0.190165327 2.97968 -0.00335255 -0.956848
-0.544801716 -0.0421379478 0.190224834 2.97616 -0.00280508 -0.963911
-0.544899832 -0.0387784005 0.190225417 2.97181 -0.00125856 -0.967196
-0.544953307 -0.0355375088 0.19014135 2.96558 0.00162982 -0.967787
-0.544948427 -0.0322927349 0.18994636 2.96023 0.00449773 -0.965979
-0.544896676 -0.028892558 0.189702427 2.95885 0.00564471 -0.963117
-0.544910814 -0.0253703302 0.189600284 2.95912 0.00538968 -0.96387
-0.545030768 -0.0217383406 0.189603244 2.96023 0.00384981 -0.969809
-0.545231414 -0.0181218266 0.189658435 2.95984 0.00244993 -0.979115
-0.545393535 -0.0147015661 0.189605368 2.95581 0.00327613 -0.985555
-0.54548859 -0.0114202122 0.189485649 2.9498 0.0057135 -0.988233
-0.54549272 -0.00818823467 0.189262029 2.94405 0.00877213 -0.986751
-0.545456215 -0.00470108565 0.189059371 2.94432 0.00894494 -0.98508
-0.545456119 -0.00107820761 0.188937228 2.94693 0.00754443 -0.985839
-0.545484787 0.00248437243 0.18884896 2.94783 0.0068106 -0.987485
-0.545489007 0.0060658172 0.188692557 2.9495 0.00587991 -0.988161
-0.545485186 0.0094836947 0.188510294 2.94781 0.00682042 -0.987496
-0.545457567 0.0126564244 0.188272805 2.94126 0.0105769 -0.984297
-0.545453042 0.015828956 0.188014743 2.93435 0.0142932 -0.982122
-0.545496275 0.0191953537 0.187811385 2.93086 0.0157587 -0.983179
-0.545579302 0.0227861694 0.187671569 2.93158 0.0146467 -0.987269
-0.545677816 0.0265256508 0.187635581 2.93524 0.011829 -0.992902
-0.54577723 0.0301415017 0.187622164 2.93622 0.0104212 -0.997894
-0.545901741 0.0337615056 0.18755442 2.93691 0.00894048 -1.00398
-0.54603632 0.0374376706 0.187524625 2.9386 0.00680572 -1.01092
-0.546135172 0.0410861241 0.187483708 2.94022 0.00500214 -1.01618
-0.546185353 0.0447133384 0.187419928 2.94214 0.00347659 -1.01916
-0.546169048 0.0483300481 0.187329249 2.94484 0.00210199 -1.01922
-0.546075281 0.0517649122 0.187181186 2.94489 0.00292371 -1.01475
-0.545893435 0.0550568444 0.186875954 2.94327 0.00547907 -1.00549
-0.545680682 0.0583361233 0.186482292 2.94177 0.0082002 -0.994957
-0.545532919 0.0616482183 0.186146247 2.93997 0.0104836 -0.98743
-0.545454133 0.0650819515 0.185852725 2.93971 0.0113054 -0.983665
-0.545421474 0.068622847 0.185619753 2.94106 0.0108663 -0.98251
-0.545386356 0.0721966055 0.185466236 2.94314 0.0100569 -0.981462
-0.541989154 0.0723423233 0.182866036 2.94474 0.00832963 -0.986757
-0.542117385 0.0688613281 0.183115669 2.94326 0.00802184 -0.992377
-0.542197126 0.0651896329 0.183329373 2.93844 0.00992541 -0.994723
-0.54221737 0.0614750151 0.183571784 2.93357 0.0123715 -0.994306
-0.542250467 0.0579348597 0.183850766 2.93222 0.0127984 -0.995488
-0.54234437 0.0545477838 0.184149532 2.93322 0.0114228 -1.00021
-0.542471898 0.0512620994 0.184371043 2.93586 0.00884555 -1.007
-0.542604362 0.0480330635 0.184500711 2.93957 0.00559878 -1.01448
-0.542728113 0.0447620322 0.184646744 2.9425 0.00284229 -1.02134
-0.542840092 0.0413476681 0.184850694 2.94257 0.00177367 -1.02679
-0.542867172 0.0378049876 0.184976111 2.94126 0.00226535 -1.02768
-0.542771077 0.0341526914 0.185029903 2.93955 0.00413874 -1.02249
-0.542639765 0.0306185207 0.185068948 2.94084 0.00462049 -1.01657
-0.542553308 0.0272025139 0.185112021 2.94392 0.00367312 -1.01337
-0.542552232 0.023640005 0.18526167 2.94262 0.00441291 -1.01292
-0.542608172 0.0198584011 0.185559962 2.93584 0.00767106 -1.01351
-0.542678987 0.0160326785 0.185869031 2.92787 0.011417 -1.01452
-0.542781797 0.0123572848 0.186179017 2.92257 0.0133714 -1.01789
-0.542874882 0.00893566274 0.186485627 2.92279 0.0123636 -1.02241
-0.542953607 0.00564330977 0.186743028 2.92596 0.00984414 -1.02712
-0.543022628 0.00225293106 0.186914511 2.92718 0.00848866 -1.03086
-0.54303144 -0.00121013153 0.187045426 2.92782 0.00804522 -1.03148
-0.542961884 -0.00471991822 0.18712867 2.9287 0.00821468 -1.02839
-0.542944491 -0.00828183063 0.187318697 2.92768 0.00896525 -1.0272
-0.542993423 -0.0118246048 0.187610133 2.92601 0.00943388 -1.02907
-0.542994476 -0.015301147 0.187821655 2.92649 0.00915235 -1.02926
-0.542909398 -0.0187136852 0.187917749 2.92966 0.00817205 -1.02611
-0.542732033 -0.0221838692 0.187893408 2.93302 0.00794876 -1.01862
-0.542540016 -0.0256837417 0.187864522 2.93596 0.008093 -1.01028
-0.542385071 -0.0291840597 0.187881126 2.93829 0.00820676 -1.00359
-0.542310436 -0.0326778397 0.187967033 2.93953 0.00819283 -1.00044
-0.542371123 -0.0361321968 0.188151947 2.93959 0.00761664 -1.00334
-0.542513549 -0.039460042 0.188355834 2.94109 0.00552867 -1.01057
-0.542679721 -0.0427858181 0.188563462 2.94222 0.00339629 -1.01894
-0.542830322 -0.0462744598 0.188751563 2.94015 0.00318182 -1.02555
-0.542938772 -0.0498537414 0.188939512 2.9368 0.00406153 -1.02977
-0.543029041 -0.0533407839 0.189135394 2.93567 0.00385834 -1.03378
-0.543058141 -0.0567192403 0.189269334 2.93775 0.00238195 -1.03589
-0.542994076 -0.0600731594 0.189289414 2.94181 0.000653758 -1.03405
-0.542829292 -0.0635232322 0.189234176 2.94541 0.000115868 -1.02719
-0.542572584 -0.0670276459 0.189124383 2.94925 0.000275494 -1.01597
-0.542290902 -0.070386328 0.188916571 2.95645 -0.00130162 -1.00469
-0.542054601 -0.0735794669 0.188680546 2.96636 -0.00485677 -0.996568
-0.541870405 -0.0768815142 0.188456671 2.97318 -0.0071467 -0.989991
-0.541676201 -0.0803353335 0.188283579 2.97695 -0.00766901 -0.981925
-0.541389464 -0.0838740419 0.188155226 2.9802 -0.00719946 -0.969365
-0.541054082 -0.0876468581 0.188040983 2.97912 -0.00404489 -0.953239
-0.537638359 -0.0879399579 0.185603958 2.97176 -0.000824713 -0.954886
-0.537781558 -0.0845454301 0.185576222 2.96753 0.00028365 -0.960308
-0.537967122 -0.0809504779 0.185648464 2.96693 -0.000842719 -0.968842
-0.538110375 -0.0771773721 0.185772296 2.97067 -0.00396076 -0.976746
-0.53824219 -0.0734486426 0.185867455 2.97358 -0.00658111 -0.983983
-0.538365947 -0.0699362073 0.185928095 2.97206 -0.00673776 -0.989386
-0.538449118 -0.0666869566 0.185956631 2.96559 -0.00386757 -0.991272
-0.53859136 -0.0634255048 0.186007583 2.9585 -0.00116737 -0.995781
-0.538839715 -0.0600075218 0.18606304 2.95309 -0.000316998 -1.00597
-0.539116064 -0.0565456237 0.186061881 2.94812 1.86603e-05 -1.0177
-0.539392086 -0.0531547823 0.186119945 2.94159 0.00118011 -1.02899
-0.539649279 -0.0497376667 0.186194713 2.93583 0.00203971 -1.03969
-0.539831703 -0.0461958332 0.186254872 2.93381 0.00144286 -1.04798
-0.539933719 -0.0424873683 0.186233742 2.93651 -0.00113856 -1.05392
-0.539962209 -0.0388288348 0.186187334 2.93933 -0.00309414 -1.05632
-0.539930118 -0.0352877947 0.186126622 2.9407 -0.00359271 -1.05518
-0.539823169 -0.0318178142 0.186004822 2.9418 -0.00319075 -1.05022
-0.539680263 -0.0284292289 0.185784146 2.94175 -0.00177479 -1.04317
-0.53954096 -0.0250810469 0.185491149 2.94078 0.000121473 -1.03602
-0.539423621 -0.0217732772 0.185238608 2.9386 0.00249831 -1.02958
-0.539410291 -0.0184780134 0.185084906 2.93452 0.00495114 -1.02763
-0.539481232 -0.0151242366 0.18493084 2.93033 0.00663932 -1.0298
-0.539569082 -0.0116834891 0.184801571 2.92771 0.00728291 -1.03324
-0.539636948 -0.0081692208 0.184691141 2.92694 0.00706036 -1.0363
-0.539683015 -0.00472949212 0.18454774 2.92495 0.00774999 -1.03791
-0.539758302 -0.00132464294 0.18438864 2.92175 0.00883108 -1.0406
-0.539848987 0.00226522766 0.18431402 2.9222 0.00767689 -1.04513
-0.539934145 0.00590390249 0.184265088 2.92374 0.0059413 -1.04978
-0.540026769 0.00938045146 0.184141961 2.92175 0.00616281 -1.05371
-0.54005605 0.0126921136 0.183931724 2.91732 0.00843201 -1.05379
-0.540025006 0.0159674449 0.183730275 2.91311 0.011195 -1.05097
-0.539958867 0.0194093483 0.183483683 2.91296 0.0119642 -1.04769
-0.539854372 0.02316184 0.18314405 2.91995 0.00898964 -1.04472
-0.53973782 0.0269019879 0.182866223 2.92684 0.00616367 -1.04119
-0.539634316 0.0303923394 0.182648077 2.92829 0.00635175 -1.03656
-0.539565225 0.0337131197 0.182453223 2.92561 0.00855363 -1.03239
-0.539557088 0.0371528924 0.182318266 2.92447 0.00928113 -1.03165
-0.539608093 0.0408080914 0.182214549 2.92692 0.00738858 -1.03491
-0.539691437 0.0445890108 0.18213794 2.93151 0.00396804 -1.04037
-0.539784792 0.0482864244 0.182142059 2.93415 0.00153352 -1.0458
-0.53988563 0.0518596188 0.182180908 2.93406 0.000597884 -1.05075
-0.539990495 0.0553190044 0.182121677 2.93153 0.00104229 -1.05509
-0.540082506 0.0586789971 0.181982468 2.92712 0.00270989 -1.05821
-0.540122495 0.0619048909 0.181823506 2.92076 0.00603994 -1.05811
-0.540114853 0.0652225259 0.181667956 2.91707 0.00827819 -1.05657
-0.540107552 0.0687864643 0.181522522 2.91853 0.00750374 -1.05666
-0.540088487 0.0724893901 0.181322742 2.92308 0.00503236 -1.05717
-0.536662924 0.0726581214 0.178445897 2.92538 0.00291899 -1.06161
-0.536726156 0.0691500133 0.178675068 2.92418 0.00298396 -1.06434
-0.536788305 0.0654823231 0.178896694 2.91967 0.00501063 -1.06595
-0.536886216 0.0618428441 0.179140572 2.91513 0.00666173 -1.06938
-0.537013226 0.0583342374 0.179424928 2.91283 0.0066741 -1.07497
-0.537134921 0.0548684205 0.179695558 2.9115 0.00616264 -1.08061
-0.53720877 0.0514598595 0.179870604 2.91216 0.00496745 -1.0845
-0.537235441 0.048126262 0.179971646 2.91516 0.00285481 -1.08683
-0.537190599 0.0447539971 0.180049316 2.91856 0.0012635 -1.08572
-0.537103569 0.0412332907 0.180103541 2.9196 0.00157223 -1.08169
-0.537027399 0.0375359937 0.18017694 2.91679 0.00409477 -1.07693
-0.536970887 0.0338280558 0.180306844 2.9134 0.00673377 -1.07304
-0.536919753 0.0303192896 0.180462679 2.91407 0.00687877 -1.07071
-0.536845399 0.026994502 0.180558228 2.91896 0.00475107 -1.06857
-0.536735129 0.0236445071 0.180625671 2.9239 0.00295502 -1.06469
-0.536628292 0.0200065961 0.180760279 2.92277 0.00472166 -1.05905
-0.536583101 0.0163155772 0.180898939 2.91951 0.00710244 -1.0558
-0.536632696 0.0127551761 0.181083702 2.91745 0.00779733 -1.05756
-0.536732929 0.00929510229 0.181387529 2.91664 0.00723677 -1.06226
-0.536785695 0.00586193203 0.181639456 2.91717 0.00637423 -1.06503
-0.536756359 0.00235010441 0.181743842 2.9174 0.00654148 -1.06367
-0.536701808 -0.00128576562 0.181857347 2.91545 0.0082574 -1.06038
-0.536673576 -0.00480356425 0.182087351 2.91555 0.0084981 -1.05899
-0.536656653 -0.00826714551 0.182249466 2.91659 0.00806773 -1.05848
-0.536649174 -0.0117955087 0.182373971 2.91612 0.00841748 -1.05796
-0.536660632 -0.0154238813 0.182568788 2.91323 0.00997816 -1.05766
-0.536664526 -0.0190716166 0.18281244 2.91007 0.0117775 -1.05687
-0.536691427 -0.0225635685 0.183001959 2.9098 0.0116543 -1.0581
-0.536766285 -0.0259096155 0.18319067 2.9118 0.00970895 -1.0624
-0.536870862 -0.029225962 0.183443538 2.91392 0.00736729 -1.06822
-0.536967589 -0.0325200443 0.18362053 2.91661 0.00475876 -1.07388
-0.53704568 -0.0357753676 0.183669096 2.92037 0.00166341 -1.07907
-0.537100958 -0.039025187 0.183750823 2.92462 -0.00150166 -1.08328
-0.53713221 -0.0423087654 0.18386836 2.92856 -0.00424303 -1.08621
-0.537149171 -0.0458187104 0.183981916 2.92807 -0.00412314 -1.0869
-0.537141187 -0.049492219 0.184036707 2.92462 -0.0019256 -1.08533
-0.537095632 -0.0532251861 0.184134267 2.92059 0.00103905 -1.08162
-0.536971905 -0.0568433004 0.184270155 2.92021 0.0025906 -1.0753
-0.536767949 -0.0605177555 0.184391874 2.91997 0.0049013 -1.06505
-0.536544523 -0.0642319045 0.184397255 2.91915 0.00771191 -1.05377
-0.5363645 -0.0677067969 0.184289891 2.92258 0.00753888 -1.04602
-0.53627098 -0.0708983885 0.184245495 2.93053 0.00384933 -1.04394
-0.536208966 -0.074067766 0.18431996 2.93841 -0.000139846 -1.04346
-0.536089795 -0.0773043115 0.184306938 2.94577 -0.00330392 -1.04004
-0.535935981 -0.080790691 0.184141665 2.94846 -0.00342671 -1.03338
-0.535789135 -0.0845105912 0.184075983 2.94615 -0.000726632 -1.02545
-0.535680614 -0.0881811947 0.184181315 2.94424 0.00135896 -1.0196
-0.532151806 -0.0882493325 0.181502976 2.94326 0.00217745 -1.01787
-0.532108277 -0.0848760676 0.181245881 2.94126 0.00370138 -1.01515
-0.532109804 -0.0813697402 0.181157599 2.94136 0.00362591 -1.01529
-0.532251632 -0.0777143583 0.181232831 2.94246 0.00172643 -1.02246
-0.53245577 -0.0739738316 0.181247529 2.94433 -0.00121773 -1.03301
-0.532649282 -0.070258879 0.181280673 2.94578 -0.00385174 -1.04298
-0.532776149 -0.0668468169 0.181355002 2.94194 -0.00282522 -1.04796
-0.532808833 -0.0636702515 0.181316602 2.93469 0.00109812 -1.04717
-0.532789902 -0.0604594868 0.181126076 2.92895 0.00461832 -1.0444
-0.53284541 -0.0572118089 0.18087285 2.92278 0.00762841 -1.04516
-0.53296137 -0.0538973825 0.18070837 2.91701 0.00977562 -1.04907
-0.533104848 -0.0504422691 0.180642477 2.91375 0.0101915 -1.05506
-0.533246574 -0.0467680052 0.180645137 2.91508 0.00795258 -1.06246
-0.533397451 -0.042947796 0.180645736 2.91928 0.00391465 -1.07126
-0.533571329 -0.0392348625 0.180692211 2.9208 0.00117587 -1.08046
-0.53377947 -0.0356167627 0.180826102 2.91971 -0.00040481 -1.09064
-0.533974015 -0.032039334 0.180956732 2.91798 -0.00146114 -1.09992
-0.534099798 -0.0284723094 0.180972899 2.91717 -0.0023682 -1.1061
-0.53417164 -0.0249377347 0.180919783 2.91663 -0.00283815 -1.10959
-0.534178766 -0.0215476458 0.180820348 2.91425 -0.00142372 -1.10912
-0.534107248 -0.0182742584 0.180624892 2.91084 0.00153294 -1.10428
-0.5339604 -0.0149185126 0.180317418 2.91041 0.00347046 -1.09666
-0.533743604 -0.0114516159 0.179986045 2.91345 0.00403092 -1.08668
-0.533523047 -0.00796081371 0.179656072 2.91697 0.00428085 -1.0768
-0.533342747 -0.00453590353 0.179317433 2.91841 0.00533513 -1.06828
-0.533199769 -0.00122566203 0.178968466 2.91681 0.00779157 -1.06068
-0.533115629 0.00217149847 0.178738344 2.91602 0.00912275 -1.05633
-0.533088434 0.00569319942 0.178576098 2.91693 0.0088805 -1.05524
-0.533051085 0.0092885822 0.178343427 2.91953 0.00774432 -1.05423
-0.532954354 0.0128735666 0.178075763 2.92287 0.00677566 -1.05054
-0.532810595 0.016302003 0.17782731 2.92368 0.00775002 -1.04375
-0.532672181 0.0197188217 0.17758196 2.92413 0.00886263 -1.03716
-0.532608269 0.0232942745 0.177334419 2.92672 0.00800529 -1.03487
-0.532692681 0.0268333698 0.177217087 2.92622 0.00747698 -1.03878
-0.532837871 0.0302511071 0.177133852 2.92218 0.00835192 -1.04461
-0.532986252 0.0335989607 0.17702682 2.9166 0.0100645 -1.05013
-0.533099778 0.0370582508 0.176907222 2.91389 0.0104593 -1.05489
-0.533177122 0.0406578987 0.176810382 2.91472 0.00918131 -1.05894
-0.533252503 0.0442760391 0.176722694 2.91597 0.00767371 -1.06301
-0.533363966 0.0478703782 0.176661748 2.9161 0.00643349 -1.06857
-0.533485367 0.0514323409 0.176688563 2.91536 0.00558603 -1.07441
-0.533571361 0.0549830194 0.176675352 2.91499 0.00489258 -1.07854
-0.533616025 0.0584900004 0.176555535 2.91437 0.00477989 -1.08061
-0.533639885 0.0619423559 0.176376097 2.91299 0.00536077 -1.08132
-0.533614604 0.0653547653 0.176178062 2.91158 0.00647447 -1.07964
-0.533572369 0.0689253172 0.175988892 2.91376 0.00562178 -1.07823
-0.533568086 0.0725682024 0.175831598 2.91681 0.00383526 -1.07899
-0.529968233 0.0725715543 0.172843702 2.91854 0.00385441 -1.07459
-0.529821567 0.0690571873 0.172837672 2.92069 0.00412736 -1.06794
-0.529682748 0.0655009872 0.172867074 2.9218 0.00490968 -1.06142
-0.529570892 0.0619331876 0.172989131 2.92221 0.00581796 -1.05603
-0.529485504 0.0584536472 0.17312003 2.92402 0.00562595 -1.0524
-0.529398568 0.055001971 0.173235779 2.92643 0.0050924 -1.0489
-0.529328226 0.0514966033 0.173274716 2.92744 0.00520248 -1.04578
-0.52927666 0.0479683058 0.173309958 2.92767 0.0055796 -1.04333
-0.529232688 0.0444869982 0.173416141 2.92876 0.00538405 -1.04153
-0.529206061 0.0410389537 0.173556653 2.93027 0.00477148 -1.04071
-0.529240294 0.0374508616 0.173731859 2.92788 0.00581358 -1.04163
-0.529273053 0.0337044077 0.174001672 2.92218 0.00875398 -1.04147
-0.529246373 0.0300526721 0.174284354 2.91941 0.0106017 -1.03934
-0.52914672 0.026462772 0.174434191 2.9191 0.0117702 -1.03441
-0.52894923 0.0229164047 0.174473494 2.92122 0.012511 -1.02553
-0.528717355 0.0194028886 0.174505454 2.92452 0.0128884 -1.0154
-0.528600683 0.015980741 0.17454863 2.92796 0.0120861 -1.01082
-0.528486344 0.0126690633 0.174610934 2.93368 0.00997668 -1.00706
-0.528354662 0.00932045033 0.174674077 2.93886 0.00830913 -1.00234
-0.52829266 0.00584196935 0.174770806 2.94024 0.00810351 -0.999813
-0.528293739 0.00218930297 0.174934711 2.93699 0.00986712 -0.998903
-0.528295868 -0.00146382477 0.175132219 2.93371 0.0116298 -0.998044
-0.528298659 -0.00495030372 0.175359554 2.93396 0.0114735 -0.998234
-0.528349599 -0.00830700873 0.175534184 2.93624 0.00978077 -1.00131
-0.528507601 -0.0115658239 0.17573005 2.93896 0.0068745 -1.00967
-0.528794912 -0.0149154027 0.176028009 2.93775 0.00494361 -1.02309
-0.529160913 -0.0183998397 0.17643226 2.93236 0.00454177 -1.03919
-0.529516923 -0.0218576181 0.176799878 2.92756 0.00382365 -1.05511
-0.529775748 -0.0252418496 0.177115484 2.92575 0.00227365 -1.06735
-0.529953334 -0.0285903004 0.177369174 2.92595 0.000314498 -1.07632
-0.53009318 -0.032009193 0.177558795 2.92529 -0.000755669 -1.08313
-0.530177091 -0.0355523491 0.177696962 2.92298 -0.000244492 -1.08659
-0.530189946 -0.0390363883 0.177773414 2.9231 -0.000451796 -1.08726
-0.530141948 -0.0424539436 0.177777246 2.9256 -0.00148166 -1.08572
-0.530084015 -0.0459869461 0.177823404 2.9259 -0.00104228 -1.08288
-0.530018791 -0.0497603553 0.177970086 2.92135 0.00243203 -1.07803
-0.529933723 -0.0536357864 0.178191046 2.91497 0.00717577 -1.07169
-0.529830105 -0.0574552204 0.178365235 2.91001 0.0112262 -1.06501
-0.529772238 -0.0610259198 0.178535825 2.90947 0.0121444 -1.06203
-0.529847149 -0.064414094 0.178785809 2.91059 0.0107127 -1.06603
-0.530001838 -0.0676869997 0.179051615 2.91277 0.00779166 -1.07438
-0.530114784 -0.0708949395 0.179193216 2.91694 0.00408828 -1.08142
-0.530107425 -0.0742639336 0.179268609 2.91978 0.00244654 -1.08199
-0.52997153 -0.0778658024 0.179241782 2.91995 0.0038036 -1.07522
-0.529771894 -0.0815022125 0.1792013 2.92042 0.00563148 -1.06544
-0.52960136 -0.0850627042 0.179237623 2.92195 0.00649453 -1.05749
-0.529454137 -0.0885623519 0.1793824 2.92434 0.00658926 -1.05101
-0.525847409 -0.0885829793 0.17648088 2.92563 0.00691537 -1.04616
-0.525758113 -0.0851086327 0.176193925 2.92651 0.00728671 -1.04209
-0.525656177 -0.0817046977 0.175954203 2.92611 0.00852198 -1.037
-0.525541423 -0.0783861892 0.175715119 2.92409 0.0107941 -1.03085
-0.525523863 -0.0748508258 0.175605313 2.92511 0.010386 -1.03031
-0.525646207 -0.0711819401 0.175576111 2.92675 0.00828172 -1.03672
-0.525832455 -0.0674690754 0.175577606 2.92827 0.00560707 -1.04625
-0.525940887 -0.0637808699 0.175472486 2.93046 0.00326516 -1.0523
-0.525935417 -0.0603749259 0.175327976 2.92859 0.00441814 -1.05141
-0.525908196 -0.0572464304 0.175130078 2.92125 0.00895383 -1.04777
-0.525914018 -0.0540753329 0.174890525 2.91423 0.0129243 -1.04594
-0.525913273 -0.0506266186 0.174600327 2.91316 0.013543 -1.04559
-0.525885235 -0.0469081388 0.17437382 2.91821 0.010928 -1.04575
-0.525782294 -0.043125062 0.17422294 2.9258 0.00757333 -1.04306
-0.5256451 -0.0395360878 0.174111959 2.92984 0.00659099 -1.03763
-0.525531337 -0.036060133 0.173943769 2.93112 0.00695624 -1.03251
-0.525506909 -0.032492298 0.173795542 2.93293 0.00616423 -1.03188
-0.525593404 -0.0288857631 0.173709566 2.93381 0.00483612 -1.03636
-0.525761893 -0.0253845146 0.173672673 2.93118 0.0047218 -1.04373
-0.525964013 -0.0218519896 0.173690908 2.92862 0.0042095 -1.05286
-0.526078853 -0.0181651162 0.173718688 2.93066 0.00187367 -1.05919
-0.526030167 -0.0143057891 0.173690626 2.93889 -0.00254484 -1.05957
-0.525826159 -0.0104643348 0.173560915 2.94922 -0.00674522 -1.05297
-0.525480318 -0.00692236786 0.173327995 2.95554 -0.00722912 -1.03802
-0.525096162 -0.00365780338 0.17298737 2.95658 -0.00429674 -1.01952
-0.524664517 -0.000523955234 0.172545848 2.9554 0.000215885 -0.998324
-0.524229355 0.00271497054 0.172059623 2.95625 0.00347392 -0.977925
-0.523922889 0.00616153325 0.171646283 2.95947 0.00424969 -0.964544
-0.523744347 0.00976645608 0.171349597 2.9642 0.0031643 -0.957606
-0.523650274 0.013267999 0.171122944 2.96554 0.00319778 -0.953624
-0.523619095 0.0167235737 0.17089534 2.96503 0.00370718 -0.952012
-0.523569146 0.0200756878 0.17067214 2.96257 0.00536523 -0.948979
-0.523543734 0.0232311968 0.170431088 2.95556 0.00916298 -0.945829
-0.523624845 0.0264260903 0.170223799 2.94789 0.012417 -0.947478
-0.523805624 0.0297305151 0.170057168 2.94117 0.0143663 -0.953965
-0.523979395 0.0331106898 0.169900962 2.93615 0.0154934 -0.960604
-0.524114565 0.0367278283 0.169755863 2.93674 0.0140602 -0.967005
-0.524231742 0.0404286604 0.169676045 2.93937 0.0117114 -0.973131
-0.524359353 0.0440769468 0.16960751 2.94069 0.00993955 -0.979458
-0.52438207 0.047686086 0.1695076 2.94268 0.00868594 -0.981104
-0.524286446 0.0512578551 0.169377959 2.94559 0.00794011 -0.977467
-0.524215878 0.0547953262 0.16915153 2.9474 0.00757106 -0.974696
-0.524249989 0.0582929806 0.168934986 2.94686 0.00756957 -0.976137
-0.524294764 0.0617917438 0.168818152 2.94619 0.00755338 -0.978031
-0.524321599 0.0652553575 0.168705331 2.94503 0.00794301 -0.978948
-0.524397171 0.0687116321 0.168552042 2.943 0.0083769 -0.981914
-0.524547972 0.0721367255 0.168460817 2.93921 0.00910764 -0.987882
-0.521020256 0.0720604111 0.165712982 2.93799 0.0100019 -0.98624
-0.520999311 0.0685071544 0.165991072 2.93717 0.0106262 -0.985001
-0.520930482 0.0649258253 0.166241924 2.93643 0.0116114 -0.981614
-0.520802884 0.0614111398 0.166307909 2.93797 0.0119 -0.976085
-0.520653547 0.0578817466 0.166331327 2.9395 0.0123669 -0.969542
-0.520336784 0.054424938 0.16643987 2.9449 0.0121747 -0.956416
-0.519970988 0.0510724351 0.166451365 2.95313 0.0108578 -0.941843
-0.519804083 0.0477568015 0.166330241 2.95936 0.00897701 -0.935887
-0.519743307 0.044324403 0.166339277 2.96163 0.00828951 -0.933737
-0.519679513 0.0408593044 0.166462097 2.96323 0.00795842 -0.931282
-0.519587447 0.0373119745 0.166590709 2.96345 0.00853433 -0.927134
-0.519476115 0.0335384649 0.166797451 2.95905 0.011557 -0.920899
-0.519298465 0.029666882 0.167034615 2.95336 0.0156709 -0.911462
-0.519064598 0.0257863941 0.167320835 2.94815 0.0199327 -0.89973
-0.518924482 0.0220769479 0.167511839 2.94538 0.0222718 -0.892896
-0.518906211 0.0188142523 0.167655403 2.95079 0.0198691 -0.893368
-0.518775363 0.0156127606 0.167831046 2.95895 0.0169418 -0.889557
-0.518532241 0.0124462778 0.167893382 2.96924 0.0137461 -0.881349
-0.518192543 0.00926503091 0.167826259 2.98034 0.0107612 -0.86911
-0.517897112 0.00579745288 0.167708524 2.9846 0.0106496 -0.857196
-0.517703027 0.00217949542 0.167761315 2.98434 0.0119677 -0.848621
-0.517654345 -0.00136067877 0.167911253 2.98403 0.0123993 -0.846448
-0.517851432 -0.00465138399 0.167984397 2.98626 0.0102184 -0.855621
-0.518334345 -0.00764279631 0.168060835 2.99146 0.00494818 -0.878338
-0.518929176 -0.0104680166 0.168260853 2.99853 -0.00203728 -0.907178
-0.519558794 -0.0135188426 0.168563127 -2.9977334 0.0067459444 0.935961538
-0.520162687 -0.0169422519 0.168878337 -2.98798091 0.00750919188 0.9611661
-0.520648389 -0.0207427259 0.169257287 2.9802 -0.00416794 -0.981687
-0.52093316 -0.0246933964 0.169641242 2.96663 0.000900066 -0.990884
-0.520970221 -0.0284970985 0.169934307 2.9597 0.00437581 -0.990456
-0.520828357 -0.0322394992 0.170091665 2.95663 0.00722906 -0.982817
-0.520665476 -0.0358578513 0.170160887 2.95646 0.00867178 -0.975098
-0.52062607 -0.0392092706 0.170234476 2.96018 0.00701446 -0.974334
-0.520711499 -0.0423903657 0.170236535 2.96571 0.00337583 -0.980048
-0.520937497 -0.0457032763 0.17039069 2.9664 0.0011888 -0.990998
-0.521265438 -0.0494186048 0.170771308 2.95704 0.00353989 -1.00376
-0.521574695 -0.0534433516 0.171220314 2.94135 0.0094306 -1.01368
-0.521788646 -0.0573523252 0.171693168 2.92943 0.0140266 -1.02037
-0.521919461 -0.0607943514 0.172039971 2.92864 0.01324 -1.02641
-0.522004876 -0.0639677526 0.172287795 2.93418 0.00930424 -1.03227
-0.522000502 -0.0673532237 0.172499561 2.93666 0.00794009 -1.03281
-0.521915561 -0.0709318921 0.172564869 2.93633 0.00893396 -1.02858
-0.521784394 -0.0746556965 0.172591147 2.93364 0.0116863 -1.02144
-0.521673397 -0.0783375191 0.172738978 2.9315 0.0139204 -1.01548
-0.521658661 -0.0817958786 0.172912473 2.93261 0.0134469 -1.01509
-0.521732097 -0.0852576979 0.173085371 2.93229 0.0129385 -1.01853
-0.521773319 -0.088768271 0.173255519 2.93143 0.0130322 -1.02026
-0.518330465 -0.088820286 0.170506514 2.92946 0.013598 -1.02239
-0.518276754 -0.0851926207 0.170396203 2.93298 0.0121316 -1.02087
-0.518052684 -0.0815654924 0.170194114 2.93908 0.0107876 -1.01196
-0.517681182 -0.07816548 0.169777755 2.94252 0.0122333 -0.995314
-0.517258713 -0.074871371 0.169270369 2.94431 0.0149524 -0.975946
-0.516874791 -0.0714817881 0.1688717 2.94739 0.0165349 -0.959015
-0.516715249 -0.0678580828 0.168598235 2.95227 0.0153041 -0.952975
-0.516973244 -0.0641425363 0.168382132 2.95328 0.0127503 -0.965193
-0.517612856 -0.0607499283 0.168278936 2.94177 0.0134358 -0.991872
-0.5181841 -0.0576018594 0.168401371 2.92571 0.0168991 -1.0143
-0.518621289 -0.0542722784 0.16852715 2.9153 0.0184247 -1.03223
-0.518904463 -0.0504236611 0.168647235 2.91818 0.0140265 -1.04677
-0.519019257 -0.0462487098 0.168707471 2.93049 0.00577534 -1.05624
-0.518959926 -0.04218899 0.16871362 2.94307 -0.00108743 -1.0575
-0.518771646 -0.0384751322 0.168617782 2.9505 -0.00369588 -1.05069
-0.518556362 -0.0352027886 0.168374625 2.94918 -0.000862844 -1.03958
-0.5184199 -0.0321617382 0.16808677 2.94174 0.00473847 -1.03045
-0.518409627 -0.0291319111 0.167812713 2.93202 0.0103453 -1.02693
-0.518502601 -0.0260081665 0.167627296 2.92262 0.0147121 -1.02861
-0.518656302 -0.0224970955 0.167592229 2.92044 0.0144404 -1.03538
-0.518800112 -0.0184644664 0.167689469 2.92937 0.00796635 -1.04511
-0.51883544 -0.0141430173 0.167847928 2.94592 -0.00204144 -1.0523
-0.518665503 -0.00976942032 0.167979685 -2.95571969 0.0127976904 1.04734462
-0.518288317 -0.00582209131 0.168001772 -2.95220421 0.0183576839 1.02769009
-0.517535664 -0.00237164176 0.167866397 -2.96443305 0.0180928606 0.995288158
-0.516410689 0.000686549258 0.167428213 -2.98948363 0.0132501723 0.949854552
-0.515275773 0.00379822704 0.166605441 3.00539 -0.00897254 -0.902212
-0.514246882 0.0071115953 0.165857529 3.01402 -0.00691767 -0.858314
-0.513380015 0.010663909 0.165330891 3.02513 -0.00738391 -0.823089
-0.512756329 0.0143527175 0.164974149 3.03605 -0.00921827 -0.798856
-0.512526999 0.0177485912 0.1645015 3.03624 -0.00823992 -0.788965
-0.512691554 0.0209550702 0.164102321 3.02809 -0.00556312 -0.79398
-0.512599409 0.0237216719 0.164083668 3.01307 0.00125012 -0.786273
-0.512184514 0.0264736097 0.163835633 3.001 0.00839581 -0.765953
-0.511780075 0.0294448985 0.163298443 2.99345 0.0134934 -0.747457
-0.511496024 0.0326430989 0.162773463 2.98957 0.0164244 -0.735002
-0.511573489 0.036280009 0.162271116 2.99185 0.0151831 -0.738638
-0.511659663 0.039997076 0.162128934 2.99582 0.0132469 -0.742993
-0.511837048 0.0436803384 0.161941507 2.99811 0.0115068 -0.750801
-0.511850168 0.0474747167 0.16194179 3.00449 0.00894439 -0.752718
-0.511789465 0.0511306858 0.161887268 3.00855 0.00763833 -0.751063
-0.512179704 0.054480599 0.161468062 3.00125 0.00860282 -0.765797
-0.51288132 0.0576944075 0.161265991 2.98748 0.0104393 -0.792352
-0.513532235 0.0609928394 0.161453754 2.97582 0.011575 -0.817404
-0.514084788 0.06445052 0.161535691 2.96851 0.011364 -0.839454
-0.514515399 0.0681331272 0.161476731 2.96736 0.00915809 -0.857903
-0.514859099 0.0717172874 0.161419131 2.965 0.00798731 -0.872345
-0.511351513 0.0718606734 0.159335974 2.9682 0.00654526 -0.87284
-0.51127413 0.068800318 0.159553057 2.97868 0.00214305 -0.872094
-0.511139467 0.0652063863 0.159762623 2.9783 0.00319401 -0.866035
-0.510942485 0.0609791234 0.160166121 2.96487 0.0106744 -0.854112
-0.510860441 0.0566595359 0.160478725 2.94787 0.0188115 -0.846757
-0.510420766 0.0532514371 0.160991861 2.9551 0.018546 -0.829463
-0.508967149 0.0501316995 0.161660304 2.9796 0.0167254 -0.773259
-0.507831972 0.0469069555 0.161065491 2.99723 0.0155438 -0.729768
-0.507104618 0.0439105614 0.160506675 3.01535 0.0119539 -0.703536
-0.506128175 0.0402748407 0.160678357 3.02109 0.0139713 -0.664993
-0.504912944 0.0363817675 0.160817697 3.02235 0.0183111 -0.61679
-0.504123013 0.0326586162 0.160584756 3.02339 0.0208312 -0.585959
-0.503499469 0.0287120668 0.160821616 3.01779 0.0246613 -0.560987
-0.503491974 0.0246593178 0.160727473 3.00523 0.0281528 -0.559002
-0.503170229 0.021034484 0.161402697 3.00464 0.0294786 -0.546596
-0.504309788 0.0180124126 0.160331701 3.0073 0.02485 -0.590857
-0.504327197 0.0154716954 0.161539778 3.02893 0.0183773 -0.594809
-0.504047574 0.0126248197 0.161500307 3.04579 0.0141487 -0.586529
-0.503669296 0.00958941872 0.161379022 3.05904 0.0112372 -0.573839
-0.50344733 0.00621964011 0.161178343 3.06356 0.0104945 -0.56589
-0.503254337 0.00268999064 0.161209297 3.06425 0.0107906 -0.558407
-0.503103776 -0.000927657641 0.161226561 3.06263 0.0116305 -0.552267
-0.504629418 -0.0037578704 0.160348137 3.06662 0.00692401 -0.613339
-0.506495202 -0.00618252332 0.160417524 -3.05496703 0.000387294158 0.68676185
-0.508363233 -0.00872700565 0.160691469 -3.01599855 0.00678634451 0.755831552
-0.510109081 -0.0118717493 0.161103987 -2.98941933 0.00849516332 0.823959027
-0.511593513 -0.0156675268 0.161756687 -2.97815698 0.00469174461 0.886244407
-0.512745892 -0.0198390564 0.162616134 -2.97762625 -0.00263245749 0.938429431
-0.513671853 -0.0241944904 0.163462965 -2.98286027 -0.0119620674 0.983670488
-0.51442169 -0.0284285572 0.16433792 2.95777 0.0199147 -1.01175
-0.515014304 -0.0323739179 0.165099109 2.93935 0.0246675 -1.03474
-0.515479161 -0.0358786502 0.1656462 2.93194 0.0244004 -1.05517
-0.515857718 -0.0389305459 0.165950876 2.93521 0.0187838 -1.07501
-0.516190296 -0.041790085 0.166148823 2.94298 0.0107833 -1.09452
-0.516457974 -0.0448074403 0.166333993 -2.93168099 -0.00466212788 1.10407619
-0.5166769 -0.0483191328 0.166512326 -2.92811756 -0.00483868908 1.11413126
-0.516840949 -0.0523308503 0.16678224 2.93105 0.0114609 -1.12388
-0.516969855 -0.0564658064 0.167149889 2.91575 0.0196022 -1.12512
-0.517098842 -0.060281093 0.167497094 2.90695 0.0235859 -1.1288
-0.517001854 -0.0639892898 0.167913894 2.90436 0.0263539 -1.12295
-0.515607286 -0.0678370343 0.168425048 2.92069 0.0321563 -1.05813
-0.513871324 -0.0716923991 0.167708934 2.93954 0.0383805 -0.980658
-0.512593254 -0.075164984 0.166850676 2.95768 0.0394677 -0.926758
-0.511856614 -0.078322376 0.166309901 2.97457 0.036542 -0.897857
-0.511582325 -0.0814490279 0.166021708 2.98609 0.0329319 -0.888485
-0.511670933 -0.0848055471 0.165849286 2.98811 0.031424 -0.892982
-0.512001647 -0.0884406169 0.165952907 2.98105 0.0325575 -0.905986
-0.507788276 -0.0886213102 0.164185041 2.98593 0.0349929 -0.875408
-0.506790503 -0.084967614 0.163955587 3.00091 0.0341912 -0.835288
-0.505536794 -0.080726769 0.163657284 3.03066 0.0276117 -0.788237
-0.504381565 -0.076560524 0.163201901 -3.04748601 -0.0216004827 0.742880544
-0.503008445 -0.0730673144 0.162936031 -3.06063346 -0.021733939 0.688563999
-0.501933845 -0.0705872337 0.162143758 3.05545 0.0303013 -0.643885
-0.503911954 -0.0681035119 0.160228662 3.01541 0.035748 -0.716863
-0.505993165 -0.0649573375 0.159394787 2.98665 0.0362568 -0.797791
-0.507634067 -0.061768924 0.160080471 2.96108 0.0369415 -0.862574
-0.508911523 -0.0586126152 0.160681968 2.93746 0.0384072 -0.913375
-0.509955585 -0.0550785839 0.161059396 2.92405 0.036526 -0.957106
-0.510846749 -0.0510757571 0.161460269 2.92207 0.0299537 -0.997704
-0.511664079 -0.0467648426 0.161990671 2.92691 0.0199852 -1.03797
-0.512442731 -0.0425696407 0.162635777 2.92898 0.0112718 -1.07699
-0.513139331 -0.0387731893 0.163304198 2.9233 0.00733943 -1.11052
-0.513714254 -0.0353799611 0.163828347 2.91094 0.00848236 -1.13597
-0.514112813 -0.032225858 0.164047354 2.89654 0.0127872 -1.15185
-0.514333734 -0.0291029916 0.164008898 2.88467 0.0176152 -1.15937
-0.514411063 -0.0258523932 0.163806333 2.87807 0.0208694 -1.16123
-0.514435512 -0.0224155843 0.163573835 2.8763 0.0216904 -1.16194
-0.514479117 -0.018700917 0.163421735 2.87989 0.0187819 -1.16544
-0.514540657 -0.014524007 0.163610767 2.89254 0.00962301 -1.17319
-0.514575216 -0.00999615034 0.164177717 -2.90884554 0.00442399681 1.18143168
-0.514413003 -0.00550035799 0.164901699 -2.8918072 0.0180780806 1.16625373
-0.513348957 -0.00133789838 0.165882089 -2.89761795 0.027969698 1.1128416
-0.509123004 0.000782518973 0.165093591 -2.99069922 0.0112603909 0.936845252
-0.505809708 0.00366593579 0.164224447 3.03194 -0.00431454 -0.800077
-0.503419991 0.00724205727 0.162510573 3.05738 -0.00493308 -0.704882
-0.501784791 0.0108775271 0.161469255 3.07455 -0.00608313 -0.64136
-0.501725123 0.0142945654 0.160019338 3.07319 -0.0054586 -0.638643
-0.499509444 0.0421416576 0.160124571 3.08644 -0.00412387 -0.552499
-0.497697064 0.0455193276 0.159431033 3.09533 -0.00307322 -0.48314
-0.496224028 0.0489220655 0.15892027 3.10134 -0.00224507 -0.427425
-0.495033638 0.0523443245 0.158536226 3.10543 -0.00159117 -0.382739
-0.49963686 0.0556833667 0.157136061 3.07511 -0.00226557 -0.555488
-0.501365867 0.0572095673 0.1553357 3.0175 0.00831583 -0.61371
-0.502559722 0.0600289232 0.15518042 2.99213 0.011359 -0.656673
-0.503585919 0.0642166054 0.155013054 2.9983 0.00495051 -0.69903
-0.504620404 0.0686580982 0.155226717 3.00921 -0.00348581 -0.743854
-0.505600221 0.0725578359 0.155515171 3.00784 -0.00750767 -0.784851
-0.502579664 0.0728767254 0.154200575 3.00958 -0.0106395 -0.805861
-0.50066186 0.072312951 0.156076426 -3.01480264 0.0398170317 0.727162537
-0.499870859 0.0696659393 0.15447816 -3.00293167 0.0477776069 0.692834614
-0.503951245 0.0660197834 0.153997836 -2.96413388 0.041493764 0.855523164
-0.498239809 0.0126532628 0.153573044 -3.03907426 0.0383797268 0.633291619
-0.493618131 0.00802397806 0.15463423 -3.09517537 0.0320846928 0.46106861
-0.490717977 0.00252795715 0.156789211 3.0887 -0.0197131 -0.349894
-0.488164803 -0.00281780368 0.159335415 3.05597 -0.00868305 -0.253071
-0.492446281 -0.00404578472 0.157261784 3.09057 -0.017325 -0.415227
-0.497097443 -0.00710573842 0.155998907 3.07084 -0.0204377 -0.592674
-0.500508016 -0.0104100408 0.154719719 3.04573 -0.0221278 -0.726687
-0.503019156 -0.0139854321 0.153711359 3.01761 -0.0217457 -0.8271
-0.504879354 -0.0176904682 0.154982906 2.99062 -0.0200928 -0.902402
-0.506294584 -0.021483455 0.156186315 2.9653 -0.0174328 -0.960003
-0.507420176 -0.0252333601 0.157289586 2.94357 -0.0151054 -1.00647
-0.508380731 -0.0288811711 0.158309289 2.92542 -0.0138399 -1.04727
-0.509251003 -0.0324265337 0.159279188 2.90999 -0.013737 -1.08545
-0.510012078 -0.0358225067 0.160089578 2.89873 -0.0154056 -1.12047
-0.510619984 -0.0391107784 0.160682825 2.89184 -0.0183983 -1.14983
-0.510972927 -0.0423530799 0.161000319 2.89028 -0.0219565 -1.16822
-0.511058607 -0.0457252974 0.161081993 2.89119 -0.0237214 -1.17319
-0.510977504 -0.0493763342 0.161098368 2.88974 -0.0216224 -1.16823
-0.510864062 -0.0532626241 0.161244757 2.88417 -0.0162813 -1.16
-0.510785247 -0.0573469425 0.161633762 2.87383 -0.00830794 -1.15209
-0.510731393 -0.0615026627 0.162178056 2.86141 0.000530636 -1.14508
-0.510560352 -0.0658830554 0.162877658 2.8463 0.0124304 -1.13177
-0.510267219 -0.0704248953 0.163743362 2.82966 0.0265305 -1.11273
-0.505520238 -0.0735014864 0.162411837 2.91346 0.0296758 -0.911869
-0.502492518 -0.0761139426 0.163176922 2.96946 0.0245836 -0.793507
-0.499917796 -0.077750595 0.163236673 3.03622 0.00881485 -0.700192
-0.498352652 -0.07995549 0.161361809 -3.07124154 0.0018630494 0.643440981
-0.498084395 -0.083871278 0.160000375 3.07134 0.00127452 -0.632577
-0.497713641 -0.088382254 0.160443207 3.05165 0.00885521 -0.613915
