-0.622687 -0.0871038 0.288841 3.07824 -0.00110298 -0.609692
-0.622684 -0.0835984 0.288806 3.07701 -0.000774708 -0.61048
-0.622678 -0.0800773 0.288745 3.07257 0.000502381 -0.611593
-0.622669 -0.0765463 0.288628 3.06597 0.00237092 -0.61356
-0.62266 -0.0730124 0.288513 3.05885 0.00441191 -0.615186
-0.622658 -0.0695182 0.28845 3.05981 0.00404951 -0.616187
-0.622662 -0.0660419 0.288358 3.06465 0.00260454 -0.615691
-0.622667 -0.0625746 0.288352 3.0713 0.000597354 -0.615178
-0.622677 -0.0591027 0.288417 3.07738 -0.00112407 -0.612841
-0.622685 -0.0556105 0.288493 3.07939 -0.00160635 -0.610656
-0.622693 -0.0520996 0.288458 3.07783 -0.000931972 -0.60749
-0.622706 -0.0485775 0.288348 3.07441 0.000426653 -0.602462
-0.62272 -0.0450569 0.288291 3.07137 0.00169503 -0.596952
-0.622735 -0.0415596 0.288241 3.07286 0.00156763 -0.592032
-0.622742 -0.03806 0.288211 3.07334 0.00155372 -0.58997
-0.62274 -0.0345675 0.288156 3.07468 0.00110648 -0.590861
-0.622726 -0.0310641 0.288098 3.07315 0.00128751 -0.595174
-0.622707 -0.0275468 0.287982 3.06855 0.00226189 -0.601052
-0.622685 -0.0240395 0.287898 3.06572 0.00264913 -0.607821
-0.622662 -0.0205381 0.287844 3.06389 0.00266909 -0.61558
-0.622638 -0.0170359 0.287762 3.06187 0.002741 -0.623295
-0.622619 -0.0135363 0.28763 3.06066 0.00265828 -0.629629
-0.622606 -0.0100401 0.28758 3.06048 0.00238535 -0.63416
-0.622603 -0.00655303 0.287613 3.0627 0.00156152 -0.635867
-0.622607 -0.00306337 0.287567 3.06498 0.000911821 -0.634861
-0.622611 0.000438521 0.287484 3.06492 0.00104027 -0.633348
-0.62261 0.00394505 0.287448 3.06355 0.00144964 -0.633621
-0.622607 0.00745727 0.287423 3.06101 0.00221489 -0.634109
-0.622611 0.0109565 0.287301 3.06144 0.00217578 -0.63276
-0.622618 0.0144525 0.28722 3.0627 0.00194107 -0.63056
-0.622623 0.0179539 0.28717 3.06279 0.00204135 -0.628771
-0.622631 0.0214602 0.287123 3.06214 0.00245527 -0.625859
-0.62263 0.0249611 0.287091 3.0619 0.00250951 -0.626123
-0.622619 0.0284525 0.287034 3.0628 0.00194617 -0.630089
-0.6226 0.0319495 0.286984 3.06199 0.00171766 -0.636796
-0.622581 0.0354447 0.286973 3.06163 0.00136871 -0.643159
-0.622577 0.0389342 0.28695 3.06335 0.000685431 -0.644962
-0.622587 0.0424242 0.286892 3.06597 5.80093e-05 -0.641961
-0.622604 0.045923 0.286843 3.06742 2.30495e-06 -0.636243
-0.622621 0.0494377 0.286803 3.06577 0.000972642 -0.629971
-0.622639 0.0529689 0.286679 3.06101 0.00298135 -0.622822
-0.622655 0.0564897 0.286575 3.05804 0.00432515 -0.617003
-0.622663 0.0599825 0.286496 3.06002 0.00391135 -0.614399
-0.622667 0.0634653 0.286444 3.06362 0.00286991 -0.613614
-0.622672 0.0669517 0.286405 3.06655 0.00205245 -0.612489
-0.622682 0.0704441 0.286379 3.06866 0.00160892 -0.609524
-0.622691 0.0739551 0.286392 3.06717 0.00229574 -0.606074
-0.619187 0.0739559 0.284939 3.06674 0.00234045 -0.607301
-0.619174 0.0704422 0.284925 3.06852 0.00148122 -0.612147
-0.619158 0.0669285 0.284941 3.07007 0.000617606 -0.618059
-0.619147 0.0634269 0.284982 3.06961 0.000500361 -0.621905
-0.619147 0.0599396 0.285081 3.06717 0.00128987 -0.621434
-0.619146 0.0564634 0.285153 3.06254 0.00276356 -0.620757
-0.619142 0.0529856 0.285247 3.05798 0.00412199 -0.621308
-0.61914 0.0494874 0.285356 3.05747 0.00422277 -0.622066
-0.619139 0.0459666 0.285385 3.06145 0.00293074 -0.622966
-0.619138 0.042442 0.28544 3.06613 0.00139724 -0.624165
-0.619136 0.0389226 0.285479 3.06971 0.000185193 -0.625639
-0.619135 0.0354195 0.285506 3.0702 -1.07219e-05 -0.626281
-0.61913 0.0319279 0.285495 3.0683 0.000507321 -0.627372
-0.619129 0.0284347 0.285523 3.06691 0.000931125 -0.627515
-0.619123 0.0249395 0.285578 3.06555 0.00122204 -0.629385
-0.619111 0.0214462 0.285636 3.06341 0.00161681 -0.633248
-0.619103 0.0179502 0.285668 3.0621 0.00185346 -0.635668
-0.619097 0.0144479 0.285716 3.06211 0.00169116 -0.637849
-0.61909 0.0109463 0.285818 3.06197 0.00157175 -0.640103
-0.619089 0.00745671 0.285905 3.05991 0.00223764 -0.639954
-0.619093 0.00396927 0.285939 3.05774 0.00304934 -0.638322
-0.619096 0.00046443 0.286005 3.05888 0.00274969 -0.637487
-0.619092 -0.00305868 0.286076 3.06304 0.0012704 -0.639682
-0.619081 -0.00657549 0.28607 3.06551 0.000180169 -0.64392
-0.619068 -0.0100776 0.286035 3.06495 2.73792e-05 -0.648539
-0.619058 -0.0135672 0.286073 3.06225 0.000685194 -0.65142
-0.619049 -0.0170562 0.286173 3.05954 0.0013797 -0.653845
-0.619047 -0.0205431 0.286235 3.05684 0.00222487 -0.654235
-0.619052 -0.0240287 0.286292 3.05448 0.00318366 -0.651783
-0.619058 -0.0275166 0.286388 3.05256 0.0039865 -0.649489
-0.619061 -0.0310088 0.286539 3.0513 0.00450522 -0.648035
-0.61907 -0.0345106 0.286625 3.05232 0.00442138 -0.645002
-0.61909 -0.0380097 0.286683 3.05355 0.00455148 -0.638355
-0.619114 -0.0415153 0.286736 3.05626 0.00427536 -0.630764
-0.61913 -0.0450217 0.286801 3.05863 0.00392782 -0.625516
-0.619134 -0.0485226 0.286882 3.05904 0.00388739 -0.62432
-0.619125 -0.0520368 0.286933 3.06119 0.00298046 -0.627686
-0.619118 -0.0555504 0.286963 3.06333 0.00211097 -0.630508
-0.61912 -0.0590773 0.286911 3.06861 0.000418548 -0.631019
-0.619129 -0.0626071 0.286903 3.07494 -0.00146024 -0.629197
-0.619136 -0.0661139 0.286898 3.07676 -0.00188823 -0.626976
-0.619151 -0.0695981 0.28699 3.07474 -0.00089111 -0.621443
-0.619162 -0.0730629 0.287048 3.06872 0.00131699 -0.616379
-0.619163 -0.076534 0.287123 3.06319 0.00309298 -0.615128
-0.619158 -0.0800315 0.287238 3.06238 0.00323574 -0.616618
-0.619146 -0.0835381 0.287289 3.06281 0.00279681 -0.620961
-0.619138 -0.0870466 0.287312 3.06396 0.00225186 -0.623696
-0.615598 -0.0870521 0.285704 3.06222 0.0018141 -0.637474
-0.615569 -0.0835636 0.285698 3.06237 0.00102815 -0.647638
-0.615561 -0.0800702 0.285666 3.06309 0.000592194 -0.650426
-0.615573 -0.0765521 0.285601 3.06046 0.00179667 -0.645728
-0.615593 -0.073033 0.285532 3.05824 0.00308298 -0.638174
-0.615609 -0.069526 0.285472 3.05796 0.00357544 -0.632837
-0.615609 -0.0660399 0.285405 3.06066 0.00269798 -0.633263
-0.615599 -0.0625681 0.285365 3.06539 0.000898057 -0.637624
-0.615583 -0.0590848 0.285365 3.06745 -0.000185743 -0.643715
-0.615563 -0.0555844 0.285371 3.06597 -0.000185509 -0.65037
-0.615545 -0.052091 0.285329 3.06594 -0.000628249 -0.656589
-0.615533 -0.0485917 0.285325 3.06519 -0.000684788 -0.660735
-0.615525 -0.04509 0.285306 3.06432 -0.000582417 -0.663189
-0.615515 -0.0415766 0.285246 3.061 0.000290287 -0.666135
-0.615509 -0.03806 0.285148 3.05738 0.00138085 -0.667519
-0.61551 -0.0345476 0.285076 3.05507 0.00220877 -0.666773
-0.615506 -0.0310294 0.285019 3.05131 0.00340993 -0.667245
-0.615503 -0.027518 0.284879 3.04889 0.00416056 -0.667818
-0.615504 -0.0240056 0.284743 3.04662 0.00498582 -0.666929
-0.615512 -0.0204976 0.284666 3.04564 0.00554785 -0.664073
-0.615519 -0.0170001 0.284598 3.04664 0.00541199 -0.661811
-0.615531 -0.0135078 0.284527 3.04898 0.00494712 -0.658177
-0.615544 -0.0100242 0.284523 3.05307 0.0039145 -0.654416
-0.615558 -0.0065573 0.284531 3.06042 0.00177986 -0.651071
-0.615574 -0.00308475 0.284532 3.06682 1.08002e-05 -0.64681
-0.615594 0.000412933 0.284533 3.06872 -0.000117034 -0.639977
-0.615619 0.0039364 0.284507 3.0659 0.00142758 -0.63098
-0.615634 0.00745744 0.284453 3.0629 0.00278998 -0.625137
-0.615635 0.0109583 0.284357 3.06281 0.00284635 -0.624716
-0.615634 0.0144503 0.284284 3.06429 0.00234317 -0.625374
-0.615638 0.0179537 0.284231 3.06393 0.00256957 -0.623723
-0.615644 0.0214579 0.28417 3.06352 0.00284413 -0.621676
-0.615646 0.0249516 0.284118 3.06484 0.00245459 -0.621417
-0.615647 0.0284507 0.284056 3.06508 0.00240564 -0.621045
-0.615655 0.03195 0.283997 3.06579 0.00238162 -0.618234
-0.615666 0.0354396 0.283986 3.06853 0.00176167 -0.61498
-0.615667 0.0389297 0.283968 3.0705 0.0011568 -0.614997
-0.615656 0.0424178 0.283929 3.07206 0.000411407 -0.619077
-0.615641 0.0459161 0.283905 3.07137 0.000284265 -0.624213
-0.615626 0.0494326 0.283867 3.06714 0.0012849 -0.628754
-0.615617 0.052956 0.28375 3.062 0.00273269 -0.630891
-0.615614 0.0564765 0.283605 3.05786 0.00401451 -0.631031
-0.615604 0.0599865 0.283494 3.05527 0.00460852 -0.633872
-0.615591 0.0634775 0.283405 3.05609 0.00399477 -0.638578
-0.61558 0.0669547 0.283357 3.05969 0.00251549 -0.643171
-0.615569 0.0704369 0.283326 3.06232 0.00134935 -0.647588
-0.615559 0.0739318 0.2833 3.06263 0.00100454 -0.650902
-0.612033 0.0739239 0.281634 3.0622 0.000453184 -0.660235
-0.612009 0.0704166 0.281659 3.06188 -5.92774e-05 -0.668429
-0.611998 0.0669104 0.28169 3.06225 -0.000483243 -0.672358
-0.611996 0.0634235 0.281752 3.0596 0.000396633 -0.672479
-0.612001 0.0599532 0.28182 3.05428 0.00240289 -0.66965
-0.612012 0.0564781 0.28195 3.05031 0.0040966 -0.665071
-0.61202 0.0529867 0.282141 3.04929 0.00469528 -0.66187
-0.612028 0.0494909 0.282267 3.04901 0.00499824 -0.659296
-0.612036 0.0459791 0.282334 3.05193 0.00425119 -0.656778
-0.612045 0.0424679 0.282324 3.05469 0.00354629 -0.654347
-0.612055 0.0389598 0.282373 3.05693 0.00304371 -0.651436
-0.61207 0.0354529 0.282429 3.05934 0.00263014 -0.646668
-0.612096 0.0319514 0.282492 3.06146 0.00259653 -0.637999
-0.612121 0.0284494 0.282577 3.06358 0.00252248 -0.62983
-0.612139 0.0249461 0.282656 3.06549 0.00235421 -0.623751
-0.612152 0.0214487 0.282708 3.06586 0.00255086 -0.619322
-0.612157 0.0179488 0.282737 3.0662 0.00256667 -0.617587
-0.612163 0.0144425 0.282824 3.06776 0.00218838 -0.616098
-0.61218 0.0109542 0.282946 3.06668 0.00295054 -0.609848
-0.612201 0.0074757 0.28308 3.06392 0.00432163 -0.602101
-0.612202 0.00397996 0.28311 3.06317 0.0045804 -0.601573
-0.6122 0.000455401 0.283113 3.06775 0.00310184 -0.603282
-0.6122 -0.00307811 0.283096 3.07422 0.00108249 -0.604457
-0.6122 -0.00660039 0.283069 3.07854 -0.000263939 -0.605163
-0.612206 -0.0100985 0.283072 3.07852 -0.000144241 -0.603318
-0.612208 -0.0135885 0.283109 3.07673 0.000460164 -0.602259
-0.612205 -0.0170804 0.283154 3.07498 0.0009426 -0.60295
-0.612184 -0.020566 0.283202 3.07084 0.00177449 -0.609245
-0.61215 -0.0240529 0.283235 3.06605 0.0024913 -0.620061
-0.612111 -0.0275399 0.283303 3.06084 0.0031909 -0.632706
-0.612079 -0.0310209 0.283388 3.05493 0.00428512 -0.64268
-0.612054 -0.0345109 0.283467 3.05128 0.00483549 -0.650407
-0.612035 -0.0380158 0.283539 3.05086 0.00445064 -0.656916
-0.61201 -0.0415255 0.283597 3.05088 0.00373833 -0.66571
-0.611981 -0.0450397 0.283632 3.05143 0.00271898 -0.676041
-0.61196 -0.0485465 0.283662 3.05115 0.00221288 -0.683311
-0.611954 -0.0520555 0.283664 3.05238 0.00158139 -0.685899
-0.611954 -0.0555581 0.283705 3.05285 0.0014076 -0.686074
-0.611958 -0.0590663 0.283741 3.05478 0.000848315 -0.684847
-0.611973 -0.0625756 0.28374 3.05768 0.000236885 -0.680152
-0.611994 -0.0660663 0.283798 3.05748 0.000903582 -0.672729
-0.612017 -0.0695422 0.283868 3.05458 0.00258132 -0.663994
-0.612034 -0.0730309 0.283963 3.05363 0.00337994 -0.657971
-0.612036 -0.076546 0.284033 3.05669 0.00239433 -0.657794
-0.61202 -0.0800755 0.28404 3.06117 0.000427481 -0.664401
-0.611999 -0.0835969 0.284033 3.06366 -0.00100776 -0.67251
-0.611973 -0.0870964 0.284013 3.06162 -0.000993739 -0.68125
-0.608472 -0.087094 0.282376 3.06114 -0.00083179 -0.681306
-0.608468 -0.0836185 0.282379 3.06547 -0.00250789 -0.683883
-0.608467 -0.0801444 0.282384 3.07033 -0.00428511 -0.68532
-0.608468 -0.0766481 0.282414 3.07113 -0.00454011 -0.685005
-0.608475 -0.0731226 0.282389 3.0668 -0.00278945 -0.681555
-0.608489 -0.0695902 0.282332 3.06168 -0.000563454 -0.675402
-0.608502 -0.0660733 0.282279 3.05945 0.000595083 -0.670256
-0.608506 -0.0625662 0.282226 3.05835 0.0010776 -0.668805
-0.608496 -0.0590584 0.282133 3.05616 0.0015751 -0.671687
-0.608481 -0.0555562 0.282044 3.05454 0.00169277 -0.676937
-0.608465 -0.0520565 0.282002 3.05339 0.00163944 -0.682329
-0.608453 -0.0485558 0.28194 3.05234 0.00166438 -0.686351
-0.608447 -0.045067 0.281896 3.05405 0.000879598 -0.688761
-0.60844 -0.0415744 0.281866 3.05489 0.000363105 -0.691533
-0.608432 -0.0380665 0.281803 3.05283 0.000894528 -0.69366
-0.608429 -0.0345509 0.281699 3.04962 0.00196729 -0.694071
-0.608431 -0.0310296 0.281604 3.04572 0.00344933 -0.692454
-0.608439 -0.0275225 0.281534 3.04498 0.00396165 -0.689507
-0.608458 -0.0240353 0.281527 3.04884 0.00313991 -0.683726
-0.608519 -0.0205401 0.281728 3.05433 0.00297217 -0.663379
-0.608576 -0.0170391 0.281724 3.05828 0.00318749 -0.644172
-0.608612 -0.0135358 0.281656 3.06014 0.00349893 -0.632188
-0.608627 -0.0100489 0.281606 3.06371 0.0027114 -0.627567
-0.608636 -0.00657628 0.281619 3.0696 0.00100699 -0.625577
-0.60864 -0.00310382 0.281647 3.07513 -0.000714977 -0.625451
-0.608645 0.000386461 0.281636 3.07735 -0.00132284 -0.624103
-0.608659 0.00389727 0.281655 3.07626 -0.000639823 -0.618825
-0.608692 0.00742149 0.281661 3.07375 0.000901719 -0.60717
-0.608715 0.0109475 0.281531 3.07027 0.00253222 -0.598383
-0.608707 0.014453 0.281337 3.06868 0.0028374 -0.600918
-0.608677 0.0179523 0.281178 3.06684 0.00272214 -0.610888
-0.608648 0.0214485 0.281131 3.06562 0.00242405 -0.620709
-0.608627 0.0249386 0.281073 3.06609 0.0017763 -0.628013
-0.608606 0.0284445 0.280994 3.06351 0.00209628 -0.634853
-0.608583 0.0319544 0.280888 3.05996 0.00266737 -0.642267
-0.608562 0.0354612 0.280856 3.05717 0.00304465 -0.64901
-0.608545 0.0389535 0.280793 3.05743 0.00250524 -0.654965
-0.608533 0.0424446 0.280752 3.05831 0.00190109 -0.659128
-0.608526 0.0459444 0.280743 3.05785 0.0018708 -0.661475
-0.60852 0.0494577 0.280661 3.05485 0.00273386 -0.662994
-0.608513 0.0529735 0.280512 3.0513 0.00375958 -0.664705
-0.608503 0.0564994 0.280351 3.0456 0.00542766 -0.667104
-0.608493 0.0600202 0.28023 3.04081 0.00675997 -0.669832
-0.608482 0.0635198 0.28013 3.0401 0.00668099 -0.673425
-0.608461 0.0670074 0.280029 3.04088 0.00576064 -0.681013
-0.608438 0.0704863 0.279963 3.04315 0.0042476 -0.689622
-0.608419 0.0739639 0.279938 3.04595 0.00265626 -0.696926
-0.604909 0.0739488 0.278219 3.04804 0.00158443 -0.700954
-0.6049 0.0704392 0.278201 3.04919 0.000897616 -0.704221
-0.604894 0.0669495 0.278249 3.04669 0.00160693 -0.706089
-0.604889 0.0634706 0.278346 3.04234 0.00307475 -0.70672
-0.60489 0.059997 0.278503 3.03739 0.00494017 -0.705229
-0.604888 0.056516 0.278644 3.03361 0.00625802 -0.705182
-0.604887 0.0530268 0.278785 3.03142 0.00701199 -0.705245
-0.604894 0.0495284 0.278932 3.03171 0.00715721 -0.702692
-0.604903 0.0460145 0.279013 3.03507 0.00622803 -0.700179
-0.604911 0.0424907 0.279081 3.04023 0.00459329 -0.698537
-0.60491 0.0389693 0.27912 3.04427 0.00310552 -0.699538
-0.604899 0.0354619 0.279127 3.04478 0.00256035 -0.703725
-0.60488 0.0319639 0.279098 3.04285 0.0026465 -0.710251
-0.604862 0.028477 0.279152 3.03896 0.00351628 -0.7156
-0.604854 0.0249715 0.279217 3.03932 0.00309394 -0.718747
-0.604853 0.0214569 0.279242 3.04202 0.0020494 -0.719626
-0.604852 0.0179505 0.279289 3.04322 0.00158673 -0.720006
-0.604862 0.0144524 0.279419 3.0436 0.00174176 -0.716836
-0.604862 0.0109606 0.279499 3.04206 0.00232934 -0.716435
-0.604862 0.00747957 0.279587 3.03844 0.00368613 -0.715656
-0.60486 0.00399284 0.279642 3.03576 0.00462487 -0.71574
-0.604875 0.000476032 0.279817 3.04021 0.00347481 -0.711175
-0.604906 -0.00305923 0.279946 3.04937 0.0010312 -0.702128
-0.604941 -0.00658465 0.279963 3.05694 -0.000714938 -0.691304
-0.604999 -0.0100769 0.280116 3.05983 -9.84412e-05 -0.671516
-0.605069 -0.0135493 0.28037 3.05965 0.00191639 -0.646877
-0.605114 -0.0170434 0.280404 3.06163 0.0024087 -0.63185
-0.605102 -0.02057 0.280098 3.06598 0.000707612 -0.636594
-0.605079 -0.0240826 0.279992 3.06673 -0.000119889 -0.644973
-0.605055 -0.0275623 0.279914 3.06112 0.00114301 -0.652234
-0.605029 -0.0310461 0.279972 3.05616 0.00213526 -0.660163
-0.604998 -0.0345399 0.280043 3.05266 0.00245961 -0.67045
-0.604975 -0.0380401 0.280141 3.05101 0.00238417 -0.678066
-0.604962 -0.0415459 0.280197 3.05113 0.00196068 -0.682719
-0.604954 -0.0450575 0.280209 3.0527 0.00115278 -0.686012
-0.60495 -0.0485626 0.280231 3.05343 0.000795348 -0.687339
-0.604951 -0.052057 0.280323 3.05236 0.00118012 -0.687094
-0.604952 -0.05555 0.280377 3.05115 0.00166659 -0.686253
-0.604959 -0.0590362 0.280446 3.04902 0.00262444 -0.683517
-0.60497 -0.0625246 0.28058 3.04763 0.00345144 -0.679347
-0.604978 -0.066023 0.280686 3.04796 0.00358353 -0.6765
-0.604982 -0.0695168 0.280774 3.04706 0.0040169 -0.674939
-0.60498 -0.0730277 0.280807 3.04898 0.00327634 -0.676127
-0.604974 -0.076558 0.280784 3.05438 0.0012175 -0.679124
-0.604973 -0.0800942 0.280752 3.06118 -0.00124301 -0.68107
-0.604981 -0.0836117 0.280742 3.06515 -0.002435 -0.678928
-0.604998 -0.0870937 0.280811 3.06296 -0.00119748 -0.672561
-0.601524 -0.0870735 0.279247 3.06104 0.000198263 -0.662929
-0.601533 -0.0835798 0.279169 3.06292 -0.000207671 -0.66008
-0.601529 -0.0800978 0.27916 3.06601 -0.00139721 -0.662399
-0.601518 -0.0766133 0.279177 3.0682 -0.00242989 -0.666597
-0.601509 -0.0731101 0.279182 3.06688 -0.00221457 -0.669655
-0.601506 -0.0695929 0.279124 3.06338 -0.00106773 -0.66998
-0.601509 -0.0660781 0.279059 3.0608 -7.01497e-05 -0.668233
-0.601515 -0.062562 0.278953 3.05817 0.00101733 -0.665526
-0.601521 -0.0590427 0.278863 3.05491 0.0023112 -0.662805
-0.601521 -0.0555332 0.278792 3.05313 0.00294051 -0.662252
-0.601516 -0.0520269 0.278735 3.05149 0.00333805 -0.664003
-0.601501 -0.0485287 0.278624 3.05076 0.00317514 -0.668952
-0.601486 -0.0450421 0.278556 3.05216 0.00224458 -0.674663
-0.601471 -0.0415455 0.278521 3.05168 0.00197618 -0.67987
-0.601456 -0.0380394 0.278442 3.04943 0.00235186 -0.684432
-0.601442 -0.0345376 0.278345 3.04799 0.00243415 -0.689221
-0.60142 -0.0310334 0.278219 3.04548 0.00266138 -0.696484
-0.601393 -0.0275118 0.278026 3.03929 0.00406275 -0.704512
-0.601372 -0.0240146 0.278 3.03808 0.00379149 -0.712028
-0.601381 -0.0205742 0.278267 3.05013 -0.000438092 -0.711448
-0.601379 -0.0170957 0.278165 3.05408 -0.00197178 -0.712949
-0.601409 -0.0135929 0.278477 3.05596 -0.00175021 -0.702554
-0.601434 -0.0100701 0.278468 3.05353 -0.000108037 -0.693267
-0.601431 -0.00656921 0.278282 3.05317 -4.84877e-05 -0.694044
-0.601412 -0.00306831 0.278211 3.0515 -1.8788e-05 -0.700519
-0.601384 0.000464809 0.278068 3.04297 0.00221787 -0.70867
-0.601352 0.0039949 0.277855 3.03463 0.00421824 -0.718406
-0.601319 0.00750173 0.277788 3.03065 0.00457458 -0.729209
-0.601295 0.0110001 0.27774 3.02896 0.00436444 -0.737409
-0.601275 0.0144815 0.277579 3.03082 0.00292935 -0.744942
-0.601264 0.0179789 0.277552 3.03036 0.00270022 -0.748879
-0.601252 0.0214745 0.277484 3.03019 0.00233144 -0.75313
-0.601244 0.0249721 0.2774 3.02996 0.00212723 -0.755942
-0.601246 0.0284765 0.277347 3.02924 0.00246296 -0.755317
-0.601253 0.0319667 0.277316 3.03175 0.00174386 -0.753148
-0.601265 0.0354509 0.277353 3.03574 0.0005811 -0.749825
-0.601277 0.0389291 0.277288 3.04086 -0.00103904 -0.746819
-0.601288 0.042417 0.277264 3.04413 -0.00192676 -0.743309
-0.601306 0.0459197 0.277246 3.04505 -0.00170388 -0.737336
-0.601325 0.0494452 0.277195 3.04187 0.000218767 -0.729422
-0.601338 0.05298 0.277062 3.03633 0.00279298 -0.723557
-0.60134 0.0565058 0.276901 3.03156 0.00466231 -0.721845
-0.601337 0.0600262 0.276719 3.02745 0.00610735 -0.722023
-0.601333 0.063531 0.276524 3.02624 0.0064342 -0.723036
-0.601333 0.0670158 0.276413 3.02911 0.00534029 -0.723738
-0.601337 0.0704943 0.276371 3.03349 0.00380025 -0.723477
-0.601339 0.0739721 0.276387 3.0379 0.00220794 -0.72358
-0.597847 0.0739453 0.274671 3.04362 0.00028328 -0.722122
-0.597851 0.0704354 0.274686 3.04581 -0.000425516 -0.721238
-0.59785 0.0669356 0.274707 3.04568 -0.000409226 -0.721571
-0.597847 0.0634595 0.27479 3.04096 0.00130916 -0.721303
-0.59785 0.0599961 0.27496 3.03419 0.00394868 -0.71895
-0.597861 0.0565296 0.275193 3.02873 0.00639326 -0.71383
-0.597872 0.0530483 0.275413 3.02603 0.00778354 -0.709376
-0.597877 0.0495458 0.275525 3.02693 0.00763496 -0.707705
-0.597879 0.0460172 0.275578 3.03256 0.00562967 -0.708167
-0.597878 0.0424774 0.275556 3.04008 0.00281877 -0.710025
-0.597874 0.0389509 0.275565 3.04479 0.000927073 -0.71259
-0.597873 0.0354377 0.275608 3.0472 -1.47114e-05 -0.713529
-0.597875 0.0319338 0.27562 3.04808 -0.000294292 -0.713152
-0.597867 0.0284265 0.275663 3.04885 -0.000826591 -0.716082
-0.597853 0.0249267 0.275718 3.04767 -0.000829023 -0.720834
-0.597841 0.0214398 0.275797 3.04423 9.32338e-05 -0.724277
-0.597832 0.0179545 0.275856 3.04067 0.00112821 -0.726884
-0.597834 0.0144525 0.27587 3.04119 0.000989947 -0.726344
-0.59784 0.0109506 0.275905 3.04206 0.000869351 -0.724276
-0.597826 0.00745908 0.276087 3.03932 0.00144416 -0.728659
-0.597813 0.00398231 0.276211 3.03383 0.0030885 -0.73208
-0.597809 0.00052163 0.276271 3.02603 0.00593279 -0.731783
-0.597814 -0.00294634 0.27643 3.02039 0.00829101 -0.728598
-0.597828 -0.00644292 0.276523 3.02083 0.00861675 -0.723988
-0.597836 -0.00997362 0.276528 3.0274 0.0064495 -0.722251
-0.597835 -0.0135543 0.276395 3.04265 0.000622667 -0.72603
-0.597822 -0.0171055 0.276394 3.05125 -0.00311255 -0.732876
-0.597823 -0.0206208 0.276162 3.05426 -0.00423826 -0.733076
-0.597859 -0.0240717 0.276108 3.04789 -0.000578293 -0.718684
-0.597872 -0.0275754 0.276519 3.04966 -0.000826154 -0.714315
-0.597884 -0.031062 0.276571 3.04805 0.000155535 -0.70976
-0.597899 -0.0345487 0.276644 3.04667 0.00112893 -0.704321
-0.59791 -0.0380423 0.276707 3.04635 0.0016125 -0.700123
-0.59792 -0.0415393 0.276795 3.04657 0.00184654 -0.696615
-0.597936 -0.0450415 0.276867 3.04819 0.00173193 -0.691486
-0.597953 -0.0485349 0.276967 3.04826 0.0022391 -0.685368
-0.597966 -0.0520224 0.277073 3.04687 0.00313212 -0.680458
-0.597974 -0.0555168 0.277168 3.04639 0.00354154 -0.677586
-0.597979 -0.0590053 0.277253 3.04457 0.0043312 -0.675503
-0.597989 -0.062501 0.277369 3.04453 0.00466852 -0.671759
-0.598003 -0.066007 0.277515 3.04673 0.00431796 -0.667263
-0.59801 -0.0695183 0.277551 3.04942 0.00359119 -0.665351
-0.598008 -0.0730398 0.277599 3.05339 0.00215484 -0.66691
-0.598002 -0.0765622 0.277583 3.05718 0.000648568 -0.670057
-0.598003 -0.080071 0.277558 3.05898 6.14913e-05 -0.669885
-0.598016 -0.0835655 0.277577 3.0589 0.000451835 -0.66522
-0.598038 -0.0870397 0.277692 3.05551 0.00222468 -0.657054
-0.594548 -0.0870095 0.276193 3.0505 0.00423908 -0.652279
-0.594553 -0.0835024 0.276078 3.04947 0.0047174 -0.65048
-0.594551 -0.0800174 0.276042 3.05223 0.00374216 -0.651591
-0.594545 -0.076541 0.27599 3.05631 0.00218733 -0.654646
-0.594538 -0.073066 0.275955 3.06055 0.000540728 -0.658126
-0.594534 -0.0695717 0.275936 3.06136 0.000159153 -0.65966
-0.59453 -0.0660564 0.275906 3.05815 0.00116174 -0.660295
-0.59452 -0.0625333 0.275782 3.05299 0.00265111 -0.662824
-0.594512 -0.0590172 0.275666 3.04932 0.00369049 -0.664809
-0.594508 -0.0555161 0.275564 3.04884 0.00374905 -0.666003
-0.59451 -0.0520123 0.275464 3.04826 0.00400903 -0.665155
-0.594516 -0.0485146 0.27538 3.04912 0.00387413 -0.663375
-0.594515 -0.0450081 0.275282 3.04783 0.00429964 -0.663336
-0.594507 -0.0415024 0.275192 3.0461 0.00464753 -0.665966
-0.594495 -0.0380108 0.275102 3.04682 0.0040418 -0.67037
-0.594493 -0.0345138 0.275037 3.04723 0.0038359 -0.671196
-0.594501 -0.0310139 0.274945 3.04785 0.00386123 -0.668453
-0.594514 -0.0274982 0.27476 3.04585 0.00495753 -0.663307
-0.594528 -0.0239808 0.274615 3.0435 0.00616689 -0.658161
-0.594546 -0.020473 0.27449 3.04333 0.00676614 -0.651737
-0.594551 -0.0170329 0.274455 3.05517 0.00288643 -0.652444
-0.594511 -0.0135787 0.274866 3.06109 -0.000156389 -0.667448
-0.594477 -0.0100804 0.274926 3.05882 -0.000316277 -0.679275
-0.594445 -0.00655191 0.27487 3.05101 0.00154921 -0.688597
-0.594425 -0.00300582 0.274753 3.04066 0.00463352 -0.693458
-0.594422 0.00052455 0.274579 3.03457 0.00670818 -0.693499
-0.594439 0.00403714 0.274384 3.03349 0.00766444 -0.68724
-0.594488 0.00751847 0.274163 3.04078 0.00661363 -0.671567
-0.594527 0.0109961 0.274129 3.048 0.00526952 -0.659156
-0.594536 0.0144832 0.274169 3.05108 0.0044504 -0.656892
-0.594527 0.0179839 0.274131 3.0503 0.00446505 -0.659813
-0.594513 0.0214836 0.274094 3.04938 0.0043998 -0.664298
-0.594505 0.0249732 0.274056 3.05078 0.00368874 -0.667381
-0.5945 0.0284534 0.274018 3.05414 0.00235628 -0.670089
-0.594497 0.0319441 0.273958 3.05571 0.00172954 -0.671424
-0.594493 0.0354365 0.273929 3.05687 0.00121554 -0.673008
-0.594485 0.0389198 0.273931 3.05947 7.78608e-05 -0.676397
-0.594469 0.0424025 0.273931 3.06158 -0.00110168 -0.682406
-0.594455 0.0459023 0.273932 3.06052 -0.0011288 -0.687359
-0.594449 0.0494213 0.27388 3.05649 0.000168877 -0.688366
-0.594452 0.0529586 0.27374 3.04957 0.00273856 -0.685939
-0.594456 0.0565063 0.273551 3.04072 0.00600984 -0.682817
-0.594453 0.0600432 0.273337 3.03348 0.00849698 -0.682126
-0.594444 0.0635488 0.273174 3.03168 0.00881938 -0.685132
-0.594432 0.0670242 0.273079 3.03551 0.00708845 -0.689976
-0.594429 0.0704935 0.273057 3.04114 0.00496976 -0.692218
-0.594433 0.0739596 0.273031 3.04791 0.00263841 -0.692276
-0.590954 0.0739341 0.271395 3.05436 0.000908522 -0.686376
-0.590967 0.0704078 0.271396 3.06036 -0.000886426 -0.683093
-0.590972 0.0669104 0.271443 3.06026 -0.00070386 -0.68123
-0.590978 0.0634503 0.271551 3.05308 0.00202817 -0.677575
-0.590987 0.0600068 0.271729 3.04293 0.00587025 -0.672416
-0.590992 0.0565467 0.27192 3.0357 0.00856004 -0.669012
-0.590993 0.0530494 0.272062 3.03527 0.00874304 -0.668535
-0.590983 0.0495259 0.272182 3.03903 0.00714102 -0.672711
-0.590968 0.0459943 0.272242 3.0439 0.00496437 -0.679216
-0.590954 0.0424706 0.272274 3.04741 0.0033179 -0.684726
-0.590952 0.0389628 0.272275 3.0487 0.00277524 -0.685941
-0.590963 0.0354583 0.272242 3.05043 0.00249826 -0.682273
-0.590979 0.0319523 0.272277 3.05276 0.00212575 -0.677253
-0.590997 0.0284421 0.272314 3.05605 0.00147296 -0.671605
-0.591004 0.0249307 0.272363 3.05875 0.000721528 -0.669689
-0.591004 0.021433 0.272382 3.05833 0.000872561 -0.66955
-0.590997 0.0179493 0.272436 3.05473 0.00194956 -0.671038
-0.591001 0.0144585 0.272477 3.0532 0.00257451 -0.66962
-0.59101 0.0109565 0.27257 3.05431 0.00246743 -0.666379
-0.591016 0.00744498 0.272649 3.05697 0.00171225 -0.664801
-0.591011 0.00395375 0.272717 3.05491 0.0022811 -0.666193
-0.590991 0.000474029 0.272869 3.04953 0.00356489 -0.672153
-0.590964 -0.00300543 0.272992 3.04352 0.00483465 -0.680597
-0.590939 -0.00649337 0.273087 3.03931 0.005546 -0.688503
-0.590922 -0.0100137 0.273157 3.04193 0.00409716 -0.694787
-0.590925 -0.0135516 0.273079 3.04936 0.00147237 -0.695464
-0.590963 -0.0170684 0.272919 3.05545 0.00036419 -0.683484
-0.590989 -0.0205536 0.272991 3.05463 0.00143618 -0.673886
-0.591013 -0.024033 0.273053 3.0525 0.00288443 -0.664938
-0.591012 -0.0275317 0.273232 3.05217 0.00297152 -0.665231
-0.591001 -0.0310357 0.273329 3.05206 0.00267538 -0.669306
-0.590988 -0.0345437 0.273391 3.05262 0.00210579 -0.674034
-0.590978 -0.0380428 0.273419 3.05171 0.00213999 -0.677346
-0.590973 -0.0415257 0.273514 3.04811 0.00327926 -0.678152
-0.59097 -0.0450113 0.273632 3.04506 0.00424387 -0.678832
-0.59097 -0.0485114 0.27372 3.04511 0.00423527 -0.67873
-0.590972 -0.0520101 0.273789 3.04505 0.00433512 -0.677789
-0.590973 -0.0555151 0.273864 3.04605 0.00399545 -0.677844
-0.590966 -0.0590159 0.273995 3.0457 0.00392086 -0.680072
-0.590951 -0.0625031 0.274083 3.04206 0.00472318 -0.68488
-0.590936 -0.0659937 0.274146 3.03918 0.00530415 -0.689249
-0.590933 -0.0695102 0.274206 3.04203 0.00415866 -0.69123
-0.590938 -0.0730355 0.274256 3.04727 0.00243292 -0.690379
-0.59095 -0.0765452 0.274329 3.05008 0.00179237 -0.686609
-0.590972 -0.080041 0.274419 3.0509 0.00213834 -0.679205
-0.590997 -0.0835213 0.274501 3.04905 0.00355503 -0.669867
-0.591011 -0.087005 0.274619 3.04697 0.00469334 -0.664525
-0.5875 -0.0870025 0.27295 3.04565 0.00481127 -0.668264
-0.587493 -0.0834926 0.272841 3.04322 0.00544479 -0.670237
-0.587484 -0.0799894 0.272768 3.04197 0.00561982 -0.672955
-0.587472 -0.076496 0.272678 3.04229 0.00512631 -0.677445
-0.587457 -0.0730132 0.272585 3.04446 0.00390926 -0.683122
-0.587436 -0.0695126 0.272491 3.0427 0.00387356 -0.690326
-0.587415 -0.0660016 0.272384 3.03896 0.00455244 -0.696929
-0.587401 -0.0624994 0.272304 3.03747 0.00465216 -0.70143
-0.58739 -0.0590086 0.272254 3.03839 0.00396494 -0.705421
-0.587383 -0.0555196 0.272168 3.03987 0.00316583 -0.708472
-0.587385 -0.0520212 0.272076 3.04038 0.00305863 -0.707723
-0.587389 -0.0485121 0.271983 3.03899 0.00371715 -0.705865
-0.58739 -0.0450001 0.271911 3.03676 0.00456344 -0.705138
-0.587392 -0.0414985 0.271803 3.0366 0.00468309 -0.704431
-0.5874 -0.0380113 0.271729 3.03967 0.00381369 -0.702265
-0.58741 -0.0345267 0.271723 3.04339 0.00276636 -0.699534
-0.58743 -0.0310336 0.271642 3.04624 0.00233918 -0.693154
-0.58744 -0.0275326 0.27158 3.04682 0.00244199 -0.689698
-0.587448 -0.024027 0.271514 3.0464 0.00285036 -0.686654
-0.587458 -0.0205293 0.271476 3.04759 0.00272337 -0.683434
-0.58747 -0.0170418 0.271423 3.0509 0.001901 -0.679878
-0.587478 -0.0135611 0.271409 3.05518 0.000608039 -0.677951
-0.587471 -0.0100657 0.271423 3.05555 0.000281308 -0.680461
-0.587464 -0.00655188 0.271383 3.05236 0.00120457 -0.682314
-0.587462 -0.00303139 0.271285 3.0483 0.0025933 -0.682167
-0.587462 0.000472153 0.271182 3.04762 0.00283431 -0.682006
-0.587469 0.00396299 0.271072 3.04992 0.00223037 -0.679946
-0.587479 0.00745289 0.271012 3.0526 0.00156852 -0.677009
-0.587476 0.010962 0.270965 3.05059 0.00217739 -0.677797
-0.587462 0.0144778 0.270876 3.04655 0.00319632 -0.681787
-0.587446 0.017984 0.270749 3.04418 0.0035631 -0.686769
-0.587434 0.0214719 0.270663 3.0455 0.00270094 -0.691529
-0.587426 0.0249485 0.270649 3.04938 0.00106817 -0.695028
-0.587422 0.0284357 0.270627 3.05149 0.000171549 -0.696969
-0.587419 0.031939 0.270587 3.05067 0.000390132 -0.697751
-0.587417 0.0354463 0.270563 3.04909 0.00089453 -0.69823
-0.587417 0.0389497 0.270563 3.04845 0.00113566 -0.698048
-0.587417 0.042439 0.270531 3.05044 0.000383313 -0.69873
-0.587416 0.0459167 0.270478 3.05463 -0.00117592 -0.699882
-0.587417 0.0494112 0.270442 3.05576 -0.00155848 -0.699757
-0.587417 0.0529374 0.270343 3.05074 0.000274964 -0.698762
-0.58742 0.056484 0.270182 3.04214 0.00353153 -0.69566
-0.587432 0.0600255 0.270007 3.03516 0.00645855 -0.689899
-0.587452 0.0635412 0.269835 3.03367 0.00763957 -0.682657
-0.587473 0.0670144 0.269754 3.04042 0.00591832 -0.676535
-0.587489 0.0704687 0.269762 3.05033 0.00287651 -0.673163
-0.587498 0.0739448 0.269764 3.05561 0.00128874 -0.670938
-0.583974 0.0739294 0.268108 3.05676 0.000222247 -0.679582
-0.583959 0.0704052 0.268084 3.06021 -0.00143972 -0.6858
-0.583948 0.0669001 0.268047 3.06035 -0.00179676 -0.68969
-0.58393 0.0634309 0.268161 3.0531 0.000298033 -0.694461
-0.583909 0.0599711 0.268293 3.04377 0.00301304 -0.700051
-0.583888 0.0564989 0.268427 3.03685 0.00487325 -0.705807
-0.583864 0.0530071 0.268606 3.03331 0.00534764 -0.713778
-0.583844 0.0494889 0.26868 3.03517 0.00397997 -0.721271
-0.583837 0.0459649 0.268678 3.0392 0.00223585 -0.724489
-0.583838 0.042454 0.268679 3.04131 0.00144802 -0.724802
-0.583837 0.0389503 0.26871 3.04197 0.0011747 -0.725179
-0.58383 0.0354459 0.268757 3.04222 0.000842312 -0.727767
-0.583818 0.0319462 0.268787 3.04117 0.000833774 -0.73191
-0.583807 0.0284318 0.26882 3.04296 -0.000238936 -0.736412
-0.583799 0.0249183 0.26883 3.04484 -0.00124153 -0.739734
-0.583797 0.0214225 0.268899 3.0439 -0.000933776 -0.740145
-0.583805 0.0179457 0.269018 3.0402 0.000798339 -0.736311
-0.583812 0.0144713 0.269143 3.03594 0.00270363 -0.732752
-0.583828 0.0109911 0.269267 3.03344 0.00420827 -0.726702
-0.58385 0.00747885 0.269337 3.03762 0.00339213 -0.719555
-0.583871 0.0039649 0.269453 3.04197 0.00244925 -0.71298
-0.583886 0.000466269 0.269508 3.04292 0.00259012 -0.707786
-0.583895 -0.00302406 0.269598 3.04177 0.00330026 -0.704456
-0.583902 -0.00651404 0.269661 3.04043 0.00402888 -0.7016
-0.583917 -0.0100289 0.269709 3.04439 0.00303485 -0.697322
-0.583923 -0.0135514 0.269735 3.04918 0.00148224 -0.696076
-0.583921 -0.0170624 0.269736 3.05112 0.000710693 -0.697262
-0.583913 -0.0205604 0.2698 3.05013 0.000835195 -0.699807
-0.583906 -0.0240514 0.269834 3.04783 0.00144765 -0.70196
-0.583904 -0.0275438 0.269899 3.04624 0.00197476 -0.702261
-0.583901 -0.0310516 0.269961 3.04747 0.0014178 -0.703693
-0.583901 -0.0345634 0.269998 3.04969 0.00059264 -0.704265
-0.583898 -0.0380689 0.270052 3.05057 0.000199096 -0.705221
-0.583899 -0.0415589 0.270116 3.04868 0.000903939 -0.704765
-0.583897 -0.0450328 0.270212 3.04359 0.0027345 -0.704178
-0.5839 -0.0485183 0.270319 3.04104 0.00376418 -0.702632
-0.583905 -0.0520259 0.270412 3.04292 0.00325047 -0.70106
-0.583907 -0.0555398 0.2705 3.0457 0.00227819 -0.701154
-0.583903 -0.0590431 0.270553 3.04602 0.00203392 -0.702633
-0.583893 -0.0625381 0.270601 3.04431 0.00236344 -0.705643
-0.583878 -0.0660254 0.270692 3.04069 0.00320685 -0.710225
-0.583863 -0.0695185 0.27076 3.03817 0.00364958 -0.714977
-0.583849 -0.073028 0.270807 3.0388 0.00292185 -0.720388
-0.583839 -0.0765224 0.270853 3.03695 0.00329771 -0.723367
-0.583835 -0.0800077 0.270919 3.03382 0.0043418 -0.724138
-0.583834 -0.0834975 0.271018 3.03183 0.0050748 -0.723947
-0.58383 -0.0870025 0.271123 3.03245 0.0046933 -0.725572
-0.580302 -0.0870118 0.269295 3.03183 0.00392327 -0.735687
-0.580283 -0.083505 0.269201 3.02896 0.00434536 -0.741859
-0.580273 -0.0799912 0.269103 3.02551 0.00531945 -0.744627
-0.58027 -0.0764923 0.26901 3.02548 0.00523067 -0.745588
-0.580272 -0.0730107 0.268965 3.02911 0.00386554 -0.745875
-0.580279 -0.0695164 0.268924 3.03078 0.00346877 -0.743715
-0.580299 -0.0660219 0.268896 3.03354 0.00312665 -0.73699
-0.580328 -0.0625344 0.268855 3.03829 0.00229089 -0.727732
-0.580358 -0.0590445 0.268831 3.04264 0.00162769 -0.718023
-0.580382 -0.0555524 0.268795 3.04607 0.00111574 -0.710176
-0.580396 -0.052048 0.268751 3.04635 0.00146243 -0.705211
-0.5804 -0.0485234 0.268644 3.04198 0.00319894 -0.702913
-0.580401 -0.0450078 0.268518 3.03911 0.00430197 -0.701775
-0.580403 -0.0415073 0.268418 3.03921 0.00434187 -0.700951
-0.580398 -0.0380197 0.268349 3.04117 0.00346345 -0.703126
-0.580391 -0.0345356 0.268259 3.04361 0.00232606 -0.706337
-0.580382 -0.0310433 0.268228 3.04435 0.00175505 -0.709799
-0.580372 -0.0275366 0.268169 3.04231 0.00220831 -0.712723
-0.580362 -0.02403 0.268074 3.04027 0.00264582 -0.715775
-0.580354 -0.0205362 0.267992 3.04072 0.00218001 -0.719069
-0.58035 -0.0170564 0.267978 3.04428 0.000722293 -0.721078
-0.58035 -0.0135775 0.267983 3.04823 -0.000800184 -0.722214
-0.580352 -0.0100773 0.267961 3.04836 -0.000782226 -0.72151
-0.580354 -0.006555 0.267892 3.04433 0.000826853 -0.719717
-0.580358 -0.00304275 0.267839 3.04235 0.0017181 -0.71777
-0.580368 0.000453054 0.267798 3.04396 0.00144173 -0.714496
-0.580386 0.00393563 0.2678 3.04869 0.000229391 -0.709211
-0.5804 0.00744131 0.267732 3.04873 0.000660031 -0.704196
-0.580405 0.0109788 0.267595 3.04194 0.00330751 -0.701121
-0.580396 0.0145056 0.267405 3.03616 0.0051388 -0.702922
-0.580379 0.0180173 0.267276 3.03254 0.00588282 -0.708265
-0.580362 0.0215098 0.267141 3.03259 0.00527716 -0.7144
-0.580339 0.0249911 0.267016 3.0343 0.00385834 -0.722949
-0.580309 0.0284727 0.266967 3.03532 0.00244602 -0.733874
-0.580282 0.0319639 0.266926 3.03477 0.00172797 -0.743278
-0.580265 0.0354498 0.266897 3.03594 0.000639794 -0.749972
-0.580255 0.0389379 0.26686 3.03736 -0.000269973 -0.753791
-0.580257 0.0424328 0.266851 3.03847 -0.000652063 -0.753446
-0.580255 0.0459323 0.266852 3.03837 -0.000695408 -0.754282
-0.580245 0.0494344 0.266808 3.03714 -0.000554355 -0.757515
-0.580237 0.0529483 0.266697 3.03382 0.000477549 -0.759678
-0.580237 0.0564714 0.266545 3.02946 0.0022318 -0.758596
-0.580246 0.0599973 0.266416 3.02536 0.00422605 -0.754304
-0.580255 0.063503 0.266313 3.02505 0.00468612 -0.751041
-0.580256 0.0669787 0.266237 3.02971 0.00287395 -0.751814
-0.580254 0.0704465 0.266209 3.03564 0.000446345 -0.753888
-0.580253 0.0739337 0.266213 3.038 -0.000517234 -0.754675
-0.576732 0.0739227 0.264323 3.03821 -0.00137723 -0.762569
-0.576715 0.0704009 0.264314 3.04086 -0.00305307 -0.769317
-0.576707 0.0669045 0.264335 3.03945 -0.0027819 -0.772029
-0.576706 0.063435 0.264437 3.03365 -0.000430399 -0.770871
-0.576708 0.059964 0.264573 3.02838 0.0018064 -0.768826
-0.576711 0.0564788 0.264698 3.02586 0.00295304 -0.767068
-0.576712 0.0529813 0.264815 3.02547 0.00314939 -0.76664
-0.576711 0.0494792 0.264903 3.0258 0.00298704 -0.76697
-0.576716 0.0459774 0.264927 3.02651 0.0028598 -0.765622
-0.576723 0.042462 0.264983 3.03003 0.00170118 -0.763922
-0.57672 0.0389318 0.264991 3.03552 -0.000609242 -0.766075
-0.576708 0.0354168 0.264973 3.0373 -0.00177147 -0.770861
-0.576697 0.031918 0.264991 3.03605 -0.0016962 -0.774836
-0.576697 0.0284325 0.265047 3.03337 -0.000571663 -0.773968
-0.576718 0.0249506 0.265138 3.03176 0.000875872 -0.766135
-0.576745 0.0214608 0.265265 3.03223 0.00172774 -0.756248
-0.576767 0.0179845 0.265404 3.02963 0.00359364 -0.747647
-0.576787 0.0145242 0.265565 3.02377 0.00664232 -0.739222
-0.57681 0.0110553 0.265789 3.01981 0.00905714 -0.730039
-0.576831 0.00753717 0.265924 3.02499 0.00785142 -0.723694
-0.576844 0.00399804 0.266008 3.03349 0.00508265 -0.720978
-0.576852 0.000480026 0.26606 3.03761 0.00381677 -0.718822
-0.576857 -0.0030218 0.266106 3.03834 0.00370155 -0.717295
-0.576851 -0.00651653 0.26614 3.03688 0.00405855 -0.718983
-0.576838 -0.0100365 0.266189 3.03956 0.00258593 -0.72452
-0.576819 -0.013566 0.266191 3.04367 0.000416423 -0.731983
-0.5768 -0.0170846 0.266155 3.04556 -0.000966604 -0.739513
-0.576785 -0.0205789 0.266153 3.04326 -0.000562626 -0.744203
-0.576776 -0.0240601 0.26623 3.0389 0.000815776 -0.746639
-0.576776 -0.0275417 0.266335 3.03544 0.00218468 -0.745764
-0.576786 -0.0310429 0.266398 3.03654 0.00212243 -0.742272
-0.576798 -0.0345497 0.266445 3.0388 0.00165056 -0.738565
-0.576811 -0.0380496 0.266512 3.03982 0.00168696 -0.734302
-0.57682 -0.0415379 0.26663 3.03841 0.00257083 -0.730471
-0.576833 -0.045018 0.266751 3.03568 0.0040611 -0.725299
-0.576845 -0.0484962 0.266881 3.03249 0.00567953 -0.720476
-0.576859 -0.0519922 0.267036 3.03294 0.00602831 -0.715247
-0.576875 -0.05551 0.267087 3.03757 0.00482016 -0.710734
-0.576882 -0.0590349 0.267091 3.04291 0.00307422 -0.709252
-0.576883 -0.0625499 0.267104 3.04584 0.00201855 -0.709514
-0.57688 -0.0660603 0.267139 3.04758 0.00127366 -0.710973
-0.576874 -0.0695657 0.267141 3.04809 0.000878642 -0.713405
-0.57687 -0.0730708 0.267195 3.04873 0.000511767 -0.714971
-0.576859 -0.0765694 0.267299 3.04757 0.000589179 -0.718758
-0.57683 -0.0800611 0.267349 3.04362 0.00113247 -0.728262
-0.576795 -0.083552 0.26734 3.03902 0.00171314 -0.739727
-0.576767 -0.087049 0.267365 3.03608 0.00186506 -0.749224
-0.573261 -0.0870391 0.265493 3.03368 0.00258895 -0.75093
-0.573256 -0.0835415 0.265443 3.03374 0.00240097 -0.752547
-0.573262 -0.0800592 0.265453 3.03758 0.00108308 -0.751346
-0.573276 -0.0765769 0.265415 3.04213 -0.000226414 -0.747272
-0.573288 -0.073078 0.265351 3.04331 -0.000295258 -0.743391
-0.573291 -0.0695774 0.265317 3.04348 -0.000249154 -0.742252
-0.573283 -0.06608 0.265271 3.04334 -0.000452612 -0.74494
-0.573273 -0.0625896 0.265236 3.04423 -0.00117423 -0.749079
-0.573268 -0.0591036 0.265209 3.04651 -0.00222849 -0.751199
-0.573267 -0.0556 0.265193 3.04571 -0.0019577 -0.751517
-0.573269 -0.0520715 0.26516 3.04051 0.000188899 -0.749458
-0.573276 -0.0485428 0.265033 3.03568 0.00234792 -0.74585
-0.573283 -0.0450154 0.264918 3.0311 0.00441382 -0.742134
-0.573288 -0.0415086 0.264834 3.03019 0.00493378 -0.740293
-0.573289 -0.0380162 0.264749 3.0317 0.00437605 -0.740372
-0.573288 -0.0345256 0.26466 3.03342 0.00368073 -0.740997
-0.573282 -0.0310196 0.264575 3.03178 0.00410045 -0.742814
-0.573271 -0.0274994 0.264477 3.02701 0.00554793 -0.745743
-0.573257 -0.0239911 0.264341 3.02427 0.00610974 -0.749985
-0.573243 -0.0205033 0.264242 3.02535 0.00513769 -0.75545
-0.57323 -0.0170371 0.264231 3.03064 0.00255845 -0.761273
-0.573221 -0.0135724 0.26425 3.03649 -0.000145804 -0.766123
-0.573214 -0.0100855 0.264245 3.03837 -0.00116141 -0.769056
-0.573212 -0.00658145 0.264207 3.03739 -0.00084894 -0.769706
-0.573212 -0.00307665 0.264236 3.03655 -0.000478173 -0.76921
-0.57321 0.000424339 0.264154 3.03617 -0.000405491 -0.769931
-0.573206 0.00390836 0.264095 3.03877 -0.00164134 -0.772248
-0.573203 0.00741489 0.263992 3.03733 -0.00113947 -0.772787
-0.573206 0.0109634 0.26389 3.02847 0.00260699 -0.76952
-0.57322 0.0145079 0.26375 3.02127 0.00607574 -0.762814
-0.573231 0.0180191 0.26356 3.02014 0.00697828 -0.758451
-0.573234 0.0215233 0.263375 3.01957 0.00730828 -0.757344
-0.573229 0.0250369 0.263216 3.01652 0.00830479 -0.758595
-0.573222 0.0285444 0.263128 3.01452 0.00882723 -0.760608
-0.573209 0.0320275 0.263055 3.01662 0.00748617 -0.765657
-0.573198 0.0354861 0.263016 3.02344 0.00429119 -0.77135
-0.573192 0.038942 0.263039 3.03119 0.000877369 -0.775537
-0.573186 0.0424347 0.263046 3.0321 0.000304893 -0.77767
-0.573177 0.0459489 0.262954 3.02859 0.00138869 -0.780225
-0.57317 0.0494504 0.262925 3.02771 0.00148574 -0.782487
-0.573174 0.052952 0.262841 3.0277 0.00162104 -0.781284
-0.573181 0.0564702 0.262718 3.02492 0.00305782 -0.77797
-0.573188 0.0599902 0.262632 3.02179 0.00463519 -0.774584
-0.573195 0.0635112 0.262519 3.01843 0.00628297 -0.771322
-0.57319 0.0670048 0.262379 3.01922 0.00577377 -0.773225
-0.573172 0.0704755 0.262315 3.02314 0.00345238 -0.780788
-0.573148 0.07396 0.262295 3.02391 0.00218237 -0.789682
-0.569615 0.0739629 0.26015 3.02023 0.00232237 -0.801273
-0.569606 0.0704618 0.260229 3.0196 0.00220965 -0.804459
-0.56961 0.0669787 0.260339 3.01681 0.00357872 -0.802254
-0.569616 0.0635066 0.26051 3.01214 0.00582619 -0.798895
-0.569623 0.0600169 0.260605 3.01085 0.00667668 -0.796016
-0.569621 0.0565131 0.260703 3.01144 0.0063738 -0.796598
-0.569613 0.0529924 0.260834 3.01452 0.00470124 -0.800569
-0.569603 0.0494772 0.260879 3.01649 0.00344968 -0.804642
-0.569595 0.0459845 0.260904 3.01438 0.00401405 -0.806958
-0.569596 0.0424787 0.260945 3.01551 0.00354301 -0.807148
-0.569602 0.0389373 0.260971 3.02386 0.000218941 -0.806841
-0.569606 0.0354105 0.260979 3.02925 -0.0019412 -0.806727
-0.569608 0.0319239 0.261019 3.02692 -0.000859175 -0.805437
-0.569606 0.028453 0.261077 3.02133 0.00147402 -0.804626
-0.569603 0.0249822 0.261151 3.01556 0.00381165 -0.804269
-0.569603 0.0215042 0.261353 3.01139 0.0055688 -0.803402
-0.569604 0.0180202 0.26157 3.00845 0.00684818 -0.802439
-0.569595 0.0145404 0.261792 3.00385 0.0084174 -0.80443
-0.569577 0.0110492 0.261916 3.00049 0.00901743 -0.81027
-0.569563 0.00752849 0.261985 3.00301 0.00727237 -0.816244
-0.569558 0.00399686 0.262033 3.00845 0.00467941 -0.819516
-0.569556 0.000482662 0.262105 3.01094 0.00351308 -0.820783
-0.569554 -0.00302332 0.262163 3.01191 0.00301779 -0.821646
-0.569558 -0.00652809 0.262158 3.0132 0.00263935 -0.820407
-0.569569 -0.0100478 0.262193 3.01793 0.00104903 -0.817549
-0.569582 -0.0135776 0.262212 3.02472 -0.00136798 -0.814474
-0.569595 -0.0170943 0.262221 3.02906 -0.0027288 -0.810853
-0.569609 -0.0205821 0.262229 3.02808 -0.00172021 -0.805402
-0.56962 -0.0240516 0.262323 3.02343 0.000764678 -0.799919
-0.569633 -0.0275223 0.262456 3.01911 0.00314082 -0.794167
-0.569644 -0.0310094 0.262605 3.01769 0.00420786 -0.789718
-0.569661 -0.0345136 0.262752 3.02002 0.00393203 -0.784131
-0.569679 -0.0380178 0.262864 3.02247 0.00366732 -0.777963
-0.569691 -0.0415119 0.262931 3.02238 0.00416488 -0.773758
-0.569691 -0.0449996 0.26302 3.02006 0.00511885 -0.773144
-0.569682 -0.0484948 0.263135 3.01836 0.00545015 -0.775994
-0.569663 -0.0520016 0.26322 3.01794 0.00484743 -0.782852
-0.569633 -0.0555271 0.263163 3.01999 0.00276004 -0.794465
-0.569605 -0.0590572 0.263157 3.02308 0.000309457 -0.805477
-0.569585 -0.0625696 0.263187 3.02349 -0.000715908 -0.813115
-0.569574 -0.06606 0.263224 3.02066 3.87477e-05 -0.816499
-0.569586 -0.0695393 0.263314 3.01796 0.00176066 -0.811176
-0.569619 -0.0730388 0.263414 3.02091 0.00189002 -0.799842
-0.569654 -0.0765561 0.263498 3.02734 0.000578643 -0.788617
-0.569686 -0.0800767 0.263523 3.03413 -0.000999238 -0.77833
-0.569708 -0.0835801 0.263559 3.03675 -0.00124064 -0.770835
-0.569721 -0.0870633 0.263644 3.03473 8.22969e-05 -0.765525
-0.566209 -0.087049 0.261724 3.03096 0.00114261 -0.769139
-0.566204 -0.0835673 0.261658 3.03397 -0.000273889 -0.771678
-0.566202 -0.0800819 0.261609 3.03657 -0.00139943 -0.772889
-0.566194 -0.0765823 0.26157 3.03587 -0.00143992 -0.775924
-0.566176 -0.0730511 0.261462 3.02839 0.000937348 -0.780727
-0.566143 -0.0694996 0.261324 3.01572 0.0048113 -0.789637
-0.566103 -0.0659886 0.261189 3.00991 0.00549725 -0.803107
-0.566065 -0.0625109 0.261074 3.01053 0.00356718 -0.817297
-0.566039 -0.0590454 0.261044 3.01447 0.00068366 -0.828085
-0.566022 -0.0555726 0.261058 3.01795 -0.00159603 -0.835161
-0.566019 -0.0520852 0.26108 3.01997 -0.0026469 -0.836877
-0.566027 -0.0485764 0.261061 3.01911 -0.00190336 -0.833699
-0.566039 -0.0450618 0.260976 3.01757 -0.000659801 -0.828708
-0.566055 -0.0415573 0.260897 3.01827 -0.000253457 -0.82291
-0.56607 -0.0380515 0.260841 3.01861 0.000256495 -0.817438
-0.566075 -0.0345374 0.260705 3.01649 0.00141927 -0.814892
-0.566076 -0.0310165 0.260544 3.01263 0.00311926 -0.813715
-0.566073 -0.027493 0.260417 3.00799 0.00501371 -0.81346
-0.566075 -0.0239847 0.260318 3.00656 0.00569238 -0.812592
-0.566078 -0.0204937 0.260227 3.0086 0.00497779 -0.81174
-0.566085 -0.0170248 0.260206 3.01506 0.00248335 -0.810864
-0.566087 -0.0135547 0.260221 3.02086 6.24818e-05 -0.811546
-0.566083 -0.0100632 0.260179 3.02206 -0.000631721 -0.813382
-0.566076 -0.00654923 0.260095 3.01879 0.000485617 -0.815121
-0.566063 -0.00304504 0.260061 3.01673 0.00079341 -0.819593
-0.566047 0.000448487 0.260013 3.01643 0.000227821 -0.825413
-0.566031 0.00393864 0.259945 3.01667 -0.000616826 -0.831653
-0.566015 0.00744141 0.259887 3.01461 -0.000417506 -0.837055
-0.566005 0.0109658 0.259803 3.00906 0.00159251 -0.839421
-0.565998 0.0144884 0.259626 3.00421 0.00345817 -0.840581
-0.565994 0.0180059 0.25943 3.00047 0.00490877 -0.841387
-0.56599 0.0215257 0.259223 2.99639 0.00654721 -0.841781
-0.565992 0.0250359 0.259046 2.99473 0.00740812 -0.840476
-0.565998 0.0285373 0.258969 2.99498 0.00756048 -0.838539
-0.566007 0.0320194 0.25891 2.99922 0.00610955 -0.836222
-0.566013 0.0354786 0.258867 3.00751 0.00272095 -0.835853
-0.566009 0.0389447 0.258833 3.01345 -0.000121568 -0.838887
-0.566001 0.0424541 0.258788 3.01084 0.000650414 -0.841443
-0.565994 0.0459697 0.258775 3.0073 0.0019367 -0.842948
-0.565986 0.049462 0.258744 3.00789 0.00127219 -0.846256
-0.56598 0.0529445 0.25868 3.01055 -0.000230188 -0.849296
-0.565984 0.0564401 0.25857 3.01178 -0.000587734 -0.847982
-0.565993 0.059963 0.258502 3.0084 0.0013693 -0.843803
-0.565999 0.0634978 0.258416 3.0025 0.00432699 -0.839983
-0.565999 0.0670124 0.258213 2.99975 0.005546 -0.839368
-0.565993 0.070519 0.25802 2.99794 0.00606799 -0.841086
-0.565981 0.0740302 0.257888 2.99462 0.0069451 -0.84485
-0.562465 0.0740476 0.255636 2.98984 0.0083113 -0.849378
-0.562455 0.0705526 0.255801 2.98789 0.0086749 -0.852636
-0.562452 0.0670606 0.256037 2.986 0.00933007 -0.853613
-0.562449 0.063577 0.256238 2.98268 0.0107001 -0.85374
-0.562444 0.0600701 0.256312 2.98346 0.0100876 -0.855762
-0.562435 0.0565314 0.25636 2.98976 0.00674421 -0.860799
-0.562423 0.0529921 0.25642 2.99583 0.00332976 -0.866942
-0.562409 0.0494788 0.256498 2.99686 0.00212622 -0.872574
-0.562398 0.0459882 0.256516 2.99395 0.00290879 -0.876014
-0.562388 0.0424896 0.256534 2.9926 0.00299484 -0.879592
-0.56239 0.038971 0.256591 2.99629 0.00136033 -0.879775
-0.562407 0.0354542 0.256683 3.00114 -7.81059e-05 -0.874724
-0.562426 0.0319498 0.256777 3.00396 -0.000419516 -0.868128
-0.562437 0.0284617 0.256837 3.00287 0.000647498 -0.863627
-0.562435 0.0249759 0.256909 3.00004 0.00186167 -0.863641
-0.562424 0.0214921 0.257027 2.99586 0.00322111 -0.866769
-0.562409 0.0180098 0.257164 2.99105 0.00468126 -0.871092
-0.562402 0.0145273 0.257294 2.98705 0.00616316 -0.872764
-0.5624 0.0110334 0.257458 2.98575 0.00668229 -0.873045
-0.562395 0.00751409 0.257613 2.98879 0.00498193 -0.875818
-0.562391 0.00399426 0.257663 2.99209 0.00323579 -0.878082
-0.562396 0.000491866 0.257744 2.99307 0.00304466 -0.876405
-0.562407 -0.00300235 0.257825 2.9931 0.0035922 -0.872376
-0.562416 -0.00649816 0.257909 2.99322 0.00399157 -0.869111
-0.562428 -0.010007 0.258024 2.99617 0.00327208 -0.8651
-0.56245 -0.0135276 0.258101 3.00226 0.001557 -0.858347
-0.562475 -0.0170524 0.258095 3.00942 -0.000511444 -0.850675
-0.56249 -0.0205592 0.258115 3.01217 -0.00106327 -0.845795
-0.562493 -0.0240471 0.258219 3.01025 -3.61789e-05 -0.844041
-0.562489 -0.0275213 0.258301 3.00501 0.00212462 -0.844305
-0.562482 -0.0310001 0.25841 3.00036 0.00388169 -0.845705
-0.562483 -0.0344862 0.25858 2.99785 0.00505447 -0.844757
-0.56249 -0.0379895 0.258719 2.9991 0.00481327 -0.842622
-0.562497 -0.0415023 0.258783 3.00224 0.00375922 -0.840656
-0.562504 -0.0450067 0.258895 3.00376 0.00342031 -0.838376
-0.562506 -0.0485205 0.258983 3.00653 0.00227129 -0.838369
-0.562508 -0.0520461 0.259003 3.01149 0.000135192 -0.838899
-0.562516 -0.0555797 0.259011 3.01858 -0.00268386 -0.837652
-0.562523 -0.0591042 0.258998 3.02375 -0.00473875 -0.836647
-0.562531 -0.062606 0.258997 3.02492 -0.00488571 -0.833726
-0.562534 -0.0660669 0.259066 3.01796 -0.0016226 -0.830673
-0.56253 -0.0695061 0.259205 3.00618 0.00340541 -0.829185
-0.562522 -0.0729777 0.259328 3.00004 0.00570894 -0.830795
-0.562524 -0.0764869 0.259477 3.00203 0.00495238 -0.830328
-0.56253 -0.0800181 0.259557 3.00839 0.0023847 -0.829933
-0.562533 -0.0835459 0.259566 3.01394 9.48586e-05 -0.829918
-0.562539 -0.0870324 0.259587 3.01196 0.00122966 -0.82733
-0.559034 -0.0870227 0.257573 3.0097 0.00201335 -0.828515
-0.559034 -0.0835498 0.257565 3.01469 -0.000236802 -0.830074
-0.559032 -0.0800611 0.25752 3.01659 -0.00117368 -0.83134
-0.559025 -0.076544 0.257413 3.01276 0.000223627 -0.832863
-0.559019 -0.0730084 0.25729 3.00557 0.00316747 -0.83304
-0.559028 -0.0694833 0.257161 3.00174 0.00529157 -0.82875
-0.559054 -0.0659834 0.257051 3.00423 0.0053932 -0.819912
-0.559078 -0.0625069 0.257007 3.01093 0.00356653 -0.812631
-0.559094 -0.0590421 0.256987 3.01912 0.000750688 -0.80843
-0.559098 -0.055561 0.256962 3.02299 -0.000769056 -0.808086
-0.559089 -0.0520678 0.256945 3.0234 -0.00133748 -0.811623
-0.55908 -0.0485735 0.256933 3.02359 -0.00181846 -0.815161
-0.559069 -0.0450613 0.256865 3.02028 -0.000838721 -0.818316
-0.55905 -0.0415488 0.256739 3.01618 0.00014126 -0.82413
-0.559029 -0.0380352 0.256613 3.01155 0.00119868 -0.831011
-0.559011 -0.034509 0.25647 3.00492 0.00330668 -0.835903
-0.558997 -0.0309869 0.256318 2.99943 0.00508159 -0.839702
-0.558991 -0.0274858 0.25621 2.99856 0.00514724 -0.841942
-0.558994 -0.023999 0.25612 3.00129 0.0040524 -0.841629
-0.559001 -0.0205247 0.256032 3.00685 0.00191449 -0.840186
-0.559006 -0.0170443 0.255994 3.01094 0.000273041 -0.839641
-0.558999 -0.0135423 0.255967 3.0099 0.000430523 -0.841862
-0.558982 -0.0100268 0.255884 3.00531 0.00167959 -0.847099
-0.558963 -0.00651422 0.255759 3.00101 0.00267256 -0.85332
-0.558948 -0.00300769 0.255636 2.99835 0.00317546 -0.858011
-0.558943 0.000493373 0.255517 2.99759 0.00324535 -0.859883
-0.558935 0.00398726 0.255422 2.99793 0.00269252 -0.862946
-0.558923 0.00747984 0.255331 2.99807 0.00201315 -0.867564
-0.55891 0.0109948 0.255195 2.99389 0.00326057 -0.871531
-0.5589 0.0145211 0.255029 2.98796 0.00548782 -0.873825
-0.558894 0.0180336 0.254905 2.98507 0.00655271 -0.875055
-0.558894 0.0215282 0.254855 2.98605 0.00607935 -0.875421
-0.558909 0.0250052 0.254794 2.99191 0.00413599 -0.871201
-0.558937 0.0284899 0.254695 2.99761 0.00290528 -0.86223
-0.558962 0.0319808 0.254666 3.00186 0.00220697 -0.853807
-0.558972 0.0354813 0.254639 3.00276 0.00227981 -0.850363
-0.558963 0.0389862 0.2545 3.00098 0.00266549 -0.853126
-0.558945 0.0424952 0.254336 2.99748 0.00336281 -0.858988
-0.558927 0.0460026 0.254216 2.99422 0.00392505 -0.865063
-0.558909 0.0494891 0.254143 2.99486 0.00269254 -0.872096
-0.558894 0.0529508 0.254101 3.00037 -0.000686515 -0.87944
-0.558885 0.0564272 0.254101 3.00381 -0.00277862 -0.883793
-0.558882 0.0599438 0.254069 3.00046 -0.00131413 -0.883864
-0.558886 0.0634786 0.253949 2.99443 0.00177167 -0.880716
-0.558888 0.0670064 0.253792 2.98942 0.00421623 -0.878847
-0.558885 0.0705244 0.253577 2.98576 0.00578013 -0.879004
-0.558884 0.0740434 0.253359 2.98212 0.00743616 -0.878425
-0.555375 0.0740489 0.251075 2.98021 0.00786265 -0.881144
-0.555367 0.0705605 0.251293 2.97715 0.00883257 -0.883538
-0.555365 0.0670772 0.251485 2.97381 0.0102797 -0.883504
-0.555364 0.0635826 0.251642 2.97274 0.0107458 -0.883472
-0.555362 0.0600639 0.251792 2.97605 0.00909614 -0.884937
-0.555361 0.0565161 0.251844 2.98483 0.00487226 -0.887641
-0.555361 0.0529724 0.251847 2.9929 0.000995707 -0.88991
-0.555362 0.0494669 0.251865 2.99402 0.000514091 -0.889811
-0.555365 0.0459835 0.251915 2.99119 0.00199892 -0.888161
-0.555368 0.0425001 0.252048 2.98848 0.00347823 -0.886151
-0.555375 0.0390199 0.252258 2.98561 0.00526227 -0.882497
-0.55539 0.0355291 0.252387 2.98544 0.00614598 -0.876877
-0.555414 0.0320268 0.252455 2.98835 0.00606699 -0.868586
-0.555447 0.0285071 0.252569 2.99553 0.00450106 -0.857584
-0.555477 0.0249705 0.252718 3.00537 0.00145662 -0.848826
-0.555487 0.0214562 0.252772 3.00898 0.000263378 -0.846216
-0.555477 0.0179695 0.252769 3.00549 0.00135964 -0.84912
-0.555457 0.0144907 0.252865 2.99956 0.00308581 -0.854936
-0.555437 0.0110061 0.25299 2.99458 0.0043062 -0.861491
-0.555424 0.00750613 0.253106 2.99325 0.00425647 -0.866002
-0.55542 0.00400303 0.253189 2.99347 0.00397472 -0.867381
-0.555414 0.000493333 0.253279 2.99466 0.00311322 -0.869932
-0.555406 -0.00300646 0.253353 2.99373 0.00309892 -0.872949
-0.555398 -0.00649882 0.253437 2.99146 0.00373012 -0.875457
-0.55539 -0.00998579 0.253557 2.98817 0.0048294 -0.877727
-0.555385 -0.0134821 0.253656 2.98706 0.00512934 -0.87899
-0.555393 -0.016997 0.25375 2.99058 0.0038541 -0.877197
-0.555407 -0.0205227 0.25382 2.9969 0.00164989 -0.873223
-0.555422 -0.0240366 0.253914 3.00095 0.000479485 -0.868873
-0.555433 -0.0275318 0.254027 3.00119 0.000924511 -0.86479
-0.555436 -0.0310109 0.254134 2.99771 0.0027438 -0.862379
-0.555433 -0.0344895 0.254257 2.99338 0.00456684 -0.862511
-0.555431 -0.0379862 0.254381 2.99257 0.00484207 -0.863014
-0.555432 -0.0414801 0.254543 2.99153 0.00537298 -0.862383
-0.555438 -0.0449733 0.254678 2.9909 0.00598879 -0.859857
-0.55545 -0.0484918 0.254727 2.99554 0.00445614 -0.85663
-0.555467 -0.0520037 0.254764 2.99948 0.00350032 -0.8513
-0.555488 -0.0555126 0.254841 3.00323 0.00282372 -0.844349
-0.555516 -0.0590399 0.254849 3.01114 0.000592176 -0.835699
-0.555545 -0.0625496 0.254865 3.01572 -0.000150341 -0.826193
-0.555563 -0.0660508 0.254972 3.01773 -0.000209605 -0.819809
-0.555564 -0.0695391 0.255131 3.01568 0.000747041 -0.818794
-0.555557 -0.0730124 0.255222 3.00994 0.00290519 -0.820154
-0.555548 -0.0765071 0.255305 3.00808 0.0033021 -0.823093
-0.555537 -0.0800251 0.25539 3.0104 0.00178963 -0.827704
-0.555528 -0.0835521 0.25542 3.0146 -0.000465496 -0.832053
-0.555516 -0.08705 0.255455 3.01304 -0.000315462 -0.836119
-0.552007 -0.0870596 0.253241 3.01389 -0.00114244 -0.839952
-0.551997 -0.0835807 0.253169 3.01688 -0.00292958 -0.844345
-0.551991 -0.0800889 0.253134 3.01773 -0.00363045 -0.847141
-0.55199 -0.0765753 0.253124 3.01517 -0.00247131 -0.846519
-0.551995 -0.0730456 0.253087 3.01011 5.10195e-05 -0.843447
-0.552003 -0.0695441 0.252992 3.01061 0.000195959 -0.840621
-0.552009 -0.0660566 0.252848 3.0136 -0.000843429 -0.838901
-0.552017 -0.0625619 0.25277 3.01537 -0.00127294 -0.836359
-0.552017 -0.0590641 0.252808 3.01576 -0.00145165 -0.836494
-0.552011 -0.0555518 0.252802 3.01285 -0.000439549 -0.8381
-0.552 -0.0520424 0.252664 3.01003 0.000319998 -0.841435
-0.551982 -0.0485376 0.252549 3.00731 0.000677711 -0.847609
-0.551966 -0.0450176 0.252447 3.00202 0.00231652 -0.852101
-0.551958 -0.041505 0.252316 2.9988 0.00335421 -0.854516
-0.551952 -0.0379977 0.252169 2.99688 0.00394805 -0.856155
-0.551952 -0.0344876 0.252062 2.99501 0.00481532 -0.855569
-0.551961 -0.0309859 0.251941 2.99559 0.00499391 -0.852426
-0.551972 -0.0274925 0.251848 2.99795 0.00448596 -0.848793
-0.551974 -0.0240036 0.25176 3.00023 0.0035534 -0.848602
-0.551962 -0.0205118 0.251656 3.0005 0.0028131 -0.853403
-0.551937 -0.0170025 0.251537 2.99624 0.00350412 -0.861681
-0.551909 -0.0134901 0.251388 2.99096 0.00444563 -0.871175
-0.551888 -0.00998362 0.251264 2.98759 0.00491525 -0.878131
-0.551876 -0.00648506 0.251151 2.98659 0.00473372 -0.882469
-0.551874 -0.002995 0.251074 2.98817 0.00384912 -0.883829
-0.551874 0.000492229 0.250986 2.99059 0.00272451 -0.884287
-0.551871 0.00399508 0.250898 2.98974 0.00296484 -0.885214
-0.551865 0.0075051 0.250796 2.98721 0.00382225 -0.886972
-0.551859 0.0110148 0.250658 2.98474 0.00465238 -0.888684
-0.55186 0.0145156 0.25054 2.98473 0.00473036 -0.888204
-0.55187 0.0179956 0.250481 2.98956 0.00299658 -0.885457
-0.551886 0.0214566 0.25047 2.99849 -0.000420962 -0.881736
-0.551901 0.0249256 0.250434 3.00574 -0.00314164 -0.878178
-0.55191 0.0284421 0.250364 3.00362 -0.00166623 -0.874142
-0.551907 0.0319765 0.250222 2.99697 0.00132247 -0.873384
-0.551899 0.0355023 0.250138 2.99136 0.00353815 -0.874852
-0.551891 0.0390258 0.24998 2.98615 0.00554988 -0.876503
-0.551886 0.0425337 0.249763 2.98412 0.00621063 -0.878019
-0.551889 0.0460313 0.249674 2.98488 0.00601537 -0.877073
-0.551894 0.0495158 0.249641 2.9883 0.00468392 -0.87602
-0.551892 0.0529776 0.249634 2.99521 0.00133722 -0.878518
-0.551886 0.0564483 0.249597 2.99995 -0.00125766 -0.882338
-0.551881 0.0599601 0.249481 2.99721 -0.000223497 -0.883552
-0.551873 0.0634932 0.249302 2.99027 0.00266088 -0.884637
-0.551861 0.0670269 0.249121 2.98268 0.00556916 -0.887385
-0.551848 0.0705473 0.248939 2.97759 0.00729658 -0.890719
-0.55184 0.0740433 0.24874 2.97744 0.00689875 -0.893811
-0.548326 0.0740346 0.24639 2.97748 0.00605116 -0.899373
-0.548313 0.0705512 0.246553 2.97303 0.00745922 -0.903028
-0.548304 0.0670797 0.246718 2.96669 0.00995429 -0.904981
-0.548299 0.0635945 0.246912 2.96336 0.0112448 -0.906138
-0.548295 0.0600777 0.247092 2.96613 0.00970584 -0.908104
-0.548296 0.0565358 0.247143 2.9739 0.00591878 -0.910152
-0.548306 0.0530065 0.247204 2.98043 0.00330499 -0.907997
-0.548322 0.0495005 0.247299 2.98335 0.00282391 -0.902429
-0.548336 0.0459973 0.247365 2.9855 0.00259413 -0.89748
-0.548343 0.0425048 0.247442 2.98489 0.0032938 -0.894558
-0.548339 0.0390207 0.247606 2.9815 0.00469607 -0.895211
-0.548326 0.0355351 0.247755 2.97736 0.00590859 -0.899303
-0.54831 0.0320525 0.24789 2.97242 0.00736538 -0.904046
-0.548293 0.0285458 0.247972 2.97175 0.00666844 -0.910504
-0.548284 0.0250074 0.248005 2.97779 0.00314111 -0.915816
-0.548292 0.021474 0.24801 2.98483 0.000102265 -0.914733
-0.548309 0.0179562 0.248104 2.98999 -0.00148032 -0.909518
-0.54832 0.0144582 0.248212 2.99082 -0.00127171 -0.9055
-0.548329 0.0109777 0.248317 2.98822 0.000520864 -0.901259
-0.548341 0.00749708 0.248466 2.98597 0.00231292 -0.895925
-0.548357 0.00400475 0.248629 2.98628 0.00306605 -0.889809
-0.548374 0.000495979 0.248749 2.98979 0.0023545 -0.884007
-0.548385 -0.00302414 0.248834 2.9947 0.000611978 -0.88106
-0.548381 -0.00653228 0.248895 2.99568 -0.000119587 -0.883214
-0.548363 -0.0100265 0.248938 2.99269 0.000336382 -0.889348
-0.548347 -0.0135024 0.249032 2.98655 0.00241111 -0.893697
-0.54834 -0.0169784 0.249211 2.98137 0.00452274 -0.894879
-0.548345 -0.0204701 0.249354 2.98039 0.0052833 -0.892658
-0.548361 -0.0239737 0.249469 2.98271 0.0050441 -0.887357
-0.548377 -0.027478 0.249576 2.98523 0.0047388 -0.881842
-0.548386 -0.0309882 0.249678 2.98814 0.00388272 -0.878965
-0.548388 -0.0344928 0.24978 2.98916 0.00348384 -0.878649
-0.548382 -0.0379908 0.249858 2.98814 0.00363712 -0.88069
-0.548373 -0.0414911 0.249963 2.98725 0.00356703 -0.883907
-0.548363 -0.0449857 0.250081 2.98517 0.00400475 -0.887162
-0.548359 -0.0484824 0.250203 2.98416 0.00427792 -0.888323
-0.548359 -0.0519794 0.250393 2.98361 0.00453888 -0.888203
-0.548356 -0.0554835 0.250545 2.98401 0.00416298 -0.889575
-0.548355 -0.0589941 0.250586 2.98585 0.00322105 -0.890493
-0.548357 -0.0625089 0.250574 2.98882 0.00191128 -0.890476
-0.548364 -0.0660259 0.25061 2.9927 0.000416555 -0.888925
-0.548373 -0.0695272 0.250748 2.99393 0.000330584 -0.885672
-0.548382 -0.0730115 0.25085 2.99194 0.00175392 -0.881787
-0.548384 -0.0765194 0.250837 2.99363 0.00106481 -0.881432
-0.548384 -0.0800436 0.25084 2.99816 -0.00107726 -0.882565
-0.548387 -0.0835636 0.250918 3.00218 -0.00283714 -0.882475
-0.548398 -0.0870616 0.251008 3.0029 -0.00263835 -0.878687
-0.544898 -0.0870471 0.248815 3.00022 -0.00136669 -0.877955
-0.544885 -0.0835546 0.248741 3.00029 -0.00205401 -0.882809
-0.544868 -0.0800678 0.248643 3.00094 -0.00324321 -0.889444
-0.544855 -0.0765699 0.248569 2.99994 -0.00345548 -0.894206
-0.544851 -0.073051 0.248512 2.99598 -0.0017734 -0.894783
-0.544848 -0.0695431 0.248436 2.9942 -0.00107453 -0.895452
-0.544836 -0.0660434 0.248353 2.99295 -0.00112924 -0.899754
-0.544825 -0.0625431 0.248268 2.99167 -0.00112727 -0.903754
-0.544815 -0.059041 0.248193 2.99019 -0.000959035 -0.907191
-0.544811 -0.0555434 0.248124 2.99026 -0.00119442 -0.90858
-0.544818 -0.0520355 0.248042 2.98956 -0.000455222 -0.905693
-0.544824 -0.0485119 0.24792 2.98584 0.00170256 -0.902393
-0.54482 -0.0449914 0.247771 2.98157 0.00352995 -0.902905
-0.544805 -0.041489 0.247604 2.97954 0.00368139 -0.907943
-0.544794 -0.0379992 0.247473 2.98019 0.00271578 -0.912426
-0.544792 -0.034512 0.247393 2.98228 0.00153318 -0.914012
-0.544793 -0.0310232 0.247335 2.98445 0.000514868 -0.914219
-0.544796 -0.0275207 0.247245 2.98439 0.000759703 -0.91277
-0.544801 -0.0240086 0.247134 2.98272 0.00187714 -0.910371
-0.544805 -0.0204825 0.247031 2.9783 0.00426855 -0.907712
-0.544807 -0.0169576 0.246865 2.9739 0.0065228 -0.905826
-0.544815 -0.0134528 0.246718 2.97395 0.00700755 -0.902534
-0.544837 -0.00998097 0.246687 2.98153 0.00457189 -0.896251
-0.544871 -0.00652169 0.246711 2.99271 0.00103505 -0.886224
-0.544904 -0.00304475 0.246695 3.00055 -0.000927966 -0.875385
-0.544925 0.000464076 0.246638 3.00107 -9.8786e-05 -0.867592
-0.544932 0.00399283 0.246504 2.99645 0.00241753 -0.8637
-0.544925 0.00752181 0.246278 2.99031 0.00487651 -0.864823
-0.544904 0.0110394 0.246058 2.98491 0.00628499 -0.871138
-0.544877 0.014528 0.245901 2.98416 0.00515664 -0.881332
-0.544847 0.0180101 0.245761 2.98427 0.00345538 -0.892844
-0.544812 0.0214996 0.245643 2.98232 0.00237101 -0.906143
-0.544771 0.0249885 0.245579 2.97984 0.00122342 -0.921283
-0.544731 0.0284964 0.245492 2.97376 0.00179105 -0.935507
-0.5447 0.0320123 0.245368 2.9672 0.00313164 -0.945994
-0.544682 0.0355114 0.245213 2.96527 0.00296817 -0.952487
-0.544683 0.0390001 0.245079 2.96746 0.00189681 -0.952722
-0.544699 0.0424917 0.244984 2.97088 0.00115735 -0.947358
-0.544721 0.0459888 0.244957 2.97396 0.000962738 -0.93958
-0.544737 0.0494923 0.244887 2.97523 0.00135628 -0.93341
-0.544744 0.052985 0.244752 2.97739 0.000701851 -0.931202
-0.544739 0.0564753 0.244672 2.97851 -0.000220872 -0.933795
-0.544725 0.0599876 0.244586 2.97471 0.00087782 -0.93799
-0.544711 0.0635251 0.244403 2.96623 0.00431433 -0.940986
-0.544699 0.067058 0.244156 2.95879 0.00731849 -0.943619
-0.544694 0.0705627 0.243971 2.95723 0.0077274 -0.945461
-0.544696 0.0740458 0.243857 2.96055 0.00614802 -0.945674
-0.541198 0.0740169 0.241414 2.96612 0.00343018 -0.946379
-0.541192 0.0705216 0.24146 2.96457 0.00384958 -0.948245
-0.541184 0.0670531 0.241609 2.95787 0.00677159 -0.949424
-0.541171 0.0635745 0.241847 2.9524 0.00871029 -0.952978
-0.541158 0.0600758 0.242047 2.95061 0.00873787 -0.957648
-0.541158 0.0565676 0.24219 2.95209 0.0079596 -0.958124
-0.541171 0.0530579 0.242335 2.95536 0.0071095 -0.954111
-0.541181 0.049549 0.242454 2.95826 0.00632391 -0.950721
-0.541187 0.046027 0.242515 2.96304 0.00427211 -0.949576
-0.541189 0.0424993 0.242555 2.96831 0.00165003 -0.950463
-0.54119 0.0389775 0.242627 2.97239 -0.000416036 -0.95132
-0.54119 0.0354681 0.242708 2.97412 -0.00131557 -0.951831
-0.541187 0.0319842 0.242841 2.97076 0.000211012 -0.952188
-0.541178 0.0284982 0.242952 2.96722 0.00150813 -0.95446
-0.541173 0.0249978 0.243062 2.96666 0.00144609 -0.956435
-0.541168 0.0214965 0.243126 2.96625 0.00130032 -0.958487
-0.541165 0.017996 0.243221 2.96601 0.0012392 -0.959541
-0.541171 0.0145106 0.243338 2.96416 0.00266716 -0.956278
-0.541189 0.0110483 0.243545 2.95933 0.00636193 -0.947915
-0.541212 0.00758622 0.243834 2.95505 0.0100955 -0.937656
-0.541248 0.00411026 0.244136 2.95478 0.0126176 -0.923515
-0.541294 0.000604685 0.244362 2.96104 0.0124657 -0.907239
-0.54134 -0.00293818 0.244467 2.97402 0.00888423 -0.893051
-0.541378 -0.00649906 0.244497 2.98939 0.00361576 -0.882537
-0.541396 -0.0100433 0.244507 2.99952 -0.000240596 -0.878247
-0.54139 -0.0135443 0.244467 2.999 -0.000344931 -0.880672
-0.541372 -0.0170158 0.244519 2.99182 0.00209579 -0.885623
-0.541351 -0.020491 0.244669 2.98497 0.0041943 -0.891844
-0.541332 -0.0239882 0.244798 2.98245 0.0043564 -0.89832
-0.541316 -0.027497 0.244911 2.98228 0.00350059 -0.904624
-0.541301 -0.0310105 0.244983 2.98318 0.00223012 -0.910449
-0.541293 -0.0345255 0.245037 2.98503 0.000836447 -0.91421
-0.54129 -0.0380275 0.245118 2.98501 0.000648634 -0.915522
-0.541296 -0.0415067 0.245297 2.98186 0.00256759 -0.912288
-0.541307 -0.0449761 0.245504 2.97748 0.00540797 -0.906618
-0.541315 -0.0484614 0.245623 2.97559 0.00677036 -0.903221
-0.541315 -0.0519753 0.245673 2.97821 0.00552327 -0.903755
-0.541308 -0.0555032 0.245706 2.98256 0.00297741 -0.907805
-0.541296 -0.0590125 0.245751 2.98294 0.00209408 -0.912584
-0.541286 -0.0625163 0.245859 2.98257 0.00171836 -0.916186
-0.541283 -0.0660162 0.24596 2.98222 0.00171572 -0.917262
-0.541287 -0.0695067 0.246023 2.98088 0.00259346 -0.915487
-0.541288 -0.0730114 0.24609 2.98185 0.00216865 -0.915381
-0.541287 -0.076527 0.24618 2.98465 0.000741656 -0.916422
-0.541287 -0.0800441 0.246246 2.98772 -0.000822551 -0.917521
-0.541288 -0.0835408 0.24632 2.9873 -0.000523092 -0.916814
-0.541297 -0.0870117 0.246409 2.98295 0.00217729 -0.912029
-0.537803 -0.0869797 0.244044 2.97771 0.00511445 -0.908218
-0.537809 -0.0834885 0.243976 2.97994 0.00434119 -0.906725
-0.537809 -0.0800096 0.243931 2.98391 0.00243728 -0.907547
-0.537808 -0.076525 0.243865 2.98658 0.00102864 -0.908933
-0.537809 -0.0730301 0.243801 2.98766 0.000572912 -0.90873
-0.537809 -0.0695115 0.243705 2.98421 0.00225958 -0.907821
-0.537797 -0.0659953 0.24355 2.97993 0.00367772 -0.911177
-0.537772 -0.0624907 0.243375 2.97622 0.00398232 -0.920102
-0.537748 -0.0590127 0.243274 2.97761 0.00187791 -0.929698
-0.537743 -0.0555515 0.243279 2.9841 -0.00174358 -0.933748
-0.537758 -0.0520649 0.243313 2.98823 -0.00297112 -0.92912
-0.537785 -0.0485446 0.243318 2.98765 -0.0010227 -0.918036
-0.537816 -0.045006 0.243228 2.98397 0.00263887 -0.904918
-0.537836 -0.0414741 0.243066 2.98028 0.00561276 -0.896093
-0.537841 -0.0379715 0.242838 2.98031 0.00586231 -0.894349
-0.537833 -0.0344861 0.242717 2.98216 0.00453036 -0.897823
-0.537817 -0.0309942 0.242634 2.98189 0.00374003 -0.903988
-0.537799 -0.0275016 0.242507 2.98121 0.00299731 -0.911013
-0.537785 -0.0239993 0.242378 2.97925 0.00315044 -0.915826
-0.537779 -0.0204861 0.24223 2.97617 0.00432429 -0.917255
-0.537782 -0.0169852 0.24211 2.97636 0.00441894 -0.916082
-0.537799 -0.0135206 0.242138 2.98478 0.00123977 -0.911785
-0.537829 -0.0100803 0.24225 2.99907 -0.00418423 -0.90411
-0.537851 -0.00661509 0.242238 3.00784 -0.00734829 -0.898078
-0.537863 -0.00310679 0.242215 3.00751 -0.00659655 -0.893638
-0.537866 0.000450689 0.242136 2.99733 -0.00144683 -0.889263
-0.537856 0.00402588 0.241895 2.98237 0.00516599 -0.888915
-0.537838 0.00758097 0.24154 2.97018 0.00990378 -0.892599
-0.537821 0.0111115 0.241222 2.96264 0.0124698 -0.897144
-0.537807 0.014619 0.240982 2.95962 0.013017 -0.902018
-0.537792 0.0180998 0.240827 2.96153 0.0111844 -0.90828
-0.537783 0.0215714 0.240759 2.96578 0.00855744 -0.912944
-0.537784 0.0250508 0.240734 2.9697 0.00669214 -0.913605
-0.537797 0.0285401 0.240651 2.97321 0.005793 -0.909238
-0.537816 0.0320339 0.240524 2.97637 0.00532659 -0.903043
-0.537825 0.0355232 0.240421 2.97942 0.00441508 -0.900085
-0.537817 0.0390078 0.240345 2.98139 0.00299719 -0.903697
-0.537803 0.0424882 0.240234 2.98342 0.0011719 -0.909887
-0.537788 0.0459787 0.240151 2.98347 0.000255559 -0.915889
-0.537778 0.0494812 0.240112 2.98196 0.000452308 -0.919146
-0.537767 0.0529979 0.240021 2.97763 0.00194928 -0.922212
-0.537752 0.0565213 0.239824 2.97156 0.00402167 -0.926619
-0.537736 0.0600384 0.239593 2.96663 0.00551527 -0.931347
-0.537725 0.0635511 0.239377 2.96295 0.00662186 -0.934897
-0.537721 0.0670684 0.239153 2.95933 0.00821199 -0.935317
-0.537722 0.070556 0.239024 2.96171 0.00706279 -0.935632
-0.537727 0.0740113 0.239022 2.9706 0.00290921 -0.935912
-0.534236 0.0739685 0.236589 2.97943 -0.00107161 -0.935064
-0.534243 0.0704719 0.236634 2.97955 -0.000732706 -0.932544
-0.534242 0.0669981 0.236752 2.97473 0.00170387 -0.931222
-0.534241 0.0635202 0.236915 2.97048 0.00374678 -0.930667
-0.534246 0.0600442 0.237129 2.96666 0.00600935 -0.927476
-0.534257 0.0565664 0.237388 2.96386 0.00812443 -0.922317
-0.534268 0.0530717 0.237587 2.96413 0.00868231 -0.918097
-0.534276 0.0495573 0.23769 2.96768 0.00741541 -0.916003
-0.534283 0.046032 0.237761 2.97308 0.00514195 -0.914929
-0.534287 0.0425126 0.237889 2.97718 0.0033923 -0.914265
-0.534303 0.039021 0.238061 2.97742 0.00423254 -0.908086
-0.534332 0.0355373 0.238184 2.97757 0.00586089 -0.896997
-0.534369 0.032037 0.238299 2.9816 0.00603176 -0.883904
-0.534401 0.0285158 0.238417 2.98893 0.00430533 -0.873634
-0.534412 0.0249833 0.238458 2.99615 0.00150975 -0.871207
-0.534402 0.0214608 0.238419 2.99925 -0.000482714 -0.876022
-0.534383 0.0179667 0.238468 2.99616 -1.37748e-05 -0.882398
-0.53436 0.0144971 0.238644 2.98814 0.00257033 -0.888883
-0.534338 0.0110426 0.238851 2.97724 0.00647173 -0.894692
-0.53432 0.00759895 0.239136 2.96478 0.0113346 -0.898402
-0.534309 0.00415959 0.239536 2.95232 0.0166153 -0.899231
-0.534302 0.000674074 0.239808 2.94886 0.0178316 -0.900986
-0.534287 -0.00287828 0.239793 2.95685 0.0130264 -0.909086
-0.534273 -0.0064524 0.239774 2.96907 0.00624051 -0.917572
-0.534276 -0.0100246 0.239845 2.98266 -0.000373664 -0.920354
-0.534286 -0.0135591 0.239821 2.99013 -0.0035388 -0.918538
-0.53429 -0.0170504 0.239817 2.98905 -0.00273097 -0.916448
-0.534291 -0.020536 0.239905 2.98648 -0.0014041 -0.915409
-0.534288 -0.0240301 0.240028 2.98511 -0.000879058 -0.91607
-0.534291 -0.0275209 0.240139 2.98369 -2.40336e-05 -0.914693
-0.534303 -0.0310086 0.240276 2.98278 0.00114519 -0.909675
-0.534323 -0.0344971 0.240422 2.9829 0.00227122 -0.901811
-0.534348 -0.0379758 0.240584 2.98166 0.00430838 -0.891895
-0.534371 -0.0414429 0.24081 2.97807 0.00736574 -0.881992
-0.534387 -0.0449308 0.24094 2.97749 0.0085231 -0.875876
-0.534388 -0.0484589 0.240988 2.98277 0.00607789 -0.877054
-0.534371 -0.0520174 0.241043 2.99181 0.000897059 -0.886003
-0.53434 -0.0555798 0.241031 3.00004 -0.00468842 -0.900198
-0.53431 -0.0590932 0.240965 2.9992 -0.00591501 -0.911744
-0.53429 -0.0625519 0.240936 2.98946 -0.00219039 -0.916539
-0.534286 -0.0660048 0.241115 2.98036 0.00210181 -0.915486
-0.534291 -0.069482 0.241324 2.97665 0.00420287 -0.912744
-0.534295 -0.0729945 0.241456 2.97943 0.00308723 -0.911805
-0.5343 -0.0765147 0.241495 2.98367 0.00126431 -0.911188
-0.534305 -0.0800265 0.241558 2.98642 0.000202465 -0.909957
-0.534308 -0.0835243 0.24163 2.98633 0.00041238 -0.908806
-0.534303 -0.0870018 0.241738 2.98166 0.00243852 -0.909317
-0.53077 -0.0869998 0.239246 2.97764 0.00248117 -0.920984
-0.530754 -0.0835141 0.239123 2.97837 0.0011126 -0.92772
-0.530748 -0.0800303 0.239062 2.98067 -0.000415086 -0.930766
-0.530749 -0.0765455 0.239054 2.98361 -0.00181959 -0.931037
-0.530753 -0.073048 0.239025 2.9845 -0.00204389 -0.929812
-0.53076 -0.0695192 0.238889 2.97994 0.000653976 -0.925955
-0.53077 -0.0659729 0.238702 2.97264 0.00497745 -0.919701
-0.530783 -0.0624472 0.238549 2.96933 0.00740356 -0.913844
-0.530791 -0.0589838 0.23858 2.97698 0.00410433 -0.912858
-0.530792 -0.0555644 0.238647 2.99196 -0.00326572 -0.916555
-0.530795 -0.0521203 0.238661 3.00253 -0.00841936 -0.918531
-0.530808 -0.0486306 0.238669 3.00578 -0.00938059 -0.914673
-0.53083 -0.0450932 0.238716 3.00141 -0.00593184 -0.904503
-0.530863 -0.0415451 0.238648 2.99608 -0.00149604 -0.890297
-0.530895 -0.0380116 0.238464 2.99339 0.00159767 -0.876922
-0.53092 -0.0344839 0.238305 2.99084 0.00413136 -0.866775
-0.530928 -0.0309635 0.2381 2.98787 0.00593151 -0.862988
-0.530927 -0.027457 0.237942 2.98653 0.00648633 -0.863096
-0.530924 -0.0239682 0.237845 2.98828 0.00551126 -0.864736
-0.530922 -0.0204805 0.237755 2.99041 0.00443802 -0.865927
-0.530928 -0.0169995 0.237729 2.99459 0.00282251 -0.864657
-0.530929 -0.0135266 0.237753 2.99971 0.000487121 -0.865679
-0.530904 -0.010057 0.237663 3.00269 -0.00220472 -0.876324
-0.530859 -0.0065818 0.237509 3.00258 -0.00443211 -0.893375
-0.530811 -0.0030765 0.237448 2.99632 -0.00402106 -0.910515
-0.530778 0.00047933 0.2374 2.9824 0.000950332 -0.919354
-0.530771 0.00405239 0.23711 2.96817 0.00759124 -0.918015
-0.530781 0.00760284 0.236755 2.95987 0.0122545 -0.912187
-0.53079 0.0111269 0.236493 2.95644 0.0145032 -0.907738
-0.530796 0.0146173 0.236271 2.95893 0.0136919 -0.905964
-0.530807 0.0180783 0.236118 2.96735 0.0102552 -0.904072
-0.530824 0.0215185 0.236088 2.98029 0.00495391 -0.900952
-0.530842 0.0249651 0.236129 2.99214 0.000193019 -0.897161
-0.530866 0.028447 0.236134 2.99806 -0.00138265 -0.88955
-0.530888 0.0319766 0.236048 2.99495 0.00131435 -0.880147
-0.530904 0.0355166 0.235942 2.98922 0.00489857 -0.872442
-0.530911 0.0390411 0.235841 2.98542 0.00706894 -0.868675
-0.530907 0.0425338 0.235687 2.98633 0.00640815 -0.870608
-0.530895 0.0460149 0.235533 2.98857 0.00471708 -0.875806
-0.530883 0.0495124 0.235377 2.98778 0.00444563 -0.88014
-0.530875 0.0530256 0.235248 2.98444 0.00555857 -0.882473
-0.530869 0.0565572 0.235046 2.97793 0.00829853 -0.882987
-0.530857 0.0600893 0.234763 2.97068 0.0110249 -0.88566
-0.530839 0.0636023 0.234521 2.96629 0.0120226 -0.891503
-0.530821 0.0670942 0.234326 2.9659 0.011179 -0.898059
-0.530812 0.070566 0.23421 2.97011 0.0086046 -0.902747
-0.5308 0.07402 0.234172 2.9773 0.00440826 -0.909323
-0.527275 0.0740017 0.231656 2.97789 0.00264682 -0.919197
-0.527264 0.0704941 0.231702 2.97802 0.00190452 -0.923664
-0.527258 0.067003 0.231838 2.97567 0.00270508 -0.925422
-0.527251 0.0635377 0.232055 2.96849 0.00586168 -0.926126
-0.527247 0.0600817 0.232301 2.95998 0.0098816 -0.925134
-0.527249 0.0566097 0.232558 2.95494 0.012458 -0.92333
-0.527257 0.0531067 0.232801 2.9564 0.0122484 -0.9206
-0.527264 0.0495855 0.232968 2.96122 0.010367 -0.918846
-0.527272 0.0460615 0.233117 2.96647 0.00822203 -0.917436
-0.527281 0.0425615 0.233263 2.96748 0.00827926 -0.914224
-0.527292 0.0390821 0.233391 2.96498 0.0102236 -0.909043
-0.527293 0.0355972 0.233528 2.96229 0.0115948 -0.907924
-0.527284 0.0320804 0.23366 2.96432 0.0100147 -0.91221
-0.527269 0.0285338 0.233739 2.97134 0.00570685 -0.919666
-0.527264 0.0249822 0.233778 2.9802 0.000943034 -0.924399
-0.527274 0.0214479 0.233779 2.9876 -0.00220615 -0.922637
-0.527293 0.0179416 0.233824 2.99097 -0.00275063 -0.915847
-0.527315 0.0144701 0.233964 2.98817 -7.60025e-05 -0.906449
-0.527336 0.0110223 0.234211 2.98082 0.00473397 -0.896361
-0.527344 0.00756283 0.23444 2.97417 0.00839699 -0.891519
-0.527331 0.0040771 0.23466 2.97006 0.00957013 -0.89556
-0.527305 0.000573484 0.234866 2.96792 0.00907872 -0.904863
-0.527282 -0.00293617 0.235034 2.96713 0.00806457 -0.913594
-0.527277 -0.0064396 0.235169 2.96719 0.0077221 -0.915589
-0.527299 -0.00993899 0.235251 2.96957 0.00791494 -0.907606
-0.527339 -0.0134371 0.235297 2.97361 0.00833409 -0.893266
-0.527376 -0.0169672 0.235448 2.98319 0.00584721 -0.881569
-0.527399 -0.020492 0.235545 2.99027 0.00377162 -0.874475
-0.527411 -0.0239958 0.235592 2.99216 0.00348805 -0.870635
-0.527421 -0.0274788 0.235725 2.99002 0.00500753 -0.866354
-0.527434 -0.0309469 0.235931 2.98543 0.00782964 -0.860223
-0.527446 -0.0344281 0.236133 2.98318 0.0095171 -0.855004
-0.527451 -0.0379246 0.236308 2.98302 0.0098434 -0.853161
-0.527448 -0.0414242 0.236525 2.98272 0.00986283 -0.853924
-0.52744 -0.0449442 0.23666 2.98554 0.00811126 -0.858015
-0.52743 -0.0484978 0.236599 2.99455 0.00348401 -0.863993
-0.52743 -0.052066 0.236535 3.00718 -0.00241997 -0.867496
-0.527441 -0.0556203 0.23648 3.01835 -0.00715042 -0.866347
-0.527456 -0.0591182 0.236465 3.01954 -0.00696967 -0.860768
-0.527463 -0.0625757 0.236499 3.01236 -0.00329545 -0.856186
-0.527448 -0.0660367 0.236554 3.00357 4.32072e-06 -0.859566
-0.527417 -0.0695215 0.236629 2.99759 0.00120815 -0.869636
-0.527386 -0.073031 0.236738 2.99602 0.000291634 -0.881386
-0.527358 -0.0765526 0.236735 2.99711 -0.00167937 -0.89225
-0.527327 -0.0800748 0.236636 2.99781 -0.00370826 -0.904629
-0.527295 -0.0835844 0.236615 2.996 -0.00460987 -0.916795
-0.527265 -0.0870764 0.236674 2.99117 -0.00391747 -0.927201
-0.523756 -0.0870682 0.23426 2.98871 -0.0031655 -0.929814
-0.523745 -0.0835813 0.234151 2.98983 -0.00439862 -0.934576
-0.523737 -0.0801098 0.234198 2.99405 -0.00707136 -0.939242
-0.523737 -0.0766239 0.234321 2.99666 -0.00841099 -0.939955
-0.523746 -0.0731217 0.234319 2.99721 -0.00819896 -0.936774
-0.523764 -0.0696137 0.234245 2.9979 -0.00745243 -0.929489
-0.523797 -0.0660998 0.234232 2.99904 -0.00613519 -0.916813
-0.523843 -0.0625775 0.234226 3.00006 -0.00403374 -0.898945
-0.523895 -0.0590894 0.234215 3.00775 -0.00506127 -0.881114
-0.523934 -0.0556274 0.234244 3.01878 -0.00844844 -0.869323
-0.523941 -0.0521397 0.234323 3.0218 -0.00953196 -0.867395
-0.523923 -0.0486379 0.234379 3.01962 -0.00936393 -0.873724
-0.523902 -0.0451178 0.23437 3.01372 -0.00759025 -0.880103
-0.523887 -0.0415862 0.234206 3.00631 -0.004818 -0.883832
-0.523882 -0.0380616 0.23399 3.00124 -0.00265048 -0.884355
-0.523883 -0.0345246 0.233836 2.99452 0.00062754 -0.882018
-0.523885 -0.0309826 0.233659 2.98698 0.00433101 -0.879066
-0.523885 -0.0274654 0.233459 2.98379 0.00584083 -0.878182
-0.523886 -0.0239808 0.233338 2.98677 0.00449804 -0.878547
-0.523889 -0.0205149 0.233291 2.99337 0.0015079 -0.879372
-0.523893 -0.0170282 0.233155 2.99629 0.00035557 -0.878469
-0.523899 -0.0134955 0.233014 2.99079 0.00324361 -0.874958
-0.523901 -0.00995284 0.232935 2.98307 0.00696803 -0.872159
-0.523882 -0.00642589 0.232873 2.97607 0.00917779 -0.877479
-0.523859 -0.00292883 0.232655 2.97412 0.00876944 -0.885889
-0.523845 0.000552583 0.232396 2.97607 0.00704975 -0.891729
-0.523837 0.00404681 0.232241 2.97628 0.00649256 -0.894831
-0.523838 0.00756194 0.232085 2.97358 0.00784423 -0.893751
-0.523852 0.0110869 0.231903 2.97046 0.0101588 -0.887562
-0.523861 0.0146018 0.231695 2.9687 0.0115463 -0.883472
-0.523851 0.018085 0.231511 2.97072 0.00999145 -0.887991
-0.523819 0.0215577 0.23138 2.97231 0.00739192 -0.900667
-0.523773 0.0250232 0.231292 2.97364 0.00407127 -0.918682
-0.523727 0.0284917 0.231223 2.97408 0.00100334 -0.937268
-0.523688 0.0319849 0.23113 2.97073 0.000238341 -0.951827
-0.523661 0.0355038 0.230973 2.96411 0.00191554 -0.960537
-0.52365 0.0390235 0.23078 2.95919 0.00375377 -0.96344
-0.523652 0.0425272 0.230662 2.9588 0.00412634 -0.962362
-0.523657 0.0460177 0.230558 2.96108 0.00322544 -0.961279
-0.52366 0.0495163 0.230449 2.96167 0.00311069 -0.960311
-0.52366 0.0530388 0.230265 2.95759 0.0052684 -0.95897
-0.52366 0.0565781 0.230019 2.95038 0.00901365 -0.956909
-0.523665 0.0601106 0.229795 2.94497 0.0121328 -0.953558
-0.523672 0.0636234 0.229561 2.94344 0.013399 -0.950409
-0.523672 0.067111 0.229347 2.94582 0.0122333 -0.950775
-0.523668 0.0705897 0.229146 2.94919 0.0101883 -0.953531
-0.523657 0.0740705 0.229044 2.95148 0.00830278 -0.958261
-0.520152 0.0740633 0.226448 2.95214 0.00758672 -0.960608
-0.520152 0.0705582 0.226564 2.95309 0.00710066 -0.960818
-0.520157 0.0670675 0.2268 2.952 0.00801609 -0.958519
-0.520163 0.0635854 0.227045 2.94937 0.00976138 -0.955581
-0.520162 0.0601046 0.227265 2.94579 0.0115804 -0.954743
-0.520154 0.0566265 0.227472 2.94074 0.013584 -0.956653
-0.52014 0.0531246 0.227702 2.93947 0.0132796 -0.961658
-0.520124 0.0495981 0.227851 2.94237 0.0106305 -0.968895
-0.52011 0.0460736 0.227924 2.94509 0.00816923 -0.97544
-0.520096 0.0425565 0.227996 2.94645 0.00642559 -0.981541
-0.520077 0.0390461 0.228072 2.94601 0.00530699 -0.988952
-0.520054 0.0355426 0.228222 2.9437 0.00482738 -0.997733
-0.520035 0.0320297 0.228367 2.94368 0.00344757 -1.00527
-0.520028 0.0285091 0.228438 2.9465 0.00134948 -1.00904
-0.520035 0.0250092 0.228495 2.94728 0.00138898 -1.00673
-0.520054 0.0215302 0.228654 2.94602 0.00360059 -0.998222
-0.520089 0.018057 0.228875 2.94548 0.00647654 -0.984087
-0.520131 0.0145913 0.229122 2.94446 0.010133 -0.966824
-0.520163 0.0110985 0.229397 2.94696 0.0110673 -0.954966
-0.52018 0.00758619 0.229607 2.95126 0.0100195 -0.949415
-0.520188 0.00407509 0.229756 2.95427 0.00902649 -0.947028
-0.520195 0.00055614 0.229899 2.95857 0.00728274 -0.945504
-0.520197 -0.00293899 0.230095 2.95799 0.00775771 -0.944287
-0.520197 -0.00641014 0.230299 2.95268 0.0104629 -0.942799
-0.520195 -0.00989083 0.230481 2.94886 0.0122502 -0.942625
-0.520186 -0.0134 0.230602 2.94946 0.0113264 -0.946401
-0.520182 -0.016937 0.230714 2.95578 0.00781016 -0.94982
-0.520186 -0.0204781 0.230831 2.96378 0.00393889 -0.950547
-0.5202 -0.0239947 0.230896 2.96849 0.0024223 -0.946309
-0.520213 -0.0274781 0.230998 2.96698 0.00404629 -0.94071
-0.52022 -0.0309453 0.231194 2.96175 0.00715856 -0.936528
-0.520224 -0.0344324 0.231391 2.95986 0.00839119 -0.934321
-0.520229 -0.0379417 0.231526 2.96222 0.0075601 -0.932782
-0.520233 -0.0414549 0.231645 2.96503 0.00635009 -0.932312
-0.520231 -0.0449728 0.231765 2.96815 0.00468098 -0.933759
-0.520236 -0.0484833 0.231862 2.97067 0.00373249 -0.932431
-0.520253 -0.0519916 0.231893 2.97409 0.00302263 -0.926944
-0.520279 -0.0555265 0.231886 2.98341 -0.000127292 -0.919462
-0.520307 -0.0590536 0.231879 2.99159 -0.00256262 -0.910558
-0.520323 -0.0625653 0.231918 2.99548 -0.00361095 -0.90553
-0.520326 -0.0660837 0.231955 2.99915 -0.00527269 -0.905522
-0.520325 -0.0695947 0.231968 3.00112 -0.0062743 -0.906289
-0.520323 -0.0731097 0.23197 3.0036 -0.00764626 -0.908041
-0.520313 -0.076634 0.231928 3.00697 -0.00985778 -0.912885
-0.520307 -0.0801549 0.231856 3.01012 -0.0117691 -0.916249
-0.520301 -0.0836499 0.231823 3.00856 -0.011298 -0.91805
-0.520298 -0.0871161 0.231914 3.00201 -0.00818032 -0.917419
-0.516818 -0.0870824 0.22958 2.9981 -0.00505483 -0.908185
-0.516833 -0.0835936 0.229503 3.0018 -0.00606899 -0.903407
-0.51684 -0.0801152 0.22945 3.00651 -0.00803446 -0.902154
-0.516837 -0.0766369 0.229488 3.01011 -0.00999523 -0.904525
-0.516832 -0.073148 0.229576 3.01161 -0.0110025 -0.906911
-0.51683 -0.0696432 0.229625 3.01051 -0.0105673 -0.90744
-0.516819 -0.0661388 0.229627 3.00852 -0.0101492 -0.911026
-0.516798 -0.062637 0.229529 3.00584 -0.00996761 -0.918665
-0.516776 -0.0591398 0.229487 3.00391 -0.0102059 -0.926734
-0.516752 -0.055634 0.229479 3.00017 -0.00964046 -0.934962
-0.51673 -0.0521059 0.229436 2.99246 -0.00700976 -0.941622
-0.516708 -0.0485764 0.229311 2.98462 -0.00425374 -0.947715
-0.516682 -0.0450665 0.229188 2.97968 -0.00335255 -0.956848
-0.516662 -0.0415604 0.229107 2.97616 -0.00280508 -0.963911
-0.51665 -0.038044 0.229025 2.97181 -0.00125856 -0.967196
-0.516644 -0.0345139 0.228891 2.96558 0.00162982 -0.967787
-0.516644 -0.0309842 0.228691 2.96023 0.00449773 -0.965979
-0.516651 -0.0274726 0.228486 2.95885 0.00564471 -0.963117
-0.516649 -0.0239752 0.228373 2.95912 0.00538968 -0.96387
-0.516635 -0.0204906 0.228283 2.96023 0.00384981 -0.969809
-0.516612 -0.0170041 0.228177 2.95984 0.00244993 -0.979115
-0.516593 -0.0134948 0.227986 2.95581 0.00327613 -0.985555
-0.516582 -0.00996939 0.227778 2.9498 0.0057135 -0.988233
-0.516581 -0.00643823 0.227538 2.94405 0.00877213 -0.986751
-0.516586 -0.00293675 0.227366 2.94432 0.00894494 -0.98508
-0.516586 0.000548962 0.22725 2.94693 0.00754443 -0.985839
-0.516582 0.00404168 0.22714 2.94783 0.0068106 -0.987485
-0.516582 0.00753224 0.226984 2.9495 0.00587991 -0.988161
-0.516582 0.0110418 0.226801 2.94781 0.00682042 -0.987496
-0.516585 0.0145799 0.22657 2.94126 0.0105769 -0.984297
-0.516586 0.0181179 0.226296 2.93435 0.0142932 -0.982122
-0.516581 0.0216335 0.226047 2.93086 0.0157587 -0.983179
-0.516571 0.0251229 0.225843 2.93158 0.0146467 -0.987269
-0.51656 0.028595 0.225739 2.93524 0.011829 -0.992902
-0.516548 0.0320816 0.225647 2.93622 0.0104212 -0.997894
-0.516534 0.0355676 0.225479 2.93691 0.00894048 -1.00398
-0.516518 0.0390472 0.225341 2.9386 0.00680572 -1.01092
-0.516506 0.0425299 0.22522 2.94022 0.00500214 -1.01618
-0.516501 0.0460151 0.225118 2.94214 0.00347659 -1.01916
-0.516503 0.0495015 0.225046 2.94484 0.00210199 -1.01922
-0.516513 0.0530091 0.224977 2.94489 0.00292371 -1.01475
-0.516535 0.0565333 0.224822 2.94327 0.00547907 -1.00549
-0.516559 0.0600589 0.2246 2.94177 0.0082002 -0.994957
-0.516577 0.0635808 0.22438 2.93997 0.0104836 -0.98743
-0.516586 0.0670885 0.224149 2.93971 0.0113054 -0.983665
-0.51659 0.0705837 0.223946 2.94106 0.0108663 -0.98251
-0.516594 0.0740751 0.223826 2.94314 0.0100569 -0.981462
-0.513082 0.0740582 0.221147 2.94474 0.00832963 -0.986757
-0.513067 0.070556 0.221289 2.94326 0.00802184 -0.992377
-0.513058 0.067076 0.221426 2.93844 0.00992541 -0.994723
-0.513055 0.0636009 0.221638 2.93357 0.0123715 -0.994306
-0.513051 0.0601056 0.221886 2.93222 0.0127984 -0.995488
-0.51304 0.0565925 0.222111 2.93322 0.0114228 -1.00021
-0.513026 0.0530676 0.222235 2.93586 0.00884555 -1.007
-0.51301 0.049536 0.222262 2.93957 0.00559878 -1.01448
-0.512996 0.0460094 0.222309 2.9425 0.00284229 -1.02134
-0.512983 0.0424995 0.222417 2.94257 0.00177367 -1.02679
-0.51298 0.0390044 0.222517 2.94126 0.00226535 -1.02768
-0.512991 0.0355221 0.22265 2.93955 0.00413874 -1.02249
-0.513006 0.0320261 0.222803 2.94084 0.00462049 -1.01657
-0.513016 0.0285163 0.222925 2.94392 0.00367312 -1.01337
-0.513016 0.0250236 0.223073 2.94262 0.00441291 -1.01292
-0.51301 0.0215563 0.22331 2.93584 0.00767106 -1.01351
-0.513002 0.0180942 0.223539 2.92787 0.011417 -1.01452
-0.51299 0.0146146 0.223747 2.92257 0.0133714 -1.01789
-0.512979 0.0111055 0.223976 2.92279 0.0123636 -1.02241
-0.51297 0.00758133 0.224176 2.92596 0.00984414 -1.02712
-0.512961 0.00406859 0.224291 2.92718 0.00848866 -1.03086
-0.51296 0.000564334 0.224416 2.92782 0.00804522 -1.03148
-0.512968 -0.00293453 0.224561 2.9287 0.00821468 -1.02839
-0.512971 -0.00642733 0.224764 2.92768 0.00896525 -1.0272
-0.512965 -0.00992235 0.225009 2.92601 0.00943388 -1.02907
-0.512965 -0.0134251 0.225221 2.92649 0.00915235 -1.02926
-0.512975 -0.0169353 0.225398 2.92966 0.00817205 -1.02611
-0.512995 -0.0204388 0.225532 2.93302 0.00794876 -1.01862
-0.513018 -0.0239387 0.225672 2.93596 0.008093 -1.01028
-0.513036 -0.0274387 0.225823 2.93829 0.00820676 -1.00359
-0.513044 -0.0309394 0.225973 2.93953 0.00819283 -1.00044
-0.513037 -0.0344448 0.226108 2.93959 0.00761664 -1.00334
-0.513021 -0.0379648 0.226197 2.94109 0.00552867 -1.01057
-0.513001 -0.041485 0.226266 2.94222 0.00339629 -1.01894
-0.512984 -0.0449863 0.226322 2.94015 0.00318182 -1.02555
-0.512971 -0.0484771 0.22641 2.9368 0.00406153 -1.02977
-0.512961 -0.0519786 0.226526 2.93567 0.00385834 -1.03378
-0.512957 -0.0554928 0.226638 2.93775 0.00238195 -1.03589
-0.512965 -0.0590097 0.226721 2.94181 0.000653758 -1.03405
-0.512984 -0.0625156 0.226814 2.94541 0.000115868 -1.02719
-0.513014 -0.066015 0.22693 2.94925 0.000275494 -1.01597
-0.513047 -0.0695315 0.22697 2.95645 -0.00130162 -1.00469
-0.513074 -0.0730672 0.226941 2.96636 -0.00485677 -0.996568
-0.513095 -0.0765902 0.226874 2.97318 -0.0071467 -0.989991
-0.513118 -0.0800956 0.226863 2.97695 -0.00766901 -0.981925
-0.513151 -0.083591 0.226969 2.9802 -0.00719946 -0.969365
-0.51319 -0.0870593 0.227121 2.97912 -0.00404489 -0.953239
-0.509681 -0.0870252 0.224611 2.97176 -0.000824713 -0.954886
-0.509664 -0.083513 0.224465 2.96753 0.00028365 -0.960308
-0.509642 -0.080024 0.224389 2.96693 -0.000842719 -0.968842
-0.509626 -0.0765558 0.224402 2.97067 -0.00396076 -0.976746
-0.50961 -0.0730823 0.224391 2.97358 -0.00658111 -0.983983
-0.509596 -0.0695838 0.224349 2.97206 -0.00673776 -0.989386
-0.509586 -0.0660547 0.224304 2.96559 -0.00386757 -0.991272
-0.50957 -0.0625269 0.22423 2.9585 -0.00116737 -0.995781
-0.509541 -0.0590174 0.224071 2.95309 -0.000316998 -1.00597
-0.509509 -0.0555129 0.223829 2.94812 1.86603e-05 -1.0177
-0.509477 -0.0520002 0.22364 2.94159 0.00118011 -1.02899
-0.509447 -0.0484906 0.223481 2.93583 0.00203971 -1.03969
-0.509426 -0.0449955 0.223377 2.93381 0.00144286 -1.04798
-0.509414 -0.0415197 0.223269 2.93651 -0.00113856 -1.05392
-0.50941 -0.0380382 0.2232 2.93933 -0.00309414 -1.05632
-0.509414 -0.034543 0.22317 2.9407 -0.00359271 -1.05518
-0.509427 -0.0310395 0.223146 2.9418 -0.00319075 -1.05022
-0.509443 -0.0275265 0.223052 2.94175 -0.00177479 -1.04317
-0.509459 -0.0240089 0.22288 2.94078 0.000121473 -1.03602
-0.509473 -0.0204865 0.222726 2.9386 0.00249831 -1.02958
-0.509475 -0.0169627 0.222576 2.93452 0.00495114 -1.02763
-0.509466 -0.0134457 0.222351 2.93033 0.00663932 -1.0298
-0.509456 -0.00993877 0.22214 2.92771 0.00728291 -1.03324
-0.509448 -0.00644045 0.221969 2.92694 0.00706036 -1.0363
-0.509443 -0.00293343 0.221781 2.92495 0.00774999 -1.03791
-0.509434 0.000577635 0.221548 2.92175 0.00883108 -1.0406
-0.509424 0.00406715 0.221396 2.9222 0.00767689 -1.04513
-0.509414 0.00755105 0.221276 2.92374 0.0059413 -1.04978
-0.509403 0.0110538 0.221066 2.92175 0.00616281 -1.05371
-0.509399 0.0145757 0.220818 2.91732 0.00843201 -1.05379
-0.509403 0.0181018 0.220632 2.91311 0.011195 -1.05097
-0.509411 0.0216086 0.220443 2.91296 0.0119642 -1.04769
-0.509423 0.0250792 0.220215 2.91995 0.00898964 -1.04472
-0.509436 0.0285513 0.220056 2.92684 0.00616367 -1.04119
-0.509449 0.0320524 0.219932 2.92829 0.00635175 -1.03656
-0.509457 0.0355732 0.21979 2.92561 0.00855363 -1.03239
-0.509458 0.0390802 0.219659 2.92447 0.00928113 -1.03165
-0.509451 0.0425622 0.219517 2.92692 0.00738858 -1.03491
-0.509442 0.0460295 0.219379 2.93151 0.00396804 -1.04037
-0.509431 0.0495066 0.219306 2.93415 0.00153352 -1.0458
-0.509419 0.0529981 0.219255 2.93406 0.000597884 -1.05075
-0.509407 0.0565028 0.219098 2.93153 0.00104229 -1.05509
-0.509396 0.0600191 0.218868 2.92712 0.00270989 -1.05821
-0.509392 0.0635509 0.21866 2.92076 0.00603994 -1.05811
-0.509393 0.0670721 0.218502 2.91707 0.00827819 -1.05657
-0.509394 0.0705647 0.218367 2.91853 0.00750374 -1.05666
-0.509396 0.0740411 0.218195 2.92308 0.00503236 -1.05717
-0.505887 0.0740215 0.215256 2.92538 0.00291899 -1.06161
-0.50588 0.0705225 0.215426 2.92418 0.00298396 -1.06434
-0.505873 0.0670419 0.215582 2.91967 0.00501063 -1.06595
-0.505861 0.0635582 0.215726 2.91513 0.00666173 -1.06938
-0.505846 0.0600592 0.215889 2.91283 0.0066741 -1.07497
-0.505832 0.0565552 0.216045 2.9115 0.00616264 -1.08061
-0.505824 0.0530446 0.216154 2.91216 0.00496745 -1.0845
-0.505821 0.0495252 0.216237 2.91516 0.00285481 -1.08683
-0.505826 0.0460103 0.216363 2.91856 0.0012635 -1.08572
-0.505836 0.0425127 0.2165 2.9196 0.00157223 -1.08169
-0.505845 0.0390357 0.216638 2.91679 0.00409477 -1.07693
-0.505851 0.0355599 0.216811 2.9134 0.00673377 -1.07304
-0.505857 0.0320609 0.217015 2.91407 0.00687877 -1.07071
-0.505866 0.0285405 0.21719 2.91896 0.00475107 -1.06857
-0.505879 0.0250231 0.217368 2.9239 0.00295502 -1.06469
-0.505891 0.0215391 0.217596 2.92277 0.00472166 -1.05905
-0.505896 0.0180614 0.217767 2.91951 0.00710244 -1.0558
-0.505891 0.0145683 0.217903 2.91745 0.00779733 -1.05756
-0.505879 0.0110637 0.218115 2.91664 0.00723677 -1.06226
-0.505873 0.00755593 0.218321 2.91717 0.00637423 -1.06503
-0.505876 0.00405731 0.218452 2.9174 0.00654148 -1.06367
-0.505882 0.000573113 0.218609 2.91545 0.0082574 -1.06038
-0.505886 -0.00292482 0.218865 2.91555 0.0084981 -1.05899
-0.505888 -0.00642903 0.219045 2.91659 0.00806773 -1.05848
-0.505889 -0.00992577 0.219175 2.91612 0.00841748 -1.05796
-0.505887 -0.0134108 0.219351 2.91323 0.00997816 -1.05766
-0.505887 -0.0168937 0.219582 2.91007 0.0117775 -1.05687
-0.505884 -0.0203946 0.219747 2.9098 0.0116543 -1.0581
-0.505875 -0.0239125 0.219875 2.9118 0.00970895 -1.0624
-0.505863 -0.0274339 0.22004 2.91392 0.00736729 -1.06822
-0.505852 -0.0309578 0.220136 2.91661 0.00475876 -1.07388
-0.505842 -0.0344862 0.22012 2.92037 0.00166341 -1.07907
-0.505836 -0.0380153 0.220158 2.92462 -0.00150166 -1.08328
-0.505833 -0.0415405 0.220252 2.92856 -0.00424303 -1.08621
-0.505831 -0.0450394 0.220349 2.92807 -0.00412314 -1.0869
-0.505831 -0.0485192 0.220406 2.92462 -0.0019256 -1.08533
-0.505837 -0.0519921 0.22054 2.92059 0.00103905 -1.08162
-0.505851 -0.0554783 0.220789 2.92021 0.0025906 -1.0753
-0.505875 -0.058958 0.221096 2.91997 0.0049013 -1.06505
-0.505901 -0.0624331 0.221299 2.91915 0.00771191 -1.05377
-0.505922 -0.0659361 0.221359 2.92258 0.00753888 -1.04602
-0.505933 -0.0694719 0.221415 2.93053 0.00384933 -1.04394
-0.50594 -0.0730104 0.221558 2.93841 -0.000139846 -1.04346
-0.505954 -0.076541 0.22166 2.94577 -0.00330392 -1.04004
-0.505972 -0.0800426 0.221633 2.94846 -0.00342671 -1.03338
-0.505989 -0.083517 0.221692 2.94615 -0.000726632 -1.02545
-0.506001 -0.0869972 0.221887 2.94424 0.00135896 -1.0196
-0.502505 -0.0869893 0.219232 2.94326 0.00217745 -1.01787
-0.50251 -0.0834745 0.219008 2.94126 0.00370138 -1.01515
-0.502509 -0.0799753 0.218918 2.94136 0.00362591 -1.01529
-0.502493 -0.0764933 0.218875 2.94246 0.00172643 -1.02246
-0.502469 -0.0730213 0.218716 2.94433 -0.00121773 -1.03301
-0.502447 -0.0695463 0.218581 2.94578 -0.00385174 -1.04298
-0.502432 -0.0660361 0.218538 2.94194 -0.00282522 -1.04796
-0.502428 -0.0624985 0.21846 2.93469 0.00109812 -1.04717
-0.50243 -0.0589649 0.218275 2.92895 0.00461832 -1.0444
-0.502424 -0.0554355 0.217959 2.92278 0.00762841 -1.04516
-0.50241 -0.0519139 0.217677 2.91701 0.00977562 -1.04907
-0.502394 -0.0484087 0.217476 2.91375 0.0101915 -1.05506
-0.502377 -0.044929 0.217356 2.91508 0.00795258 -1.06246
-0.50236 -0.0414662 0.217231 2.91928 0.00391465 -1.07126
-0.50234 -0.0379909 0.217121 2.9208 0.00117587 -1.08046
-0.502315 -0.0345047 0.217058 2.91971 -0.00040481 -1.09064
-0.502293 -0.0310137 0.217002 2.91798 -0.00146114 -1.09992
-0.502278 -0.0275215 0.216896 2.91717 -0.0023682 -1.1061
-0.50227 -0.0240255 0.216773 2.91663 -0.00283815 -1.10959
-0.502269 -0.0205127 0.216663 2.91425 -0.00142372 -1.10912
-0.502277 -0.0169864 0.21653 2.91084 0.00153294 -1.10428
-0.502294 -0.0134696 0.216361 2.91041 0.00347046 -1.09666
-0.50232 -0.00996572 0.21624 2.91345 0.00403092 -1.08668
-0.502345 -0.00646468 0.216121 2.91697 0.00428085 -1.0768
-0.502366 -0.00295597 0.21595 2.91841 0.00533513 -1.06828
-0.502383 0.000566103 0.215726 2.91681 0.00779157 -1.06068
-0.502392 0.00407808 0.215568 2.91602 0.00912275 -1.05633
-0.502396 0.00757556 0.215433 2.91693 0.0088805 -1.05524
-0.5024 0.0110645 0.21524 2.91953 0.00774432 -1.05423
-0.502411 0.0145546 0.215066 2.92287 0.00677566 -1.05054
-0.502428 0.0180629 0.214946 2.92368 0.00775002 -1.04375
-0.502444 0.0215726 0.214822 2.92413 0.00886263 -1.03716
-0.502451 0.0250638 0.214636 2.92672 0.00800529 -1.03487
-0.502442 0.0285593 0.214445 2.92622 0.00747698 -1.03878
-0.502425 0.0320688 0.214225 2.92218 0.00835192 -1.04461
-0.502408 0.0355865 0.213973 2.9166 0.0100645 -1.05013
-0.502394 0.0390913 0.213745 2.91389 0.0104593 -1.05489
-0.502385 0.0425797 0.213582 2.91472 0.00918131 -1.05894
-0.502377 0.0460659 0.213431 2.91597 0.00767371 -1.06301
-0.502364 0.049555 0.21327 2.9161 0.00643349 -1.06857
-0.502349 0.0530478 0.213184 2.91536 0.00558603 -1.07441
-0.50234 0.0565418 0.213092 2.91499 0.00489258 -1.07854
-0.502334 0.0600411 0.212929 2.91437 0.00477989 -1.08061
-0.502332 0.0635466 0.212725 2.91299 0.00536077 -1.08132
-0.502334 0.0670568 0.212546 2.91158 0.00647447 -1.07964
-0.502339 0.0705486 0.212401 2.91376 0.00562178 -1.07823
-0.50234 0.0740319 0.212255 2.91681 0.00383526 -1.07899
-0.498851 0.0740316 0.209362 2.91854 0.00385441 -1.07459
-0.498869 0.0705333 0.209495 2.92069 0.00412736 -1.06794
-0.498885 0.0670398 0.209652 2.9218 0.00490968 -1.06142
-0.498898 0.0635476 0.209875 2.92221 0.00581796 -1.05603
-0.498908 0.0600453 0.210086 2.92402 0.00562595 -1.0524
-0.498918 0.0565396 0.210284 2.92643 0.0050924 -1.0489
-0.498926 0.0530403 0.210387 2.92744 0.00520248 -1.04578
-0.498932 0.0495436 0.210468 2.92767 0.0055796 -1.04333
-0.498937 0.0460414 0.210615 2.92876 0.00538405 -1.04153
-0.49894 0.0425353 0.210782 2.93027 0.00477148 -1.04071
-0.498936 0.0390456 0.210922 2.92788 0.00581358 -1.04163
-0.498932 0.0355743 0.211149 2.92218 0.00875398 -1.04147
-0.498935 0.0320919 0.211447 2.91941 0.0106017 -1.03934
-0.498947 0.0286023 0.211682 2.9191 0.0117702 -1.03441
-0.49897 0.0251077 0.211896 2.92122 0.012511 -1.02553
-0.498997 0.0216093 0.212133 2.92452 0.0128884 -1.0154
-0.499011 0.0181003 0.212284 2.92796 0.0120861 -1.01082
-0.499024 0.0145784 0.212457 2.93368 0.00997668 -1.00706
-0.499039 0.0110608 0.212642 2.93886 0.00830913 -1.00234
-0.499046 0.00755825 0.212793 2.94024 0.00810351 -0.999813
-0.499046 0.00407601 0.212948 2.93699 0.00986712 -0.998903
-0.499046 0.000593805 0.213135 2.93371 0.0116298 -0.998044
-0.499046 -0.00290775 0.213361 2.93396 0.0114735 -0.998234
-0.49904 -0.00642441 0.2135 2.93624 0.00978077 -1.00131
-0.499021 -0.00995248 0.213571 2.93896 0.0068745 -1.00967
-0.498988 -0.0134699 0.213624 2.93775 0.00494361 -1.02309
-0.498945 -0.0169717 0.213701 2.93236 0.00454177 -1.03919
-0.498904 -0.0204767 0.213745 2.92756 0.00382365 -1.05511
-0.498874 -0.0239901 0.213824 2.92575 0.00227365 -1.06735
-0.498853 -0.0275078 0.213915 2.92595 0.000314498 -1.07632
-0.498837 -0.0310172 0.213974 2.92529 -0.000755669 -1.08313
-0.498827 -0.0345121 0.21403 2.92298 -0.000244492 -1.08659
-0.498826 -0.038014 0.214095 2.9231 -0.000451796 -1.08726
-0.498831 -0.0415236 0.214147 2.9256 -0.00148166 -1.08572
-0.498838 -0.0450198 0.214248 2.9259 -0.00104228 -1.08288
-0.498846 -0.048488 0.214448 2.92135 0.00243203 -1.07803
-0.498856 -0.0519444 0.214733 2.91497 0.00717577 -1.07169
-0.498868 -0.0554072 0.214987 2.91001 0.0112262 -1.06501
-0.498874 -0.058899 0.215207 2.90947 0.0121444 -1.06203
-0.498866 -0.0624119 0.215394 2.91059 0.0107127 -1.06603
-0.498848 -0.0659384 0.215526 2.91277 0.00779166 -1.07438
-0.498834 -0.0694723 0.215573 2.91694 0.00408828 -1.08142
-0.498835 -0.0729875 0.215661 2.91978 0.00244654 -1.08199
-0.498851 -0.0764757 0.21576 2.91995 0.0038036 -1.07522
-0.498874 -0.0799599 0.215902 2.92042 0.00563148 -1.06544
-0.498894 -0.0834528 0.216095 2.92195 0.00649453 -1.05749
-0.498911 -0.0869529 0.216376 2.92434 0.00658926 -1.05101
-0.495424 -0.0869505 0.213572 2.92563 0.00691537 -1.04616
-0.495434 -0.0834475 0.213365 2.92651 0.00728671 -1.04209
-0.495446 -0.0799363 0.213213 2.92611 0.00852198 -1.037
-0.495459 -0.0764152 0.213067 2.92409 0.0107941 -1.03085
-0.495461 -0.0729193 0.212975 2.92511 0.010386 -1.03031
-0.495447 -0.069439 0.212845 2.92675 0.00828172 -1.03672
-0.495426 -0.0659637 0.212688 2.92827 0.00560707 -1.04625
-0.495413 -0.0624856 0.212491 2.93046 0.00326516 -1.0523
-0.495414 -0.0589746 0.212348 2.92859 0.00441814 -1.05141
-0.495417 -0.0554315 0.212157 2.92125 0.00895383 -1.04777
-0.495416 -0.0518932 0.211892 2.91423 0.0129243 -1.04594
-0.495416 -0.0483873 0.211599 2.91316 0.013543 -1.04559
-0.495419 -0.0449127 0.211412 2.91821 0.010928 -1.04575
-0.495431 -0.0414456 0.211371 2.9258 0.00757333 -1.04306
-0.495447 -0.0379559 0.211389 2.92984 0.00659099 -1.03763
-0.49546 -0.0344531 0.211322 2.93112 0.00695624 -1.03251
-0.495463 -0.030961 0.211199 2.93293 0.00616423 -1.03188
-0.495453 -0.0274734 0.21104 2.93381 0.00483612 -1.03636
-0.495434 -0.0239735 0.210851 2.93118 0.0047218 -1.04373
-0.49541 -0.0204774 0.210685 2.92862 0.0042095 -1.05286
-0.495397 -0.016999 0.210614 2.93066 0.00187367 -1.05919
-0.495402 -0.0135408 0.210641 2.93889 -0.00254484 -1.05957
-0.495426 -0.0100805 0.210705 2.94922 -0.00674522 -1.05297
-0.495466 -0.00658543 0.210785 2.95554 -0.00722912 -1.03802
-0.495511 -0.00305805 0.210781 2.95658 -0.00429674 -1.01952
-0.495561 0.000484515 0.210703 2.9554 0.000215885 -0.998324
-0.495612 0.00401489 0.210574 2.95625 0.00347392 -0.977925
-0.495647 0.00752109 0.21041 2.95947 0.00424969 -0.964544
-0.495668 0.0110089 0.210262 2.9642 0.0031643 -0.957606
-0.495679 0.0145087 0.210111 2.96554 0.00319778 -0.953624
-0.495683 0.0180139 0.209907 2.96503 0.00370718 -0.952012
-0.495689 0.0215311 0.209718 2.96257 0.00536523 -0.948979
-0.495692 0.0250711 0.209481 2.95556 0.00916298 -0.945829
-0.495682 0.0286066 0.209191 2.94789 0.012417 -0.947478
-0.495661 0.0321294 0.208866 2.94117 0.0143663 -0.953965
-0.495641 0.0356433 0.20856 2.93615 0.0154934 -0.960604
-0.495625 0.0391297 0.208312 2.93674 0.0140602 -0.967005
-0.495612 0.0426063 0.208149 2.93937 0.0117114 -0.973131
-0.495597 0.0460891 0.207983 2.94069 0.00993955 -0.979458
-0.495594 0.0495764 0.20787 2.94268 0.00868594 -0.981104
-0.495605 0.053068 0.207824 2.94559 0.00794011 -0.977467
-0.495613 0.0565637 0.207658 2.9474 0.00757106 -0.974696
-0.495609 0.0600639 0.207413 2.94686 0.00756957 -0.976137
-0.495604 0.0635641 0.207259 2.94619 0.00755338 -0.978031
-0.495601 0.0670683 0.207122 2.94503 0.00794301 -0.978948
-0.495592 0.0705734 0.206903 2.943 0.0083769 -0.981914
-0.495575 0.0740821 0.206681 2.93921 0.00910764 -0.987882
-0.492078 0.074091 0.203952 2.93799 0.0100019 -0.98624
-0.492081 0.0705972 0.204245 2.93717 0.0106262 -0.985001
-0.492088 0.0671066 0.204548 2.93643 0.0116114 -0.981614
-0.492103 0.0636084 0.20472 2.93797 0.0119 -0.976085
-0.492121 0.0601117 0.204866 2.9395 0.0123669 -0.969542
-0.492157 0.0566067 0.205236 2.9449 0.0121747 -0.956416
-0.4922 0.0530896 0.20555 2.95313 0.0108578 -0.941843
-0.49222 0.0495682 0.205571 2.95936 0.00897701 -0.935887
-0.492227 0.0460603 0.205631 2.96163 0.00828951 -0.933737
-0.492234 0.0425563 0.205805 2.96323 0.00795842 -0.931282
-0.492245 0.0390618 0.206003 2.96345 0.00853433 -0.927134
-0.492258 0.0355936 0.206281 2.95905 0.011557 -0.920899
-0.492278 0.0321367 0.20663 2.95336 0.0156709 -0.911462
-0.492306 0.028681 0.207065 2.94815 0.0199327 -0.89973
-0.492322 0.0252053 0.207343 2.94538 0.0222718 -0.892896
-0.492324 0.0216778 0.20752 2.95079 0.0198691 -0.893368
-0.492339 0.018143 0.207815 2.95895 0.0169418 -0.889557
-0.492367 0.0146043 0.208077 2.96924 0.0137461 -0.881349
-0.492407 0.0110672 0.208272 2.98034 0.0107612 -0.86911
-0.492441 0.00756342 0.208364 2.9846 0.0106496 -0.857196
-0.492464 0.00407713 0.208546 2.98434 0.0119677 -0.848621
-0.492469 0.0005818 0.208727 2.98403 0.0123993 -0.846448
-0.492446 -0.0029425 0.208674 2.98626 0.0102184 -0.855621
-0.49239 -0.00650167 0.208429 2.99146 0.00494818 -0.878338
-0.492321 -0.0100801 0.208209 2.99853 -0.00203728 -0.907178
-0.492248 -0.0136323 0.208036 2.9999 -0.00675082 -0.936638
-0.492178 -0.0171412 0.207876 2.99334 -0.00752266 -0.96289
-0.492121 -0.0206063 0.20786 2.9802 -0.00416794 -0.981687
-0.492088 -0.0240539 0.208002 2.96663 0.000900066 -0.990884
-0.492084 -0.0275186 0.208257 2.9597 0.00437581 -0.990456
-0.4921 -0.0309904 0.208525 2.95663 0.00722906 -0.982817
-0.492119 -0.0344766 0.208725 2.95646 0.00867178 -0.975098
-0.492124 -0.0379939 0.208837 2.96018 0.00701446 -0.974334
-0.492114 -0.041531 0.208778 2.96571 0.00337583 -0.980048
-0.492088 -0.0450527 0.208748 2.9664 0.0011888 -0.990998
-0.492049 -0.0485277 0.208845 2.95704 0.00353989 -1.00376
-0.492014 -0.0519667 0.209009 2.94135 0.0094306 -1.01368
-0.491989 -0.0554191 0.209273 2.92943 0.0140266 -1.02037
-0.491974 -0.0589259 0.209507 2.92864 0.01324 -1.02641
-0.491963 -0.0624639 0.209694 2.93418 0.00930424 -1.03227
-0.491964 -0.0659772 0.209915 2.93666 0.00794009 -1.03281
-0.491974 -0.069468 0.210053 2.93633 0.00893396 -1.02858
-0.491989 -0.072942 0.210185 2.93364 0.0116863 -1.02144
-0.492002 -0.0764209 0.210421 2.9315 0.0139204 -1.01548
-0.492004 -0.0799257 0.21061 2.93261 0.0134469 -1.01509
-0.491995 -0.0834302 0.21072 2.93229 0.0129385 -1.01853
-0.49199 -0.0869289 0.210853 2.93143 0.0130322 -1.02026
-0.488484 -0.0869229 0.208051 2.92946 0.013598 -1.02239
-0.48849 -0.0834377 0.207995 2.93298 0.0121316 -1.02087
-0.488516 -0.0799525 0.207996 2.93908 0.0107876 -1.01196
-0.488559 -0.0764409 0.207895 2.94252 0.0122333 -0.995314
-0.488609 -0.0729169 0.207733 2.94431 0.0149524 -0.975946
-0.488653 -0.0694041 0.207643 2.94739 0.0165349 -0.959015
-0.488672 -0.0659185 0.207506 2.95227 0.0153041 -0.952975
-0.488642 -0.0624435 0.207092 2.95328 0.0127503 -0.965193
-0.488567 -0.0589311 0.20645 2.94177 0.0134358 -0.991872
-0.488501 -0.0553901 0.206058 2.92571 0.0168991 -1.0143
-0.48845 -0.0518703 0.205782 2.9153 0.0184247 -1.03223
-0.488417 -0.0484108 0.205667 2.91818 0.0140265 -1.04677
-0.488404 -0.0449893 0.205655 2.93049 0.00577534 -1.05624
-0.488411 -0.0415544 0.205732 2.94307 -0.00108743 -1.0575
-0.488433 -0.0380793 0.205812 2.9505 -0.00369588 -1.05069
-0.488458 -0.0345529 0.20576 2.94918 -0.000862844 -1.03958
-0.488474 -0.0309995 0.205582 2.94174 0.00473847 -1.03045
-0.488475 -0.0274448 0.205297 2.93202 0.0103453 -1.02693
-0.488464 -0.023901 0.205007 2.92262 0.0147121 -1.02861
-0.488446 -0.0204023 0.204834 2.92044 0.0144404 -1.03538
-0.488429 -0.0169642 0.204829 2.92937 0.00796635 -1.04511
-0.488425 -0.0135598 0.204981 2.94592 -0.00204144 -1.0523
-0.488445 -0.0101614 0.20527 2.9666 -0.0128448 -1.0512
-0.488489 -0.00671337 0.205621 2.98162 -0.0185406 -1.03793
-0.488576 -0.0032076 0.206137 2.9919 -0.0182605 -1.00451
-0.488707 0.000343763 0.206625 2.99865 -0.0132908 -0.952767
-0.488839 0.00388892 0.206669 3.00539 -0.00897254 -0.902212
-0.488959 0.00741061 0.206655 3.01402 -0.00691767 -0.858314
-0.48906 0.0109046 0.206713 3.02513 -0.00738391 -0.823089
-0.489132 0.0143826 0.206758 3.03605 -0.00921827 -0.798856
-0.489159 0.0178947 0.206429 3.03624 -0.00823992 -0.788965
-0.489139 0.0214288 0.205924 3.02809 -0.00556312 -0.79398
-0.48915 0.0250141 0.205946 3.01307 0.00125012 -0.786273
-0.489198 0.0286011 0.20592 3.001 0.00839581 -0.765953
-0.489246 0.0321626 0.205593 2.99345 0.0134934 -0.747457
-0.489278 0.0356976 0.205212 2.98957 0.0164244 -0.735002
-0.489269 0.0391818 0.204675 2.99185 0.0151831 -0.738638
-0.489259 0.0426565 0.204498 2.99582 0.0132469 -0.742993
-0.489239 0.0461352 0.204218 2.99811 0.0115068 -0.750801
-0.489237 0.049601 0.204228 3.00449 0.00894439 -0.752718
-0.489244 0.0530829 0.204218 3.00855 0.00763833 -0.751063
-0.489199 0.0566002 0.203556 3.00125 0.00860282 -0.765797
-0.489117 0.0601336 0.202899 2.98748 0.0104393 -0.792352
-0.489042 0.063657 0.20265 2.97582 0.011575 -0.817404
-0.488978 0.0671619 0.202356 2.96851 0.011364 -0.839454
-0.488927 0.0706407 0.20201 2.96736 0.00915809 -0.857903
-0.488888 0.0741309 0.201714 2.965 0.00798731 -0.872345
-0.485388 0.0741142 0.199645 2.9682 0.00654526 -0.87284
-0.485397 0.0705631 0.199942 2.97868 0.00214305 -0.872094
-0.485413 0.067074 0.200243 2.9783 0.00319401 -0.866035
-0.485436 0.0636586 0.20074 2.96487 0.0106744 -0.854112
-0.485445 0.0602539 0.201039 2.94787 0.0188115 -0.846757
-0.485497 0.0567432 0.201865 2.9551 0.018546 -0.829463
-0.485666 0.053199 0.203513 2.9796 0.0167254 -0.773259
-0.485798 0.049667 0.20362 2.99723 0.0155438 -0.729768
-0.485882 0.0461084 0.203504 3.01535 0.0119539 -0.703536
-0.485996 0.0426242 0.204189 3.02109 0.0139713 -0.664993
-0.486137 0.0391699 0.204905 3.02235 0.0183111 -0.61679
-0.486229 0.0356958 0.205021 3.02339 0.0208312 -0.585959
-0.486301 0.0322478 0.205495 3.01779 0.0246613 -0.560987
-0.486302 0.0288121 0.205351 3.00523 0.0281528 -0.559002
-0.48634 0.0253266 0.20615 3.00464 0.0294786 -0.546596
-0.486207 0.021771 0.204628 3.0073 0.02485 -0.590857
-0.486205 0.0181595 0.205906 3.02893 0.0183773 -0.594809
-0.486238 0.0145835 0.206031 3.04579 0.0141487 -0.586529
-0.486282 0.0110295 0.206096 3.05904 0.0112372 -0.573839
-0.486307 0.00751437 0.205995 3.06356 0.0104945 -0.56589
-0.48633 0.00401781 0.206107 3.06425 0.0107906 -0.558407
-0.486347 0.000531465 0.206183 3.06263 0.0116305 -0.552267
-0.48617 -0.00304639 0.204651 3.06662 0.00692401 -0.613339
-0.485953 -0.00667143 0.203797 3.07523 -0.000389863 -0.691317
-0.485736 -0.0102825 0.202995 3.0787 -0.00692743 -0.771545
-0.485533 -0.0138239 0.202289 3.06787 -0.0087181 -0.845582
-0.48536 -0.0172895 0.201921 3.04403 -0.00479552 -0.905847
-0.485226 -0.0207114 0.201934 3.01499 0.00266549 -0.950205
-0.485119 -0.0241119 0.202047 2.98419 0.0119674 -0.984109
-0.485031 -0.0275266 0.202277 2.95777 0.0199147 -1.01175
-0.484962 -0.0309748 0.202501 2.93935 0.0246675 -1.03474
-0.484908 -0.0344742 0.202625 2.93194 0.0244004 -1.05517
-0.484864 -0.0380264 0.202592 2.93521 0.0187838 -1.07501
-0.484826 -0.0416008 0.202484 2.94298 0.0107833 -1.09452
-0.484795 -0.0451569 0.202408 2.94834 0.00468862 -1.11035
-0.484769 -0.0486555 0.20237 2.94433 0.00486548 -1.1203
-0.48475 -0.0520961 0.202477 2.93105 0.0114609 -1.12388
-0.484735 -0.0555222 0.202703 2.91575 0.0196022 -1.12512
-0.48472 -0.0589856 0.202908 2.90695 0.0235859 -1.1288
-0.484731 -0.0624614 0.203414 2.90436 0.0263539 -1.12295
-0.484893 -0.0659209 0.205262 2.92069 0.0321563 -1.05813
-0.485095 -0.0693796 0.206057 2.93954 0.0383805 -0.980658
-0.485244 -0.0728828 0.206231 2.95768 0.0394677 -0.926758
-0.48533 -0.0764226 0.206269 2.97457 0.036542 -0.897857
-0.485362 -0.079966 0.2062 2.98609 0.0329319 -0.888485
-0.485351 -0.0834827 0.205968 2.98811 0.031424 -0.892982
-0.485313 -0.086967 0.205822 2.98105 0.0325575 -0.905986
-0.481896 -0.086946 0.204568 2.98593 0.0349929 -0.875408
-0.482012 -0.0834639 0.205038 3.00091 0.0341912 -0.835288
-0.482157 -0.08005 0.205573 3.03066 0.0276117 -0.788237
-0.482292 -0.0766275 0.205817 3.0568 0.0216665 -0.745151
-0.482451 -0.0731267 0.206311 3.06919 0.0217947 -0.690489
-0.482576 -0.0695081 0.206054 3.05545 0.0303013 -0.643885
-0.482346 -0.0658899 0.203054 3.01541 0.035748 -0.716863
-0.482104 -0.0623488 0.200946 2.98665 0.0362568 -0.797791
-0.481914 -0.0588126 0.2005 2.96108 0.0369415 -0.862574
-0.481765 -0.0552726 0.200127 2.93746 0.0384072 -0.913375
-0.481644 -0.0517766 0.19968 2.92405 0.036526 -0.957106
-0.48154 -0.048335 0.199376 2.92207 0.0299537 -0.997704
-0.481445 -0.0449293 0.199239 2.92691 0.0199852 -1.03797
-0.481355 -0.0415102 0.199193 2.92898 0.0112718 -1.07699
-0.481273 -0.0380446 0.199193 2.9233 0.00733943 -1.11052
-0.481207 -0.0345322 0.199135 2.91094 0.00848236 -1.13597
-0.48116 -0.030992 0.198927 2.89654 0.0127872 -1.15185
-0.481135 -0.0274481 0.198637 2.88467 0.0176152 -1.15937
-0.481126 -0.0239191 0.198337 2.87807 0.0208694 -1.16123
-0.481123 -0.0204118 0.198074 2.8763 0.0216904 -1.16194
-0.481118 -0.0169367 0.197888 2.87989 0.0187819 -1.16544
-0.481111 -0.0135155 0.198041 2.89254 0.00962301 -1.17319
-0.481106 -0.010135 0.198584 2.91251 -0.00442957 -1.18292
-0.481125 -0.00675079 0.199461 2.93524 -0.0183496 -1.18377
-0.481249 -0.0033278 0.201514 2.96763 -0.0286455 -1.13973
-0.48174 0.000332598 0.204514 3.00515 -0.0113148 -0.941372
-0.482126 0.00390433 0.205974 3.03194 -0.00431454 -0.800077
-0.482404 0.00739548 0.205665 3.05738 -0.00493308 -0.704882
-0.482594 0.0108797 0.205466 3.07455 -0.00608313 -0.64136
-0.482601 0.0143894 0.204045 3.07319 -0.0054586 -0.638643
-0.482858 0.0424071 0.205143 3.08644 -0.00412387 -0.552499
-0.483069 0.0459213 0.205146 3.09533 -0.00307322 -0.48314
-0.48324 0.0494327 0.205128 3.10134 -0.00224507 -0.427425
-0.483379 0.0529417 0.205096 3.10543 -0.00159117 -0.382739
-0.482844 0.0564604 0.202096 3.07511 -0.00226557 -0.555488
-0.482643 0.0601899 0.199433 3.0175 0.00831583 -0.61371
-0.482504 0.0637691 0.198629 2.99213 0.011359 -0.656673
-0.482384 0.0671891 0.197974 2.9983 0.00495051 -0.69903
-0.482264 0.0705797 0.197659 3.00921 -0.00348581 -0.743854
-0.48215 0.0740332 0.197371 3.00784 -0.00750767 -0.784851
-0.478594 0.073996 0.195763 3.00958 -0.0106395 -0.805861
-0.478817 0.0701546 0.198763 3.09272 -0.0408461 -0.745956
-0.478909 0.0665554 0.197547 3.11868 -0.0496192 -0.71954
-0.478435 0.0630725 0.194547 3.07209 -0.043005 -0.886682
-0.479099 0.0106732 0.197547 3.11151 -0.0392945 -0.648386
-0.479636 0.00730456 0.200547 3.11911 -0.0323328 -0.464634
-0.479974 0.00403664 0.203547 3.0887 -0.0197131 -0.349894
-0.48027 0.000751272 0.206547 3.05597 -0.00868305 -0.253071
-0.479773 -0.00301295 0.203547 3.09057 -0.017325 -0.415227
-0.479232 -0.00656409 0.200547 3.07084 -0.0204377 -0.592674
-0.478835 -0.0100869 0.197547 3.04573 -0.0221278 -0.726687
-0.478543 -0.0135781 0.195 3.01761 -0.0217457 -0.8271
-0.478327 -0.0170543 0.194965 2.99062 -0.0200928 -0.902402
-0.478162 -0.0205202 0.195066 2.9653 -0.0174328 -0.960003
-0.478032 -0.0239912 0.195221 2.94357 -0.0151054 -1.00647
-0.47792 -0.0274739 0.195379 2.92542 -0.0138399 -1.04727
-0.477819 -0.0309687 0.195527 2.90999 -0.013737 -1.08545
-0.47773 -0.0344807 0.195587 2.89873 -0.0154056 -1.12047
-0.47766 -0.0380053 0.19556 2.89184 -0.0183983 -1.14983
-0.477618 -0.0415353 0.195508 2.89028 -0.0219565 -1.16822
-0.477609 -0.0450502 0.195501 2.89119 -0.0237214 -1.17319
-0.477618 -0.0485326 0.195601 2.88974 -0.0216224 -1.16823
-0.477631 -0.0519877 0.195856 2.88417 -0.0162813 -1.16
-0.47764 -0.0554198 0.196299 2.87383 -0.00830794 -1.15209
-0.477647 -0.0588435 0.196853 2.86141 0.000530636 -1.14508
-0.477666 -0.0622412 0.197644 2.8463 0.0124304 -1.13177
-0.4777 -0.06562 0.198676 2.82966 0.0265305 -1.11273
-0.478252 -0.0691692 0.201676 2.91346 0.0296758 -0.911869
-0.478604 -0.0727725 0.204676 2.96946 0.0245836 -0.793507
-0.478904 -0.0764891 0.206374 3.03622 0.00881485 -0.700192
-0.479086 -0.0801397 0.205325 3.07843 -0.00186741 -0.644947
-0.479117 -0.0835914 0.204093 3.07134 0.00127452 -0.632577
-0.47916 -0.0869738 0.20469 3.05165 0.00885521 -0.613915
